age,year_of_study,attendance_rate,avg_assignment_score,midterm_score,study_hours_per_week,extracurricular_activities,part_time_job,financial_aid,previous_gpa,missed_deadlines,library_visits_per_month,online_platform_usage_hrs,gender_F,gender_M,gender_Other,major_Arts,major_Business,major_Computer Science,major_Engineering,major_Science,parent_education_level_Bachelor,parent_education_level_Graduate,parent_education_level_HighSchool,parent_education_level_None,risk_level,final_gpa
1.2456640579119436,0.6342619160647225,-0.09759172234706358,0.3854003665908584,0.14008357084846684,0.1955423943664768,-0.2230389717312203,-0.80520286161417,-0.9291684654932499,0.4093242567004906,-0.2160453670739934,-0.09606473416227178,0.020362125805717505,1.0,0.0,0.0,0.0,0.0,1.0,0.0,0.0,1.0,0.0,0.0,0.0,Medium,2.13
0.5163525485958167,-0.2831854070761493,-0.15116181512215773,-1.1412591703500912,-0.5944624202091605,-0.48402488038116814,0.5604702966454319,-0.80520286161417,-0.9291684654932499,-1.262487595435901,-0.7092996298000055,-0.09606473416227178,-0.24124976891442437,1.0,0.0,0.0,0.0,0.0,0.0,1.0,0.0,1.0,0.0,0.0,0.0,High,1.35
1.9749755672280704,1.5517092392055944,-1.1446435356784477,-1.6392018867000064,-1.7414842370145325,-1.1512363864970379,-1.0065482401078727,1.2419230577438896,1.0762311003195197,-2.179287643381664,1.263717421104043,-1.512252461370208,-1.680115189875205,0.0,1.0,0.0,0.0,1.0,0.0,0.0,0.0,0.0,0.0,1.0,0.0,High,0.38
1.2456640579119436,0.6342619160647225,-0.2534319922382465,0.3799284686089915,0.28134241528262594,0.7515519827963681,-1.0065482401078727,1.2419230577438896,1.0762311003195197,0.1531595374215274,-0.7092996298000055,-0.45011166596425584,-1.0914884267548857,1.0,0.0,0.0,1.0,0.0,0.0,0.0,0.0,1.0,0.0,0.0,0.0,Medium,1.91
-0.2129589607203102,-1.200632730217021,-1.052113375430558,-1.409382171461584,-1.0634417837305687,-1.089457543338161,-1.0065482401078727,1.2419230577438896,-0.9291684654932499,0.01833600095891534,1.263717421104043,-0.8041585977662399,-2.0398315451154003,0.0,0.0,1.0,0.0,1.0,0.0,0.0,0.0,1.0,0.0,0.0,0.0,High,0.92
1.2456640579119436,1.5517092392055944,0.5939494752950597,-0.30953067710627613,0.83507708546453,1.0851577358543028,1.3439795650220843,-0.80520286161417,-0.9291684654932499,0.3688771957617072,-0.7092996298000055,-0.09606473416227178,0.1838695600058062,1.0,0.0,0.0,0.0,1.0,0.0,0.0,0.0,0.0,1.0,0.0,0.0,Medium,2.23
0.5163525485958167,0.6342619160647225,-0.6332926500980043,-2.0386504393763123,-2.447778459185328,-1.5589767513456245,-1.0065482401078727,1.2419230577438896,1.0762311003195197,-2.044464106919052,1.756971683830055,-1.1582055295682239,-1.7128166767152226,1.0,0.0,0.0,0.0,1.0,0.0,0.0,0.0,1.0,0.0,0.0,0.0,High,0.72
0.5163525485958167,0.6342619160647225,-0.5018024223773191,-0.024991982049181804,-0.3458468540050406,0.2943885434206798,-1.0065482401078727,-0.80520286161417,1.0762311003195197,-0.17041695008874166,1.263717421104043,-0.45011166596425584,-0.797175045194726,1.0,0.0,0.0,0.0,1.0,0.0,0.0,0.0,0.0,0.0,1.0,0.0,High,1.6
-0.9422704700364372,-1.200632730217021,1.1491304367823985,-0.10707045177718985,0.6768671796982718,0.7391962141645926,0.5604702966454319,1.2419230577438896,-0.9291684654932499,0.01833600095891534,-1.2025538925260177,0.6120291294416963,-0.20854828207440673,0.0,1.0,0.0,0.0,0.0,0.0,0.0,1.0,0.0,0.0,1.0,0.0,Medium,2.42
0.5163525485958167,-0.2831854070761493,-0.1609018319903568,-0.7418106176737851,-0.20458800957088147,-0.4716691117493928,-1.0065482401078727,-0.80520286161417,-0.9291684654932499,0.4632536712855355,0.2772088956520187,-0.45011166596425584,-0.07774233471433566,0.0,1.0,0.0,0.0,0.0,1.0,0.0,0.0,0.0,0.0,1.0,0.0,High,1.8
-0.2129589607203102,-0.2831854070761493,0.5257693572176673,1.178825573961603,0.4904055050451816,1.011023124063651,-1.0065482401078727,-0.80520286161417,-0.9291684654932499,1.2991595973537315,-0.7092996298000055,1.3201229930456644,1.6881379546466224,1.0,0.0,0.0,0.0,0.0,0.0,0.0,1.0,1.0,0.0,0.0,0.0,Medium,2.59
1.2456640579119436,1.5517092392055944,1.743271465742533,1.6548806983840496,1.0667415903365505,1.912994234183252,-0.2230389717312203,-0.80520286161417,1.0762311003195197,2.0946184624831434,-1.2025538925260177,-0.09606473416227178,1.590033494126569,0.0,0.0,1.0,0.0,1.0,0.0,0.0,0.0,1.0,0.0,0.0,0.0,Low,3.17
-0.2129589607203102,0.6342619160647225,-0.34596215248613615,-0.6269007600545741,0.00447508019167417,-0.3851787313269652,-0.2230389717312203,1.2419230577438896,1.0762311003195197,-0.34568754749013775,0.7704631583780309,-0.09606473416227178,0.5435859152460015,0.0,1.0,0.0,0.0,0.0,1.0,0.0,0.0,0.0,0.0,1.0,0.0,High,1.56
1.9749755672280704,1.5517092392055944,-0.5018024223773191,-0.29858688114254195,-0.4645042833297339,0.08434047668049872,-0.2230389717312203,1.2419230577438896,1.0762311003195197,-0.2243463646737866,0.7704631583780309,-0.09606473416227178,-0.3393542294344775,0.0,1.0,0.0,0.0,0.0,1.0,0.0,0.0,0.0,1.0,0.0,0.0,High,1.72
-0.2129589607203102,-0.2831854070761493,-1.0277633332600606,-1.7158084584461475,-1.9109948503355234,-0.7064287157531247,-1.0065482401078727,1.2419230577438896,-0.9291684654932499,-1.8691935095176562,0.2772088956520187,-0.8041585977662399,-0.6990705846746729,1.0,0.0,0.0,0.0,0.0,1.0,0.0,0.0,0.0,0.0,1.0,0.0,High,0.66
-0.9422704700364372,-1.200632730217021,-1.0667234007328565,-1.2506971299874352,-1.006938245956905,-1.4230632963960956,-0.2230389717312203,1.2419230577438896,1.0762311003195197,0.01833600095891534,1.756971683830055,-0.45011166596425584,-0.3393542294344775,0.0,1.0,0.0,1.0,0.0,0.0,0.0,0.0,1.0,0.0,0.0,0.0,High,0.7
-0.2129589607203102,-0.2831854070761493,-1.061853392298757,-1.464101151280256,-0.916532585519043,0.022561633521621906,-1.0065482401078727,1.2419230577438896,1.0762311003195197,-1.154628766265811,1.263717421104043,-0.45011166596425584,-0.01233936103430012,1.0,0.0,0.0,0.0,0.0,0.0,1.0,0.0,0.0,0.0,1.0,0.0,High,0.89
-1.671581979352564,-1.200632730217021,0.44297921383797667,0.4182317544820617,0.5299579814867459,1.4187634889122376,-0.2230389717312203,-0.80520286161417,-0.9291684654932499,0.01833600095891534,-0.7092996298000055,-0.8041585977662399,0.5435859152460015,1.0,0.0,0.0,0.0,1.0,0.0,0.0,0.0,0.0,1.0,0.0,0.0,Medium,2.35
1.2456640579119436,1.5517092392055944,1.2173105548597905,1.364870105345088,0.7503217788040345,1.023378892695426,0.5604702966454319,1.2419230577438896,1.0762311003195197,1.2317478291224258,-1.2025538925260177,1.3201229930456644,0.8051978099661431,1.0,0.0,0.0,0.0,0.0,0.0,1.0,0.0,0.0,1.0,0.0,0.0,Low,2.56
1.2456640579119436,0.6342619160647225,1.3049707066735814,1.1678817779978683,1.14584654321968,0.8009750573234694,2.9109981017753888,-0.80520286161417,-0.9291684654932499,1.380053719231299,-0.7092996298000055,-0.45011166596425584,1.459227546766498,1.0,0.0,0.0,0.0,0.0,0.0,1.0,0.0,1.0,0.0,0.0,0.0,Low,2.84
0.5163525485958167,0.6342619160647225,-0.10733173921526265,-0.4791595145441595,0.33219559927892317,-0.7805633275437769,0.5604702966454319,-0.80520286161417,-0.9291684654932499,-0.1838993037350029,0.7704631583780309,-0.8041585977662399,0.41277996788593047,1.0,0.0,0.0,0.0,0.0,0.0,0.0,1.0,0.0,1.0,0.0,0.0,High,1.84
-0.9422704700364372,-0.2831854070761493,0.8861499813410273,-0.33689016701561214,-0.34019650022767417,0.22025393163002746,-0.2230389717312203,-0.80520286161417,1.0762311003195197,1.1373713535985968,0.2772088956520187,-0.8041585977662399,0.6089888889260368,1.0,0.0,0.0,0.0,0.0,0.0,0.0,1.0,0.0,1.0,0.0,0.0,Medium,2.41
1.2456640579119436,1.5517092392055944,-0.33135212718383794,-0.30953067710627613,-1.1538474441684305,-0.7311402530166754,-0.2230389717312203,1.2419230577438896,-0.9291684654932499,-0.8040875714630191,0.2772088956520187,-0.45011166596425584,-0.5355631504745841,1.0,0.0,0.0,1.0,0.0,0.0,0.0,0.0,1.0,0.0,0.0,0.0,High,1.4
0.5163525485958167,1.5517092392055944,0.42836918853567807,0.9654215526687824,0.5977622268151425,0.5167923787926364,2.1274888333987367,1.2419230577438896,1.0762311003195197,1.1508537072448584,-1.2025538925260177,0.6120291294416963,-0.17584679523438881,1.0,0.0,0.0,1.0,0.0,0.0,0.0,0.0,0.0,1.0,0.0,0.0,Medium,2.32
0.5163525485958167,0.6342619160647225,0.5939494752950597,0.5823886939380778,0.7164196561398358,0.3932346924748828,0.5604702966454319,-0.80520286161417,-0.9291684654932499,0.9351360489046785,-0.2160453670739934,0.25798219763971225,0.6416903757660544,1.0,0.0,0.0,1.0,0.0,0.0,0.0,0.0,0.0,0.0,1.0,0.0,Medium,2.49
-0.9422704700364372,-1.200632730217021,1.8552816597268205,1.342982513417619,1.4283642320879981,1.9253500028150277,2.1274888333987367,-0.80520286161417,-0.9291684654932499,0.01833600095891534,-1.2025538925260177,4.152498447461537,-0.01233936103430012,0.0,1.0,0.0,0.0,0.0,0.0,1.0,0.0,1.0,0.0,0.0,0.0,Low,3.11
-0.9422704700364372,-0.2831854070761493,0.5793394499927614,0.1282211614431001,0.3886991370525868,1.0975135044860784,1.3439795650220843,-0.80520286161417,-0.9291684654932499,0.11271247648274399,0.2772088956520187,-0.45011166596425584,0.24927253368584176,1.0,0.0,0.0,1.0,0.0,0.0,0.0,0.0,1.0,0.0,0.0,0.0,High,1.99
-0.2129589607203102,-1.200632730217021,0.10207862345101439,-0.23292410536013536,0.07792967929743674,-0.01450567237370427,-0.2230389717312203,1.2419230577438896,-0.9291684654932499,0.01833600095891534,-0.2160453670739934,-0.8041585977662399,-0.273951255754442,0.0,1.0,0.0,0.0,0.0,1.0,0.0,0.0,1.0,0.0,0.0,0.0,Medium,1.74
-1.671581979352564,-1.200632730217021,0.48680928974487175,-0.1836770235233306,-0.10288164157828668,0.31910008068423046,-0.2230389717312203,1.2419230577438896,-0.9291684654932499,0.01833600095891534,0.2772088956520187,0.6120291294416963,0.8378992968061614,1.0,0.0,0.0,1.0,0.0,0.0,0.0,0.0,0.0,0.0,1.0,0.0,Medium,1.87
1.2456640579119436,0.6342619160647225,0.024158488505422942,0.5823886939380778,0.1965871086221305,-0.2492652763774362,-0.2230389717312203,-0.80520286161417,1.0762311003195197,0.12619483012900493,-0.7092996298000055,0.25798219763971225,-0.5028616636345662,1.0,0.0,0.0,0.0,0.0,0.0,0.0,1.0,1.0,0.0,0.0,0.0,Medium,2.2
1.2456640579119436,0.6342619160647225,1.2806206645030842,1.2171288598346734,1.010238052562887,0.9492442809047741,-0.2230389717312203,-0.80520286161417,-0.9291684654932499,1.016030170782246,-0.7092996298000055,-0.09606473416227178,-0.20854828207440673,0.0,1.0,0.0,0.0,0.0,1.0,0.0,0.0,0.0,1.0,0.0,0.0,Low,2.61
0.5163525485958167,1.5517092392055944,-0.9693232320508672,-0.45727192261669075,-0.4080007455560703,-0.21219797048211025,-0.2230389717312203,-0.80520286161417,-0.9291684654932499,-0.21086401102752536,-0.7092996298000055,-0.09606473416227178,-1.0914884267548857,0.0,1.0,0.0,0.0,0.0,0.0,0.0,1.0,0.0,0.0,1.0,0.0,High,1.72
-0.2129589607203102,-0.2831854070761493,-0.7842629115550876,-0.6706759439095116,-1.5154700859198778,-1.2747940728147915,-0.2230389717312203,-0.80520286161417,1.0762311003195197,-1.1276640589732885,-0.2160453670739934,-0.8041585977662399,-1.2222943741149566,0.0,1.0,0.0,0.0,0.0,0.0,0.0,1.0,0.0,1.0,0.0,0.0,High,1.13
-0.9422704700364372,-0.2831854070761493,-0.3995322452612303,0.01878320180575605,-0.48145534466183326,-0.23690950774566089,-0.2230389717312203,-0.80520286161417,-0.9291684654932499,-0.008628706333607131,-0.7092996298000055,0.6120291294416963,0.7070933494460903,1.0,0.0,0.0,0.0,0.0,1.0,0.0,0.0,0.0,0.0,1.0,0.0,High,1.81
-0.9422704700364372,-0.2831854070761493,-0.24369197537004741,-0.2165084114145339,-0.8543786939680134,0.17083085710292617,-1.0065482401078727,-0.80520286161417,1.0762311003195197,-0.35916990113639896,1.263717421104043,-0.45011166596425584,-1.058786939914868,0.0,1.0,0.0,0.0,0.0,0.0,1.0,0.0,0.0,0.0,1.0,0.0,High,1.75
-0.2129589607203102,-1.200632730217021,2.0939120729976937,1.3758139013088226,0.7559721325814005,1.3693404143851362,2.1274888333987367,-0.80520286161417,-0.9291684654932499,0.01833600095891534,-0.7092996298000055,-0.45011166596425584,-0.01233936103430012,0.0,1.0,0.0,0.0,0.0,0.0,0.0,1.0,0.0,0.0,1.0,0.0,Low,2.63
-0.2129589607203102,-1.200632730217021,0.628039534333756,0.13916495740683427,0.5525593965962117,0.47972507289731026,2.1274888333987367,-0.80520286161417,-0.9291684654932499,0.01833600095891534,-0.2160453670739934,0.6120291294416963,0.6743918626060726,1.0,0.0,0.0,0.0,0.0,0.0,0.0,1.0,1.0,0.0,0.0,0.0,Medium,2.15
-0.9422704700364372,-0.2831854070761493,-1.3930139658175202,-1.0482369046583484,-1.6849806992408687,-1.633111363136277,-0.2230389717312203,1.2419230577438896,1.0762311003195197,-1.7748170339938272,1.263717421104043,-0.09606473416227178,-0.3393542294344775,1.0,0.0,0.0,0.0,0.0,1.0,0.0,0.0,1.0,0.0,0.0,0.0,High,0.73
-1.671581979352564,-1.200632730217021,-0.12194176451756089,0.1610525493343034,-0.26674190112191115,-0.44695757448584195,-0.2230389717312203,-0.80520286161417,1.0762311003195197,0.01833600095891534,-0.2160453670739934,-0.45011166596425584,-1.2549958609549743,0.0,1.0,0.0,0.0,1.0,0.0,0.0,0.0,0.0,0.0,1.0,0.0,High,1.51
-0.2129589607203102,0.6342619160647225,-1.3248338477401278,-1.004461720803411,-1.487218317033046,-1.8184478926129075,-1.0065482401078727,-0.80520286161417,1.0762311003195197,-1.4647229001298192,1.263717421104043,-1.1582055295682239,-2.0398315451154003,0.0,1.0,0.0,1.0,0.0,0.0,0.0,0.0,1.0,0.0,0.0,0.0,High,0.98
-0.2129589607203102,-0.2831854070761493,-1.9822849863435552,-1.737696050373616,-2.029652279660217,-1.534265214082074,-0.2230389717312203,1.2419230577438896,-0.9291684654932499,-1.7613346803475662,-0.2160453670739934,-1.512252461370208,-1.8763241109153115,0.0,0.0,1.0,0.0,0.0,1.0,0.0,0.0,0.0,0.0,1.0,0.0,High,0.68
0.5163525485958167,1.5517092392055944,0.6523895765042533,-0.8348328833655276,-0.4758049908844668,-0.07628451553258109,-0.2230389717312203,1.2419230577438896,-0.9291684654932499,-0.49399343759901104,-0.2160453670739934,-0.8041585977662399,0.2819740205258594,1.0,0.0,0.0,0.0,1.0,0.0,0.0,0.0,0.0,0.0,1.0,0.0,Medium,1.62
-0.2129589607203102,0.6342619160647225,1.3147107235417799,-0.008576288103579964,0.30394383039209133,0.6774173710057158,2.1274888333987367,-0.80520286161417,1.0762311003195197,0.7463830978570212,-0.2160453670739934,-0.45011166596425584,0.8378992968061614,1.0,0.0,0.0,0.0,0.0,1.0,0.0,0.0,0.0,1.0,0.0,0.0,Low,2.29
-0.2129589607203102,-0.2831854070761493,1.3585407994486751,1.9777226793142149,1.3944621094237994,1.2457827280673825,-1.0065482401078727,-0.80520286161417,1.0762311003195197,1.6497007921565237,-1.2025538925260177,2.3822637884516165,0.5108844284059836,0.0,1.0,0.0,0.0,0.0,1.0,0.0,0.0,1.0,0.0,0.0,0.0,Low,3.01
0.5163525485958167,1.5517092392055944,-1.7631346068090794,-1.4859887432077248,-1.6284771614672051,-1.3612844532372188,-1.0065482401078727,1.2419230577438896,1.0762311003195197,-2.0849111678578356,0.7704631583780309,-1.1582055295682239,-0.8952795057147792,0.0,1.0,0.0,0.0,0.0,0.0,1.0,0.0,1.0,0.0,0.0,0.0,High,0.65
1.2456640579119436,0.6342619160647225,0.19460878369890408,0.0680302836425608,0.6316643494793404,0.3932346924748828,0.5604702966454319,-0.80520286161417,1.0762311003195197,0.5711125004556254,-0.7092996298000055,0.9660760612436803,0.3473769942058949,0.0,1.0,0.0,0.0,0.0,0.0,1.0,0.0,1.0,0.0,0.0,0.0,Medium,2.19
0.5163525485958167,-0.2831854070761493,0.7351797198839444,0.24860291704417833,-0.10853199535565312,-0.5087364176447188,0.5604702966454319,1.2419230577438896,1.0762311003195197,0.12619483012900493,-1.2025538925260177,-0.09606473416227178,0.020362125805717505,1.0,0.0,0.0,0.0,0.0,0.0,1.0,0.0,0.0,1.0,0.0,0.0,Medium,1.89
-0.2129589607203102,-1.200632730217021,0.783879804224939,0.27049050897164745,0.4113005521620526,0.4673693042655347,0.5604702966454319,-0.80520286161417,-0.9291684654932499,0.01833600095891534,-0.2160453670739934,-0.09606473416227178,-0.5028616636345662,0.0,1.0,0.0,1.0,0.0,0.0,0.0,0.0,0.0,0.0,1.0,0.0,Medium,2.09
-0.2129589607203102,0.6342619160647225,-0.7550428609504908,0.2923781008991162,1.2306018498801754,0.5909269905832883,-0.2230389717312203,-0.80520286161417,1.0762311003195197,0.6924536832719769,-0.2160453670739934,-0.45011166596425584,-0.1431453083943712,0.0,1.0,0.0,0.0,1.0,0.0,0.0,0.0,0.0,0.0,1.0,0.0,High,2.25
-0.2129589607203102,-1.200632730217021,0.584209458426861,-0.7308668217100509,-1.1029942601721334,0.40559046110665786,-0.2230389717312203,-0.80520286161417,-0.9291684654932499,0.01833600095891534,0.2772088956520187,0.25798219763971225,0.9687052441662318,1.0,0.0,0.0,0.0,1.0,0.0,0.0,0.0,1.0,0.0,0.0,0.0,High,1.43
-0.2129589607203102,-1.200632730217021,1.1929605126892933,0.5440854080650076,1.6035251991863553,0.8998212063776724,1.3439795650220843,1.2419230577438896,-0.9291684654932499,0.01833600095891534,-0.2160453670739934,-0.8041585977662399,0.7070933494460903,1.0,0.0,0.0,0.0,0.0,1.0,0.0,0.0,1.0,0.0,0.0,0.0,Low,2.6
-1.671581979352564,-1.200632730217021,0.35531906202418617,-0.6104850661089722,0.9198323921250254,0.44265776700198406,-0.2230389717312203,-0.80520286161417,1.0762311003195197,0.01833600095891534,-0.2160453670739934,0.25798219763971225,-0.4374586899545307,1.0,0.0,0.0,0.0,0.0,1.0,0.0,0.0,1.0,0.0,0.0,0.0,Medium,1.88
1.2456640579119436,0.6342619160647225,1.972161862145207,0.8888149809226412,1.76738545872998,1.8635711596561508,-0.2230389717312203,-0.80520286161417,-0.9291684654932499,1.380053719231299,-1.2025538925260177,-0.09606473416227178,1.0341082178462677,0.0,1.0,0.0,0.0,1.0,0.0,0.0,0.0,1.0,0.0,0.0,0.0,Low,2.85
0.5163525485958167,0.6342619160647225,-0.7112127850435958,-0.5065190044534955,-1.0238893072890043,-0.990611394283958,-0.2230389717312203,-0.80520286161417,-0.9291684654932499,-1.0332875834494601,3.7299887347341034,-0.45011166596425584,-0.6990705846746729,1.0,0.0,0.0,0.0,0.0,1.0,0.0,0.0,0.0,0.0,1.0,0.0,High,1.51
1.2456640579119436,0.6342619160647225,-1.539114218840504,-2.197335480850461,-1.1142949677268659,-1.2130152296559147,-1.0065482401078727,1.2419230577438896,1.0762311003195197,-1.7478523267013049,3.2367344720080915,-1.512252461370208,-0.9606824793948148,0.0,1.0,0.0,0.0,0.0,1.0,0.0,0.0,1.0,0.0,0.0,0.0,High,0.82
0.5163525485958167,0.6342619160647225,0.004678454769025167,1.2609040436896108,0.8520281467966289,1.5917442497570928,1.3439795650220843,-0.80520286161417,1.0762311003195197,0.6520066223331928,-0.7092996298000055,0.25798219763971225,1.2957201125664093,0.0,1.0,0.0,0.0,0.0,1.0,0.0,0.0,1.0,0.0,0.0,0.0,Medium,2.57
0.5163525485958167,-0.2831854070761493,-1.1446435356784477,-0.30953067710627613,-0.9843368308474396,0.010205864889846369,-1.0065482401078727,1.2419230577438896,-0.9291684654932499,-0.7231934495854521,-0.2160453670739934,-1.1582055295682239,-1.0260854530748502,1.0,0.0,0.0,0.0,0.0,0.0,1.0,0.0,0.0,1.0,0.0,0.0,High,1.49
-0.9422704700364372,-0.2831854070761493,-0.10733173921526265,-0.22745220737826807,-0.41365109933343674,-0.01450567237370427,-1.0065482401078727,1.2419230577438896,1.0762311003195197,-0.7231934495854521,-0.2160453670739934,1.3201229930456644,0.6416903757660544,0.0,1.0,0.0,0.0,0.0,0.0,1.0,0.0,0.0,0.0,1.0,0.0,High,1.68
-0.9422704700364372,-1.200632730217021,0.5598594162563637,-0.13442994168652586,-0.28934331623137693,0.022561633521621906,-0.2230389717312203,-0.80520286161417,-0.9291684654932499,0.01833600095891534,-0.7092996298000055,1.3201229930456644,0.5108844284059836,1.0,0.0,0.0,0.0,0.0,0.0,0.0,1.0,0.0,0.0,1.0,0.0,Medium,1.95
-1.671581979352564,-1.200632730217021,-0.07811168861066581,0.1993558352073736,-0.30064402378610944,-0.17513066458678408,2.1274888333987367,1.2419230577438896,1.0762311003195197,0.01833600095891534,0.2772088956520187,-0.09606473416227178,-0.1431453083943712,1.0,0.0,0.0,1.0,0.0,0.0,0.0,0.0,0.0,0.0,1.0,0.0,High,1.79
-0.2129589607203102,0.6342619160647225,-0.9936732742213645,-0.8731361692385983,-0.19893765579351502,0.33145584931600597,-0.2230389717312203,1.2419230577438896,-0.9291684654932499,-0.7097110959391908,-0.2160453670739934,-1.1582055295682239,-0.6990705846746729,0.0,0.0,1.0,0.0,0.0,0.0,1.0,0.0,0.0,0.0,1.0,0.0,High,1.42
-0.9422704700364372,-0.2831854070761493,0.004678454769025167,0.40728795851832755,-0.4193014531108032,0.3067443120524549,-1.0065482401078727,-0.80520286161417,-0.9291684654932499,-0.035593413626129604,-0.7092996298000055,-0.45011166596425584,0.3473769942058949,0.0,1.0,0.0,0.0,0.0,1.0,0.0,0.0,0.0,0.0,1.0,0.0,Medium,2.07
-0.2129589607203102,-0.2831854070761493,0.14103869092380994,1.0146686345055866,0.25309064639579415,0.9245327436412231,0.5604702966454319,-0.80520286161417,-0.9291684654932499,0.7059360369182378,-1.2025538925260177,0.6120291294416963,0.9687052441662318,0.0,1.0,0.0,0.0,0.0,0.0,1.0,0.0,0.0,0.0,1.0,0.0,Medium,2.49
-0.2129589607203102,0.6342619160647225,-0.1706418488585555,0.5276697141194058,-0.696168788201755,-0.21219797048211025,-0.2230389717312203,-0.80520286161417,-0.9291684654932499,0.24753601294535635,-0.2160453670739934,-0.09606473416227178,-1.0260854530748502,0.0,1.0,0.0,0.0,0.0,1.0,0.0,0.0,1.0,0.0,0.0,0.0,Medium,2.09
1.2456640579119436,0.6342619160647225,-0.7745228946868886,-1.4586292532983887,-0.6114134815412595,-0.22455373911388535,-0.2230389717312203,-0.80520286161417,-0.9291684654932499,-0.8580169860480641,0.7704631583780309,-0.8041585977662399,-0.5028616636345662,0.0,1.0,0.0,0.0,1.0,0.0,0.0,0.0,0.0,0.0,1.0,0.0,High,1.28
-0.2129589607203102,-0.2831854070761493,0.267658910210396,0.10086167153376409,-0.2836929624540105,0.9492442809047741,0.5604702966454319,-0.80520286161417,-0.9291684654932499,0.5980772077481479,-0.2160453670739934,1.6741699248476485,0.21657104684582412,0.0,1.0,0.0,0.0,1.0,0.0,0.0,0.0,0.0,0.0,1.0,0.0,Medium,2.39
0.5163525485958167,-0.2831854070761493,-2.0796851550255444,-1.4586292532983887,-1.950547326777088,-1.9667171161942116,-0.2230389717312203,1.2419230577438896,1.0762311003195197,-1.9096405704564396,2.743480209282079,-0.8041585977662399,-1.6147122161951695,0.0,1.0,0.0,0.0,1.0,0.0,0.0,0.0,1.0,0.0,0.0,0.0,High,0.47
0.5163525485958167,-0.2831854070761493,-0.019671587401472138,0.34162518273592096,0.09488074062953608,0.05962893941694764,0.5604702966454319,1.2419230577438896,-0.9291684654932499,0.04530070825143781,0.2772088956520187,3.444404583857568,-0.24124976891442437,1.0,0.0,0.0,0.0,1.0,0.0,0.0,0.0,0.0,1.0,0.0,0.0,Medium,2.18
-1.671581979352564,-1.200632730217021,-0.0537616464401685,-0.8238890874017931,0.3095941841694578,-1.2377267669194651,1.3439795650220843,-0.80520286161417,-0.9291684654932499,0.01833600095891534,-0.2160453670739934,1.6741699248476485,0.5435859152460015,1.0,0.0,0.0,1.0,0.0,0.0,0.0,0.0,0.0,0.0,1.0,0.0,High,1.49
-0.9422704700364372,-0.2831854070761493,1.251400613898487,0.45653504035513226,1.2645039725443732,0.9863115868000999,0.5604702966454319,-0.80520286161417,1.0762311003195197,1.7171125603878297,-1.2025538925260177,1.6741699248476485,1.3284215994064275,1.0,0.0,0.0,0.0,0.0,0.0,0.0,1.0,0.0,0.0,1.0,0.0,Medium,2.66
-0.9422704700364372,-1.200632730217021,-0.7501728525163913,-0.7035073318007149,-0.9391340006285088,-1.5836882886091754,-1.0065482401078727,-0.80520286161417,1.0762311003195197,0.01833600095891534,-0.7092996298000055,-1.512252461370208,0.3473769942058949,0.0,1.0,0.0,1.0,0.0,0.0,0.0,0.0,1.0,0.0,0.0,0.0,High,1.37
-0.2129589607203102,-0.2831854070761493,0.8569299307364309,-0.09612665581345528,0.038377202855872435,-0.01450567237370427,-1.0065482401078727,-0.80520286161417,1.0762311003195197,-0.5344404985377947,0.2772088956520187,0.6120291294416963,-0.273951255754442,0.0,1.0,0.0,0.0,0.0,0.0,1.0,0.0,1.0,0.0,0.0,0.0,Medium,1.84
0.5163525485958167,1.5517092392055944,0.3504490535900866,-0.8238890874017931,-0.41365109933343674,1.1716481162767303,-0.2230389717312203,-0.80520286161417,-0.9291684654932499,-0.19738165738126415,1.263717421104043,0.9660760612436803,-0.11044382155435328,0.0,1.0,0.0,0.0,0.0,0.0,1.0,0.0,0.0,1.0,0.0,0.0,High,1.8
-0.2129589607203102,-1.200632730217021,-1.1202934935079505,-1.890909193865898,-1.0690921375079352,-0.5952267980671464,-1.0065482401078727,1.2419230577438896,-0.9291684654932499,0.01833600095891534,-0.2160453670739934,-1.512252461370208,-1.058786939914868,0.0,1.0,0.0,0.0,0.0,1.0,0.0,0.0,1.0,0.0,0.0,0.0,High,0.87
-0.9422704700364372,-1.200632730217021,-0.2096019163313514,-0.019520084067314526,-0.4306021606655361,-0.8917652452297552,-0.2230389717312203,1.2419230577438896,1.0762311003195197,0.01833600095891534,0.2772088956520187,-0.45011166596425584,0.4454814547259481,0.0,1.0,0.0,1.0,0.0,0.0,0.0,0.0,0.0,0.0,1.0,0.0,High,1.46
-0.2129589607203102,-1.200632730217021,0.3309690198536889,0.2267153251167096,0.8802799156834606,0.7762635200599187,-0.2230389717312203,-0.80520286161417,1.0762311003195197,0.01833600095891534,0.7704631583780309,-0.09606473416227178,1.3611230862464452,0.0,0.0,1.0,0.0,0.0,0.0,1.0,0.0,0.0,0.0,1.0,0.0,Medium,2.07
-1.671581979352564,-1.200632730217021,0.014418471637223882,0.07897407960629536,0.5299579814867459,0.3561673865795566,-1.0065482401078727,1.2419230577438896,-0.9291684654932499,0.01833600095891534,0.2772088956520187,0.9660760612436803,0.05306361264573542,0.0,1.0,0.0,0.0,1.0,0.0,0.0,0.0,1.0,0.0,0.0,0.0,High,1.96
1.2456640579119436,0.6342619160647225,2.0208619464862014,1.364870105345088,1.275804680099106,1.4928981007028899,-0.2230389717312203,-0.80520286161417,1.0762311003195197,2.755253791149944,-1.2025538925260177,2.0282168566496326,0.7724963231261255,0.0,1.0,0.0,0.0,1.0,0.0,0.0,0.0,0.0,1.0,0.0,0.0,Low,3.35
-0.9422704700364372,-0.2831854070761493,0.2286988427376001,-0.7801139035468556,-0.4362525144429021,-0.039217209637254904,-0.2230389717312203,1.2419230577438896,1.0762311003195197,0.28798307388413974,-0.7092996298000055,-0.45011166596425584,-0.5682646373146018,1.0,0.0,0.0,0.0,0.0,0.0,0.0,1.0,0.0,0.0,1.0,0.0,High,1.61
0.5163525485958167,0.6342619160647225,1.0322502343640112,1.3046792275445482,0.46215373615834976,0.8503981318505711,-0.2230389717312203,-0.80520286161417,1.0762311003195197,1.0969242926598133,-0.7092996298000055,0.6120291294416963,0.7397948362861079,1.0,0.0,0.0,0.0,0.0,0.0,1.0,0.0,0.0,0.0,1.0,0.0,Low,2.79
0.5163525485958167,0.6342619160647225,1.2270505717279896,1.3867576972725564,0.5017062125999141,0.5044366101608608,2.1274888333987367,-0.80520286161417,-0.9291684654932499,1.5553243166326947,-1.2025538925260177,1.6741699248476485,1.7862424151666754,1.0,0.0,0.0,0.0,0.0,0.0,1.0,0.0,1.0,0.0,0.0,0.0,Medium,2.71
0.5163525485958167,-0.2831854070761493,1.4510709596965652,0.9763653486325161,0.83507708546453,0.5415039160561871,-0.2230389717312203,1.2419230577438896,1.0762311003195197,1.636218438510262,-0.7092996298000055,-0.09606473416227178,-0.01233936103430012,0.0,1.0,0.0,0.0,0.0,0.0,1.0,0.0,1.0,0.0,0.0,0.0,Medium,2.93
-0.2129589607203102,0.6342619160647225,0.2822689355126942,-0.42444053472548743,0.35479701438838895,-0.15041912732323343,-1.0065482401078727,-0.80520286161417,-0.9291684654932499,-0.23782871832004784,0.7704631583780309,1.3201229930456644,-0.9606824793948148,1.0,0.0,0.0,0.0,1.0,0.0,0.0,0.0,0.0,0.0,1.0,0.0,High,1.68
-1.671581979352564,-1.200632730217021,-0.7696528862527894,-0.550294188308433,-1.5550225623614424,-1.0523902374428349,0.5604702966454319,-0.80520286161417,1.0762311003195197,0.01833600095891534,0.7704631583780309,-0.45011166596425584,-0.4374586899545307,0.0,1.0,0.0,0.0,0.0,0.0,1.0,0.0,0.0,0.0,1.0,0.0,High,1.07
-0.9422704700364372,-1.200632730217021,0.42836918853567807,0.6371076737567498,0.976335929898689,0.022561633521621906,-0.2230389717312203,-0.80520286161417,-0.9291684654932499,0.01833600095891534,0.2772088956520187,1.6741699248476485,-0.5028616636345662,0.0,1.0,0.0,0.0,1.0,0.0,0.0,0.0,0.0,0.0,1.0,0.0,Medium,2.3
-0.9422704700364372,-1.200632730217021,0.2043488005671028,0.9435339607413132,0.2700417077278935,0.07198470804872319,1.3439795650220843,1.2419230577438896,-0.9291684654932499,0.01833600095891534,-0.7092996298000055,1.3201229930456644,-0.3066527425944599,1.0,0.0,0.0,0.0,1.0,0.0,0.0,0.0,1.0,0.0,0.0,0.0,Medium,2.24
-0.2129589607203102,0.6342619160647225,0.8130998548295354,0.8833430829407743,1.9990499636020007,1.011023124063651,1.3439795650220843,1.2419230577438896,-0.9291684654932499,1.5957713775714788,-0.2160453670739934,-0.09606473416227178,1.6881379546466224,1.0,0.0,0.0,1.0,0.0,0.0,0.0,0.0,1.0,0.0,0.0,0.0,Medium,2.82
-0.9422704700364372,-0.2831854070761493,1.2416605970302879,1.479779962964299,1.0780422978912834,1.8265038537608251,2.9109981017753888,-0.80520286161417,1.0762311003195197,1.6631831458027846,-0.2160453670739934,0.9660760612436803,1.099511191526303,0.0,1.0,0.0,0.0,0.0,1.0,0.0,0.0,1.0,0.0,0.0,0.0,Low,3.02
-1.671581979352564,-1.200632730217021,1.894241727199616,1.895644209586207,1.5865741378542562,1.628811555652419,-0.2230389717312203,-0.80520286161417,1.0762311003195197,0.01833600095891534,-1.2025538925260177,2.3822637884516165,1.2957201125664093,1.0,0.0,0.0,1.0,0.0,0.0,0.0,0.0,1.0,0.0,0.0,0.0,Low,3.17
-0.2129589607203102,-0.2831854070761493,0.024158488505422942,-0.408024840779886,-0.617063835318626,0.5909269905832883,0.5604702966454319,1.2419230577438896,1.0762311003195197,-0.5344404985377947,0.2772088956520187,0.6120291294416963,0.7397948362861079,0.0,1.0,0.0,0.0,1.0,0.0,0.0,0.0,0.0,0.0,1.0,0.0,High,1.6
-0.9422704700364372,-1.200632730217021,-0.45310233803632444,0.04067079373322478,-0.24979083978981223,-0.28633258227276237,1.3439795650220843,-0.80520286161417,1.0762311003195197,0.01833600095891534,0.2772088956520187,0.9660760612436803,-0.6336676109946373,0.0,1.0,0.0,1.0,0.0,0.0,0.0,0.0,0.0,0.0,1.0,0.0,High,1.54
0.5163525485958167,0.6342619160647225,-2.02611506225045,-2.0441223373581794,-1.1538474441684305,-1.6825344376633782,-1.0065482401078727,-0.80520286161417,1.0762311003195197,-2.6376876673545455,-0.7092996298000055,-1.512252461370208,-2.0398315451154003,0.0,1.0,0.0,0.0,0.0,0.0,1.0,0.0,1.0,0.0,0.0,0.0,High,0.29
0.5163525485958167,-0.2831854070761493,0.8423199054341326,0.8669273889951721,0.8859302694608268,0.4920808415290853,-0.2230389717312203,1.2419230577438896,1.0762311003195197,0.9755831098434625,0.2772088956520187,0.25798219763971225,1.6881379546466224,1.0,0.0,0.0,0.0,0.0,0.0,1.0,0.0,0.0,1.0,0.0,0.0,Medium,2.43
-0.9422704700364372,-0.2831854070761493,-0.27291202597464426,-0.4518000246348235,0.5017062125999141,0.31910008068423046,-0.2230389717312203,-0.80520286161417,-0.9291684654932499,0.2340536592990948,-0.7092996298000055,-0.8041585977662399,0.21657104684582412,0.0,1.0,0.0,0.0,0.0,0.0,1.0,0.0,1.0,0.0,0.0,0.0,High,1.97
0.5163525485958167,-0.2831854070761493,-0.32648211874973837,-0.2876430851788074,-1.097343906394767,-0.9041210138615305,0.5604702966454319,1.2419230577438896,1.0762311003195197,-0.35916990113639896,0.2772088956520187,-0.45011166596425584,0.020362125805717505,1.0,0.0,0.0,0.0,0.0,0.0,0.0,1.0,0.0,0.0,1.0,0.0,High,1.67
1.2456640579119436,0.6342619160647225,-0.935233173012171,-0.7035073318007149,-0.509707113548665,0.1337635512076,0.5604702966454319,-0.80520286161417,-0.9291684654932499,-1.329899363667207,1.263717421104043,0.25798219763971225,-0.8952795057147792,0.0,1.0,0.0,0.0,0.0,0.0,1.0,0.0,1.0,0.0,0.0,0.0,High,1.3
-0.9422704700364372,-0.2831854070761493,0.00954846320312435,0.18841203924363942,-0.19893765579351502,0.022561633521621906,-0.2230389717312203,1.2419230577438896,-0.9291684654932499,0.4228066103467521,-0.2160453670739934,-1.1582055295682239,0.1511680731657886,1.0,0.0,0.0,1.0,0.0,0.0,0.0,0.0,1.0,0.0,0.0,0.0,Medium,1.87
-1.671581979352564,-1.200632730217021,0.45271923070617537,0.5769167959562105,-0.2328397784577133,1.221071190803832,-1.0065482401078727,-0.80520286161417,-0.9291684654932499,0.01833600095891534,-0.7092996298000055,0.25798219763971225,-0.11044382155435328,1.0,0.0,0.0,1.0,0.0,0.0,0.0,0.0,1.0,0.0,0.0,0.0,Medium,2.36
-1.671581979352564,-1.200632730217021,1.3877608500532717,1.0529719203786574,1.2362522036575414,1.1840038849085057,0.5604702966454319,-0.80520286161417,-0.9291684654932499,0.01833600095891534,-0.7092996298000055,2.7363107202536003,1.230317138886374,0.0,1.0,0.0,0.0,0.0,1.0,0.0,0.0,1.0,0.0,0.0,0.0,Low,2.67
0.5163525485958167,1.5517092392055944,-2.162475298405235,-2.0769537252493824,-1.656728930354037,-1.5095536768185234,-1.0065482401078727,-0.80520286161417,1.0762311003195197,-2.4489347163068884,0.7704631583780309,-1.512252461370208,-0.9933839662348324,0.0,1.0,0.0,0.0,1.0,0.0,0.0,0.0,0.0,0.0,1.0,0.0,High,0.41
1.2456640579119436,1.5517092392055944,0.5598594162563637,0.8340960011039692,0.6034125805925085,1.2457827280673825,2.1274888333987367,1.2419230577438896,1.0762311003195197,0.6520066223331928,-0.7092996298000055,0.6120291294416963,0.6743918626060726,0.0,1.0,0.0,0.0,1.0,0.0,0.0,0.0,0.0,1.0,0.0,0.0,Medium,2.29
-0.2129589607203102,0.6342619160647225,1.0419902512322103,1.0475000223967905,1.1006437130007491,1.1963596535402814,1.3439795650220843,1.2419230577438896,-0.9291684654932499,0.5711125004556254,-0.7092996298000055,-0.45011166596425584,1.3938245730864627,1.0,0.0,0.0,0.0,1.0,0.0,0.0,0.0,1.0,0.0,0.0,0.0,Medium,2.44
-1.671581979352564,-1.200632730217021,1.0809503187050058,1.1405222880885322,1.6600287369600188,0.022561633521621906,0.5604702966454319,1.2419230577438896,1.0762311003195197,0.01833600095891534,-1.2025538925260177,2.0282168566496326,1.590033494126569,0.0,1.0,0.0,0.0,1.0,0.0,0.0,0.0,1.0,0.0,0.0,0.0,Low,2.86
1.2456640579119436,1.5517092392055944,0.42836918853567807,0.8122084091765001,1.64307767562792,1.282850033962709,-0.2230389717312203,-0.80520286161417,-0.9291684654932499,1.258712536414948,-1.2025538925260177,-0.09606473416227178,0.21657104684582412,1.0,0.0,0.0,0.0,1.0,0.0,0.0,0.0,1.0,0.0,0.0,0.0,Medium,2.61
1.2456640579119436,0.6342619160647225,1.1929605126892933,1.671296392329651,1.117594774332848,2.592561508930897,2.9109981017753888,-0.80520286161417,-0.9291684654932499,2.16203023071445,-1.2025538925260177,2.3822637884516165,1.3938245730864627,0.0,1.0,0.0,0.0,0.0,0.0,1.0,0.0,0.0,1.0,0.0,0.0,Low,3.23
-0.2129589607203102,0.6342619160647225,0.47706927287667267,0.396344162554593,1.2475529112122743,0.1337635512076,-0.2230389717312203,1.2419230577438896,-0.9291684654932499,0.2745007202378788,-0.2160453670739934,0.9660760612436803,0.21657104684582412,1.0,0.0,0.0,0.0,0.0,1.0,0.0,0.0,0.0,1.0,0.0,0.0,Medium,2.26
0.5163525485958167,-0.2831854070761493,-0.5894625741911093,0.4893664282463356,0.7446714250266676,0.9368885122729986,1.3439795650220843,1.2419230577438896,-0.9291684654932499,-0.27827577925883157,-1.2025538925260177,1.6741699248476485,0.41277996788593047,1.0,0.0,0.0,1.0,0.0,0.0,0.0,0.0,1.0,0.0,0.0,0.0,High,1.84
-0.9422704700364372,-1.200632730217021,0.1994787921330036,0.42917555044579625,0.11748215573900146,0.4673693042655347,2.1274888333987367,-0.80520286161417,-0.9291684654932499,0.01833600095891534,0.7704631583780309,-0.09606473416227178,0.5762874020860191,1.0,0.0,0.0,0.0,1.0,0.0,0.0,0.0,0.0,0.0,1.0,0.0,High,1.77
-0.2129589607203102,-1.200632730217021,-0.014801578967372954,-0.6652040459276443,-1.4137637179272835,-0.8917652452297552,-0.2230389717312203,1.2419230577438896,-0.9291684654932499,0.01833600095891534,-0.2160453670739934,-0.8041585977662399,-0.5028616636345662,0.0,0.0,1.0,1.0,0.0,0.0,0.0,0.0,0.0,0.0,1.0,0.0,High,1.37
0.5163525485958167,1.5517092392055944,-0.6381626585321039,-0.4791595145441595,-0.758322679752785,-0.5828710294353712,-1.0065482401078727,-0.80520286161417,-0.9291684654932499,-0.39961696207518266,1.263717421104043,0.6120291294416963,0.5762874020860191,0.0,1.0,0.0,0.0,0.0,1.0,0.0,0.0,1.0,0.0,0.0,0.0,High,1.83
-0.2129589607203102,-0.2831854070761493,-0.005061562099173893,0.368984672645257,-0.1424341180198514,-0.05157297826903045,0.5604702966454319,-0.80520286161417,-0.9291684654932499,0.20708895200657235,0.7704631583780309,0.6120291294416963,-1.1568914004349211,1.0,0.0,0.0,0.0,1.0,0.0,0.0,0.0,1.0,0.0,0.0,0.0,High,1.99
-0.2129589607203102,-1.200632730217021,0.004678454769025167,-2.055066133321914,-0.8487283401906469,-2.213832488829719,-0.2230389717312203,1.2419230577438896,1.0762311003195197,0.01833600095891534,1.263717421104043,-1.512252461370208,-1.941727084595347,0.0,1.0,0.0,0.0,0.0,1.0,0.0,0.0,1.0,0.0,0.0,0.0,High,0.72
-0.9422704700364372,-0.2831854070761493,0.49167929817897127,0.05708648767882624,0.2869927690599924,0.07198470804872319,-0.2230389717312203,-0.80520286161417,-0.9291684654932499,0.2340536592990948,-0.2160453670739934,0.6120291294416963,-0.07774233471433566,0.0,1.0,0.0,1.0,0.0,0.0,0.0,0.0,0.0,0.0,1.0,0.0,Medium,1.93
0.5163525485958167,-0.2831854070761493,0.9543300994184201,1.3593982073632203,0.7220700099172026,0.8751096691141218,-0.2230389717312203,-0.80520286161417,-0.9291684654932499,1.0429948780747684,-0.7092996298000055,1.3201229930456644,1.0668097046862852,1.0,0.0,0.0,0.0,1.0,0.0,0.0,0.0,0.0,1.0,0.0,0.0,Low,2.79
-0.9422704700364372,-1.200632730217021,0.7497897451862425,0.9271182667957117,0.41695090593941864,0.1955423943664768,-1.0065482401078727,-0.80520286161417,-0.9291684654932499,0.01833600095891534,-0.2160453670739934,1.6741699248476485,1.0341082178462677,1.0,0.0,0.0,0.0,0.0,0.0,0.0,1.0,0.0,1.0,0.0,0.0,Medium,2.21
1.2456640579119436,1.5517092392055944,0.23356885117169962,-0.9169113530935357,-0.5718610050996952,0.3932346924748828,0.5604702966454319,1.2419230577438896,-0.9291684654932499,-0.10300518185743578,-0.7092996298000055,0.6120291294416963,0.05306361264573542,1.0,0.0,0.0,0.0,1.0,0.0,0.0,0.0,0.0,1.0,0.0,0.0,Medium,1.88
0.5163525485958167,0.6342619160647225,0.9738101331548175,0.2321872230985769,0.6599161183661721,0.15847508847115063,-1.0065482401078727,-0.80520286161417,-0.9291684654932499,0.6115595613944094,-0.2160453670739934,0.25798219763971225,-0.6009661241546194,0.0,1.0,0.0,0.0,0.0,0.0,1.0,0.0,0.0,0.0,1.0,0.0,Medium,2.32
0.5163525485958167,0.6342619160647225,0.3212290029854901,0.5495573060468745,0.4226012597167851,0.14611931983937554,0.5604702966454319,1.2419230577438896,-0.9291684654932499,0.39584190305422967,-0.2160453670739934,0.6120291294416963,0.7070933494460903,0.0,1.0,0.0,0.0,1.0,0.0,0.0,0.0,1.0,0.0,0.0,0.0,Medium,2.23
-0.9422704700364372,-0.2831854070761493,-0.6673827091367006,-0.51746280041723,0.5638601041509446,-0.5581594921718203,-1.0065482401078727,-0.80520286161417,1.0762311003195197,-0.7501581568779745,-0.7092996298000055,1.3201229930456644,-0.24124976891442437,0.0,1.0,0.0,0.0,0.0,0.0,1.0,0.0,1.0,0.0,0.0,0.0,High,1.62
1.2456640579119436,0.6342619160647225,-1.6170343537860956,-1.0208774147490125,-0.7696233873075179,-0.8917652452297552,-1.0065482401078727,-0.80520286161417,1.0762311003195197,-1.3029346563746846,1.263717421104043,-0.8041585977662399,-1.8763241109153115,1.0,0.0,0.0,0.0,1.0,0.0,0.0,0.0,0.0,0.0,1.0,0.0,High,1.07
0.5163525485958167,0.6342619160647225,0.7059596692793472,-0.05782336994038471,0.9650352223439561,0.6279942964786145,-1.0065482401078727,-0.80520286161417,1.0762311003195197,0.7598654515032827,-1.2025538925260177,0.25798219763971225,0.3473769942058949,0.0,1.0,0.0,0.0,1.0,0.0,0.0,0.0,0.0,0.0,1.0,0.0,Medium,2.39
1.2456640579119436,0.6342619160647225,-0.5261524645478164,-1.0865401905314191,-0.12548305668775206,-0.37282296269518983,-1.0065482401078727,-0.80520286161417,1.0762311003195197,-0.04907576727239084,0.2772088956520187,0.25798219763971225,0.24927253368584176,0.0,1.0,0.0,0.0,0.0,1.0,0.0,0.0,0.0,1.0,0.0,0.0,High,1.76
-0.9422704700364372,-1.200632730217021,-0.6138126163616066,-0.8184171894199262,-0.9334836468511424,-0.3851787313269652,-0.2230389717312203,-0.80520286161417,-0.9291684654932499,0.01833600095891534,-0.2160453670739934,-0.09606473416227178,0.7070933494460903,0.0,1.0,0.0,0.0,0.0,1.0,0.0,0.0,1.0,0.0,0.0,0.0,High,1.24
-0.2129589607203102,-0.2831854070761493,1.412110892223769,1.8245095358219325,1.2362522036575414,1.6164557870206435,-0.2230389717312203,-0.80520286161417,-0.9291684654932499,1.811489035911658,-1.2025538925260177,2.7363107202536003,0.7724963231261255,0.0,1.0,0.0,0.0,0.0,1.0,0.0,0.0,1.0,0.0,0.0,0.0,Low,3.06
-0.9422704700364372,-1.200632730217021,1.6020412211536483,-0.09065475783158801,0.46215373615834976,0.5291481474244115,1.3439795650220843,1.2419230577438896,-0.9291684654932499,0.01833600095891534,-0.7092996298000055,0.25798219763971225,1.491929033606516,0.0,1.0,0.0,0.0,0.0,0.0,0.0,1.0,1.0,0.0,0.0,0.0,Medium,2.45
0.5163525485958167,-0.2831854070761493,0.8812799729069282,0.7191861434847583,1.3944621094237994,0.8503981318505711,-0.2230389717312203,-0.80520286161417,-0.9291684654932499,1.5283596093401723,0.2772088956520187,0.9660760612436803,0.1838695600058062,0.0,1.0,0.0,0.0,1.0,0.0,0.0,0.0,1.0,0.0,0.0,0.0,Medium,2.75
0.5163525485958167,-0.2831854070761493,0.043638522241820715,-0.8621923732748636,-0.31194473134084233,0.14611931983937554,-0.2230389717312203,1.2419230577438896,-0.9291684654932499,-0.2243463646737866,0.7704631583780309,-0.8041585977662399,-0.9279809925547969,1.0,0.0,0.0,0.0,0.0,1.0,0.0,0.0,0.0,0.0,1.0,0.0,High,1.62
-0.2129589607203102,-1.200632730217021,1.0517302681004093,1.534498942782971,1.9764485484925358,1.8388596223925997,-0.2230389717312203,1.2419230577438896,-0.9291684654932499,0.01833600095891534,-1.2025538925260177,0.9660760612436803,0.6089888889260368,1.0,0.0,0.0,0.0,0.0,0.0,0.0,1.0,1.0,0.0,0.0,0.0,Low,3.13
-0.9422704700364372,-1.200632730217021,-1.7777446321113777,-1.0701244965858172,-1.7019317605729678,-1.8925825044035596,-0.2230389717312203,-0.80520286161417,1.0762311003195197,0.01833600095891534,1.756971683830055,-1.512252461370208,-1.1568914004349211,0.0,1.0,0.0,0.0,0.0,1.0,0.0,0.0,0.0,0.0,1.0,0.0,High,0.69
1.2456640579119436,0.6342619160647225,-0.32648211874973837,0.04067079373322478,-0.029427042472524097,0.43030199837020855,-1.0065482401078727,-0.80520286161417,-0.9291684654932499,0.35539484211544625,-1.2025538925260177,-0.45011166596425584,0.1838695600058062,1.0,0.0,0.0,0.0,1.0,0.0,0.0,0.0,1.0,0.0,0.0,0.0,Medium,1.86
-0.9422704700364372,-1.200632730217021,0.41862917166747937,0.5112540201738043,-0.012475981140424763,0.034917402153397004,-0.2230389717312203,-0.80520286161417,-0.9291684654932499,0.01833600095891534,-0.7092996298000055,-0.45011166596425584,0.2819740205258594,1.0,0.0,0.0,1.0,0.0,0.0,0.0,0.0,0.0,0.0,1.0,0.0,Medium,2.12
1.2456640579119436,1.5517092392055944,1.105300360875503,0.5440854080650076,0.33219559927892317,-0.2739768136409871,-1.0065482401078727,-0.80520286161417,1.0762311003195197,0.22057130565283387,-0.2160453670739934,0.25798219763971225,0.478182941565966,0.0,1.0,0.0,0.0,0.0,0.0,0.0,1.0,1.0,0.0,0.0,0.0,Medium,2.12
1.2456640579119436,0.6342619160647225,1.8358016259904222,1.4360047791093615,1.2532032649896403,1.233426959435607,0.5604702966454319,-0.80520286161417,-0.9291684654932499,2.013724340605577,-1.2025538925260177,-0.09606473416227178,1.2630186257263916,0.0,1.0,0.0,1.0,0.0,0.0,0.0,0.0,1.0,0.0,0.0,0.0,Low,3.18
-0.9422704700364372,-0.2831854070761493,-0.1609018319903568,-0.21103651343266663,0.2700417077278935,0.6032827592150639,0.5604702966454319,-0.80520286161417,1.0762311003195197,-0.035593413626129604,-1.2025538925260177,-0.45011166596425584,-0.04504084787431804,0.0,1.0,0.0,0.0,1.0,0.0,0.0,0.0,0.0,0.0,1.0,0.0,Medium,1.91
1.2456640579119436,0.6342619160647225,1.270880647634885,0.3580408766815224,-0.3345461464503077,0.05962893941694764,-0.2230389717312203,-0.80520286161417,1.0762311003195197,0.031818354605176576,0.7704631583780309,0.6120291294416963,-0.17584679523438881,0.0,1.0,0.0,0.0,0.0,0.0,0.0,1.0,0.0,0.0,1.0,0.0,Medium,2.01
-1.671581979352564,-1.200632730217021,-0.06350166330836757,0.451063142373265,0.5186572739320134,0.10905201394404936,0.5604702966454319,-0.80520286161417,1.0762311003195197,0.01833600095891534,-0.7092996298000055,-0.09606473416227178,-0.4374586899545307,1.0,0.0,0.0,0.0,0.0,1.0,0.0,0.0,1.0,0.0,0.0,0.0,Medium,1.82
1.2456640579119436,1.5517092392055944,-1.378403940515222,-1.7103365604642802,-1.0182389535116378,-1.0153229315475087,-1.0065482401078727,1.2419230577438896,-0.9291684654932499,-2.4354523626606275,1.756971683830055,-1.512252461370208,-0.4374586899545307,0.0,0.0,1.0,0.0,0.0,0.0,0.0,1.0,1.0,0.0,0.0,0.0,High,0.41
-0.2129589607203102,-0.2831854070761493,-1.1008134597715526,-0.5667098822540348,-0.3853993304466049,-0.6570056412260232,0.5604702966454319,-0.80520286161417,-0.9291684654932499,-0.6422993277078847,1.263717421104043,-1.1582055295682239,0.478182941565966,0.0,1.0,0.0,0.0,0.0,0.0,0.0,1.0,0.0,0.0,1.0,0.0,High,1.47
0.5163525485958167,0.6342619160647225,0.6231695258996569,0.5550292040287418,0.998937345008154,1.7523692419701726,-0.2230389717312203,-0.80520286161417,1.0762311003195197,0.43628896399301303,-0.7092996298000055,1.3201229930456644,1.6227349809665867,1.0,0.0,0.0,0.0,0.0,0.0,0.0,1.0,1.0,0.0,0.0,0.0,Low,2.71
-0.9422704700364372,-1.200632730217021,-0.03915162113787026,0.8122084091765001,0.6825175334756379,0.17083085710292617,-0.2230389717312203,-0.80520286161417,1.0762311003195197,0.01833600095891534,1.263717421104043,0.25798219763971225,0.05306361264573542,0.0,1.0,0.0,0.0,1.0,0.0,0.0,0.0,0.0,1.0,0.0,0.0,High,2.13
-0.2129589607203102,-0.2831854070761493,0.7643997704885408,0.5057821221919371,1.4509656471974632,0.09669624531227382,-0.2230389717312203,1.2419230577438896,1.0762311003195197,0.7194183905644993,-0.2160453670739934,-0.09606473416227178,0.08576509948575305,1.0,0.0,0.0,0.0,0.0,1.0,0.0,0.0,1.0,0.0,0.0,0.0,Medium,2.31
-0.2129589607203102,-0.2831854070761493,0.45271923070617537,0.8778711849589067,0.5412586890414788,0.2943885434206798,-1.0065482401078727,-0.80520286161417,-0.9291684654932499,-0.06255812091865208,-0.2160453670739934,2.3822637884516165,0.08576509948575305,1.0,0.0,0.0,0.0,0.0,0.0,1.0,0.0,0.0,0.0,1.0,0.0,High,2.1
1.2456640579119436,1.5517092392055944,1.670221339231041,1.342982513417619,1.970798194715169,1.5423211752299912,-1.0065482401078727,-0.80520286161417,-0.9291684654932499,1.9732772796667928,-1.2025538925260177,2.0282168566496326,2.1786602572468885,0.0,1.0,0.0,0.0,0.0,0.0,1.0,0.0,0.0,1.0,0.0,0.0,Low,3.07
-0.2129589607203102,-0.2831854070761493,-0.5310224729819155,-0.4134967387617529,-0.9560850619606078,-1.3489286846054436,-1.0065482401078727,1.2419230577438896,-0.9291684654932499,-1.2894523027284233,1.756971683830055,-1.1582055295682239,-0.8298765320347437,0.0,1.0,0.0,0.0,0.0,0.0,1.0,0.0,1.0,0.0,0.0,0.0,High,1.24
0.5163525485958167,-0.2831854070761493,-1.6219043622201952,-1.2178657420962318,-1.7075821143503342,-0.08864028416435663,-1.0065482401078727,-0.80520286161417,-0.9291684654932499,-1.7882993876400888,1.756971683830055,-0.8041585977662399,-1.549309242515134,1.0,0.0,0.0,0.0,0.0,0.0,0.0,1.0,0.0,0.0,1.0,0.0,High,0.77
-0.9422704700364372,-1.200632730217021,0.043638522241820715,-0.46821571858042493,-0.6566163117601906,0.034917402153397004,-0.2230389717312203,-0.80520286161417,-0.9291684654932499,0.01833600095891534,0.2772088956520187,-0.09606473416227178,0.1511680731657886,0.0,0.0,1.0,0.0,0.0,0.0,1.0,0.0,0.0,0.0,1.0,0.0,High,1.71
-0.2129589607203102,-0.2831854070761493,2.1133921067340915,1.9394193934411443,2.2250641146966554,1.9006384655514765,2.9109981017753888,-0.80520286161417,1.0762311003195197,2.283371413530801,-1.2025538925260177,1.3201229930456644,1.00140673100625,0.0,1.0,0.0,0.0,1.0,0.0,0.0,0.0,0.0,0.0,1.0,0.0,Low,3.4
0.5163525485958167,-0.2831854070761493,-0.2534319922382465,0.05161458969695935,-0.18763694823878213,0.034917402153397004,2.1274888333987367,1.2419230577438896,-0.9291684654932499,-0.022111059979868366,0.2772088956520187,-0.8041585977662399,-0.6336676109946373,0.0,1.0,0.0,0.0,1.0,0.0,0.0,0.0,0.0,0.0,1.0,0.0,High,1.98
0.5163525485958167,-0.2831854070761493,-0.8037429452914855,-0.5065190044534955,-0.17633624068404966,-0.8052748648073276,-1.0065482401078727,1.2419230577438896,1.0762311003195197,-1.0737346443882438,-1.2025538925260177,-1.1582055295682239,-0.37205571627449546,0.0,1.0,0.0,0.0,0.0,1.0,0.0,0.0,1.0,0.0,0.0,0.0,High,1.16
-1.671581979352564,-1.200632730217021,-1.0910734429033537,-1.29994421182424,-0.8939311704095777,-0.5952267980671464,-1.0065482401078727,1.2419230577438896,1.0762311003195197,0.01833600095891534,1.263717421104043,-1.1582055295682239,-1.2876973477949922,1.0,0.0,0.0,0.0,0.0,1.0,0.0,0.0,1.0,0.0,0.0,0.0,High,1.04
1.9749755672280704,1.5517092392055944,1.3195807319758797,0.9873091445962507,1.3944621094237994,0.15847508847115063,0.5604702966454319,-0.80520286161417,-0.9291684654932499,1.2856772437074706,0.2772088956520187,1.6741699248476485,0.870600783646179,1.0,0.0,0.0,0.0,0.0,1.0,0.0,0.0,1.0,0.0,0.0,0.0,Medium,2.73
0.5163525485958167,1.5517092392055944,-0.5894625741911093,-0.7855858015287229,-1.3459594725988868,-1.6948902062951539,-1.0065482401078727,-0.80520286161417,-0.9291684654932499,-1.1681111199120722,2.2502259465560672,-0.09606473416227178,-2.0398315451154003,1.0,0.0,0.0,1.0,0.0,0.0,0.0,0.0,0.0,0.0,1.0,0.0,High,0.96
-1.671581979352564,-1.200632730217021,0.9056300150774255,1.1514660840522668,0.5412586890414788,0.7762635200599187,-0.2230389717312203,-0.80520286161417,1.0762311003195197,0.01833600095891534,0.2772088956520187,-0.09606473416227178,0.24927253368584176,1.0,0.0,0.0,1.0,0.0,0.0,0.0,0.0,0.0,0.0,1.0,0.0,Medium,2.45
0.5163525485958167,-0.2831854070761493,-0.9157531392757733,-1.2288095380599662,-0.6114134815412595,-0.1257075900596828,-0.2230389717312203,1.2419230577438896,-0.9291684654932499,-0.5344404985377947,0.7704631583780309,0.25798219763971225,-0.6990705846746729,1.0,0.0,0.0,0.0,0.0,0.0,1.0,0.0,0.0,0.0,1.0,0.0,High,1.4
-1.671581979352564,-1.200632730217021,-0.4871923970750205,-0.572181780235902,-0.3062943775634759,-0.36046719406341454,-0.2230389717312203,1.2419230577438896,-0.9291684654932499,0.01833600095891534,1.756971683830055,-0.09606473416227178,-1.1241899135949034,1.0,0.0,0.0,0.0,1.0,0.0,0.0,0.0,1.0,0.0,0.0,0.0,High,1.57
1.2456640579119436,0.6342619160647225,0.06798856441231803,0.024255099787623333,-0.6453156042054577,0.10905201394404936,-0.2230389717312203,1.2419230577438896,1.0762311003195197,0.12619483012900493,0.7704631583780309,-0.45011166596425584,-1.0260854530748502,0.0,1.0,0.0,0.0,0.0,0.0,1.0,0.0,1.0,0.0,0.0,0.0,High,1.9
-0.2129589607203102,-1.200632730217021,0.6962196524111488,0.9107025728501104,1.609175552963722,0.7515519827963681,0.5604702966454319,-0.80520286161417,1.0762311003195197,0.01833600095891534,0.2772088956520187,1.3201229930456644,0.7070933494460903,1.0,0.0,0.0,1.0,0.0,0.0,0.0,0.0,0.0,0.0,1.0,0.0,Medium,2.55
1.2456640579119436,0.6342619160647225,-1.3589239067788241,-1.5078763351351936,-1.5719736236935415,-0.5828710294353712,-0.2230389717312203,1.2419230577438896,1.0762311003195197,-1.8557111558713946,-0.7092996298000055,-1.1582055295682239,-0.6009661241546194,0.0,1.0,0.0,0.0,0.0,0.0,0.0,1.0,0.0,0.0,1.0,0.0,High,0.88
1.2456640579119436,0.6342619160647225,-1.8702747923592673,-1.2123938441143647,-2.210463600535941,-2.213832488829719,-1.0065482401078727,1.2419230577438896,1.0762311003195197,-2.6376876673545455,-0.2160453670739934,-1.512252461370208,-2.0398315451154003,0.0,1.0,0.0,0.0,0.0,0.0,1.0,0.0,0.0,0.0,1.0,0.0,High,0.14
1.2456640579119436,0.6342619160647225,0.3894091210628825,0.4620069383369996,0.021426141523773104,0.4920808415290853,-0.2230389717312203,1.2419230577438896,-0.9291684654932499,0.1936065983603114,-0.2160453670739934,1.3201229930456644,-0.04504084787431804,1.0,0.0,0.0,1.0,0.0,0.0,0.0,0.0,1.0,0.0,0.0,0.0,Medium,1.96
-1.671581979352564,-1.200632730217021,-2.0504651044209474,-2.060538031303781,-1.1933999206099952,-1.8802267357717841,-1.0065482401078727,1.2419230577438896,1.0762311003195197,0.01833600095891534,-0.2160453670739934,-1.512252461370208,-1.7128166767152226,1.0,0.0,0.0,0.0,0.0,0.0,1.0,0.0,0.0,0.0,1.0,0.0,High,0.39
1.9749755672280704,1.5517092392055944,-0.0294116042696712,-0.030463880031048697,-0.758322679752785,0.6774173710057158,2.9109981017753888,-0.80520286161417,1.0762311003195197,0.04530070825143781,0.2772088956520187,-0.45011166596425584,-0.797175045194726,0.0,0.0,1.0,0.0,0.0,0.0,1.0,0.0,1.0,0.0,0.0,0.0,High,1.92
-1.671581979352564,-1.200632730217021,0.42836918853567807,0.15010875337056884,0.7390210712493016,-0.19984220185033472,-1.0065482401078727,1.2419230577438896,1.0762311003195197,0.01833600095891534,1.756971683830055,1.6741699248476485,0.9687052441662318,0.0,1.0,0.0,0.0,0.0,0.0,0.0,1.0,0.0,0.0,1.0,0.0,High,1.99
-1.671581979352564,-1.200632730217021,-0.8037429452914855,0.22124342713484232,-0.09723128780092023,0.33145584931600597,-0.2230389717312203,-0.80520286161417,1.0762311003195197,0.01833600095891534,-1.2025538925260177,-0.8041585977662399,0.1838695600058062,1.0,0.0,0.0,0.0,1.0,0.0,0.0,0.0,0.0,0.0,1.0,0.0,Medium,2.02
-0.9422704700364372,-0.2831854070761493,1.0809503187050058,1.7588467600395268,1.3266578640954039,1.1592923476449553,0.5604702966454319,-0.80520286161417,1.0762311003195197,1.8923831577892254,-1.2025538925260177,-0.09606473416227178,0.9687052441662318,1.0,0.0,0.0,0.0,1.0,0.0,0.0,0.0,1.0,0.0,0.0,0.0,Low,3.08
-0.2129589607203102,-0.2831854070761493,-0.044021629571969444,0.757489429357828,0.04402755663323888,-0.15041912732323343,-1.0065482401078727,1.2419230577438896,1.0762311003195197,0.4497713176392746,0.2772088956520187,0.9660760612436803,0.5762874020860191,0.0,1.0,0.0,0.0,1.0,0.0,0.0,0.0,1.0,0.0,0.0,0.0,Medium,2.01
1.9749755672280704,1.5517092392055944,0.9056300150774255,0.423703652463929,1.275804680099106,-0.2616210450092115,0.5604702966454319,1.2419230577438896,-0.9291684654932499,0.32843013482292377,-1.2025538925260177,0.9660760612436803,-0.6663690978346549,0.0,1.0,0.0,0.0,0.0,0.0,1.0,0.0,1.0,0.0,0.0,0.0,Medium,2.26
-0.2129589607203102,0.6342619160647225,-0.12194176451756089,0.2869062029172489,0.06662897174270425,-0.28633258227276237,1.3439795650220843,1.2419230577438896,1.0762311003195197,-0.547922852184056,0.7704631583780309,-0.8041585977662399,0.6416903757660544,1.0,0.0,0.0,0.0,0.0,0.0,1.0,0.0,0.0,1.0,0.0,0.0,High,1.47
0.5163525485958167,-0.2831854070761493,0.014418471637223882,0.5221978161375385,-0.13678376424248495,0.2449654688935781,-1.0065482401078727,-0.80520286161417,-0.9291684654932499,0.35539484211544625,0.2772088956520187,0.25798219763971225,0.870600783646179,0.0,1.0,0.0,0.0,0.0,0.0,1.0,0.0,0.0,0.0,1.0,0.0,Medium,1.99
1.2456640579119436,1.5517092392055944,-0.43849231273402584,-0.408024840779886,-0.5662106513223287,-0.8176306334391028,-1.0065482401078727,-0.80520286161417,1.0762311003195197,-0.547922852184056,0.7704631583780309,0.9660760612436803,-0.273951255754442,1.0,0.0,0.0,0.0,1.0,0.0,0.0,0.0,0.0,0.0,1.0,0.0,High,1.18
-0.9422704700364372,-1.200632730217021,0.4332391969697776,0.7903208172490317,0.6373147032567071,0.43030199837020855,-1.0065482401078727,-0.80520286161417,1.0762311003195197,0.01833600095891534,-0.7092996298000055,2.7363107202536003,0.8378992968061614,0.0,1.0,0.0,0.0,0.0,1.0,0.0,0.0,0.0,0.0,1.0,0.0,Medium,2.3
0.5163525485958167,-0.2831854070761493,-0.2826520428428433,0.08444597758816225,-0.07462987269145485,-1.089457543338161,-1.0065482401078727,1.2419230577438896,1.0762311003195197,0.11271247648274399,0.7704631583780309,-0.09606473416227178,-0.3393542294344775,0.0,1.0,0.0,0.0,0.0,0.0,0.0,1.0,1.0,0.0,0.0,0.0,High,1.74
-0.9422704700364372,-1.200632730217021,1.3001006982394816,1.4086452892000254,1.3549096329822357,0.9739558181683248,2.9109981017753888,1.2419230577438896,-0.9291684654932499,0.01833600095891534,-0.7092996298000055,1.3201229930456644,1.6227349809665867,1.0,0.0,0.0,0.0,1.0,0.0,0.0,0.0,1.0,0.0,0.0,0.0,Low,2.72
1.2456640579119436,1.5517092392055944,-1.9968950116458535,-2.1207289091043204,-1.764085652123998,-1.2747940728147915,-1.0065482401078727,1.2419230577438896,-0.9291684654932499,-2.4489347163068884,1.263717421104043,-0.8041585977662399,-2.0398315451154003,0.0,1.0,0.0,0.0,0.0,0.0,0.0,1.0,1.0,0.0,0.0,0.0,High,0.22
-0.2129589607203102,-1.200632730217021,1.6263912633241455,1.4852518609461667,1.0328394676723527,2.0118403832374554,1.3439795650220843,-0.80520286161417,-0.9291684654932499,0.01833600095891534,-1.2025538925260177,0.6120291294416963,1.459227546766498,1.0,0.0,0.0,0.0,0.0,1.0,0.0,0.0,0.0,1.0,0.0,0.0,Low,2.85
-0.9422704700364372,-1.200632730217021,0.5744694415586619,0.8231522051402347,0.7220700099172026,0.8380423632187955,-0.2230389717312203,-0.80520286161417,-0.9291684654932499,0.01833600095891534,-1.2025538925260177,1.3201229930456644,-0.01233936103430012,1.0,0.0,0.0,0.0,0.0,0.0,1.0,0.0,1.0,0.0,0.0,0.0,Medium,2.48
-0.2129589607203102,-0.2831854070761493,0.03389850537362166,0.18294014126177213,0.6938182410303708,0.5415039160561871,-0.2230389717312203,1.2419230577438896,-0.9291684654932499,0.6789713296257153,-1.2025538925260177,1.6741699248476485,0.38007848104591285,0.0,1.0,0.0,0.0,0.0,0.0,1.0,0.0,0.0,1.0,0.0,0.0,Medium,2.09
0.5163525485958167,1.5517092392055944,0.9543300994184201,0.3306813867721864,0.5356083352641123,0.43030199837020855,2.1274888333987367,-0.80520286161417,1.0762311003195197,1.2047831218299032,-0.2160453670739934,0.9660760612436803,1.459227546766498,1.0,0.0,0.0,0.0,0.0,0.0,0.0,1.0,1.0,0.0,0.0,0.0,Medium,2.54
0.5163525485958167,1.5517092392055944,0.8277098801318337,0.9380620627594464,0.9367834534571243,1.4434750261757887,-0.2230389717312203,1.2419230577438896,-0.9291684654932499,1.0969242926598133,0.2772088956520187,-0.09606473416227178,2.0151528230468,1.0,0.0,0.0,0.0,0.0,1.0,0.0,0.0,0.0,1.0,0.0,0.0,Medium,2.5
-0.2129589607203102,0.6342619160647225,0.2286988427376001,0.8833430829407743,0.7164196561398358,1.7276577047066217,0.5604702966454319,-0.80520286161417,1.0762311003195197,1.0295125244285075,-1.2025538925260177,2.0282168566496326,0.5762874020860191,1.0,0.0,0.0,0.0,0.0,0.0,0.0,1.0,1.0,0.0,0.0,0.0,Medium,2.36
0.5163525485958167,1.5517092392055944,0.05824854754411896,-0.7691701075831211,-0.35714756155977306,-0.18748643321855962,0.5604702966454319,-0.80520286161417,-0.9291684654932499,-0.3726522547826602,-0.7092996298000055,-1.1582055295682239,0.08576509948575305,1.0,0.0,0.0,0.0,0.0,0.0,1.0,0.0,0.0,0.0,1.0,0.0,High,1.77
0.5163525485958167,1.5517092392055944,-0.32648211874973837,-0.7253949237281836,-0.08593058024618774,0.6527058337421652,-1.0065482401078727,-0.80520286161417,1.0762311003195197,-0.8984640469868478,0.7704631583780309,-0.09606473416227178,-1.058786939914868,1.0,0.0,0.0,0.0,0.0,0.0,1.0,0.0,0.0,0.0,1.0,0.0,High,1.63
0.5163525485958167,-0.2831854070761493,0.038768513807721186,-0.42444053472548743,-1.1425467366136977,-0.6940729471213493,-0.2230389717312203,1.2419230577438896,1.0762311003195197,-0.3322051938438765,0.7704631583780309,0.25798219763971225,0.38007848104591285,1.0,0.0,0.0,0.0,0.0,0.0,1.0,0.0,1.0,0.0,0.0,0.0,High,1.44
-0.9422704700364372,-0.2831854070761493,-1.7144345224680848,-1.7486398463373505,-2.0692047561017817,-2.213832488829719,-0.2230389717312203,1.2419230577438896,1.0762311003195197,-2.3141111798442764,2.2502259465560672,-1.1582055295682239,-1.8763241109153115,0.0,1.0,0.0,0.0,0.0,1.0,0.0,0.0,0.0,0.0,1.0,0.0,High,0.24
0.5163525485958167,0.6342619160647225,0.8277098801318337,0.1336930594249674,1.0667415903365505,0.15847508847115063,-1.0065482401078727,1.2419230577438896,1.0762311003195197,0.6654889759794543,-0.2160453670739934,1.3201229930456644,2.5383766124870837,1.0,0.0,0.0,0.0,0.0,0.0,1.0,0.0,1.0,0.0,0.0,0.0,Medium,2.27
1.2456640579119436,0.6342619160647225,-0.9790632489190662,-2.3396048283790085,-0.9334836468511424,-1.8925825044035596,-1.0065482401078727,1.2419230577438896,1.0762311003195197,-2.1253582287966193,2.743480209282079,-1.512252461370208,-2.0398315451154003,1.0,0.0,0.0,0.0,1.0,0.0,0.0,0.0,1.0,0.0,0.0,0.0,High,0.39
0.5163525485958167,-0.2831854070761493,0.21895882586940138,0.5112540201738043,1.315357156540671,1.4187634889122376,-0.2230389717312203,-0.80520286161417,1.0762311003195197,0.39584190305422967,-0.2160453670739934,0.6120291294416963,1.6881379546466224,1.0,0.0,0.0,0.0,1.0,0.0,0.0,0.0,1.0,0.0,0.0,0.0,Medium,2.25
-0.9422704700364372,-1.200632730217021,-0.565112532020612,-0.7636982096012542,-0.15938517935195032,-0.32339988816808835,-1.0065482401078727,1.2419230577438896,1.0762311003195197,0.01833600095891534,0.2772088956520187,-0.09606473416227178,0.5108844284059836,1.0,0.0,0.0,0.0,0.0,0.0,1.0,0.0,0.0,0.0,1.0,0.0,High,1.55
-0.2129589607203102,0.6342619160647225,0.5647294246904632,1.0310843284511881,1.2645039725443732,0.64035006511039,1.3439795650220843,1.2419230577438896,-0.9291684654932499,1.1373713535985968,-0.7092996298000055,-0.09606473416227178,0.21657104684582412,0.0,1.0,0.0,0.0,0.0,0.0,1.0,0.0,0.0,1.0,0.0,0.0,Medium,2.87
-0.2129589607203102,-1.200632730217021,-0.7745228946868886,-1.5790110088994673,-1.0408403686211032,-1.8678709671400087,-1.0065482401078727,-0.80520286161417,-0.9291684654932499,0.01833600095891534,1.263717421104043,-0.45011166596425584,0.2819740205258594,1.0,0.0,0.0,0.0,0.0,1.0,0.0,0.0,0.0,0.0,1.0,0.0,High,0.76
0.5163525485958167,1.5517092392055944,-0.044021629571969444,-0.7855858015287229,-0.14808447179721784,-0.17513066458678408,-0.2230389717312203,1.2419230577438896,1.0762311003195197,-1.2355228881433784,-0.2160453670739934,0.6120291294416963,-1.2222943741149566,0.0,0.0,1.0,0.0,0.0,1.0,0.0,0.0,0.0,0.0,1.0,0.0,High,1.46
-0.2129589607203102,-1.200632730217021,0.5062893234812695,0.9271182667957117,0.9198323921250254,1.2704942653309332,2.1274888333987367,-0.80520286161417,-0.9291684654932499,0.01833600095891534,-0.7092996298000055,0.9660760612436803,0.5108844284059836,0.0,1.0,0.0,0.0,0.0,1.0,0.0,0.0,1.0,0.0,0.0,0.0,Medium,2.51
-0.2129589607203102,-1.200632730217021,0.2627889017762965,1.1295784921247984,0.8972309770155596,0.2449654688935781,0.5604702966454319,-0.80520286161417,-0.9291684654932499,0.01833600095891534,0.2772088956520187,-0.45011166596425584,-0.4047572031145131,0.0,1.0,0.0,0.0,0.0,1.0,0.0,0.0,1.0,0.0,0.0,0.0,Medium,2.07
0.5163525485958167,1.5517092392055944,1.426720917526068,0.8942868789045081,1.6374273218505537,0.5167923787926364,0.5604702966454319,-0.80520286161417,1.0762311003195197,2.121583169775666,-0.7092996298000055,0.6120291294416963,1.1976156520463563,1.0,0.0,0.0,0.0,0.0,0.0,1.0,0.0,1.0,0.0,0.0,0.0,Low,3.02
-0.2129589607203102,-1.200632730217021,0.3407090367218879,0.18294014126177213,0.0722793255200707,-0.7187844843849001,1.3439795650220843,1.2419230577438896,-0.9291684654932499,0.01833600095891534,-0.2160453670739934,-0.8041585977662399,-0.1431453083943712,1.0,0.0,0.0,0.0,0.0,1.0,0.0,0.0,0.0,1.0,0.0,0.0,High,1.78
-1.671581979352564,-1.200632730217021,-2.1770853237075336,-2.62961542141797,-2.029652279660217,-0.7805633275437769,-1.0065482401078727,-0.80520286161417,1.0762311003195197,0.01833600095891534,0.2772088956520187,-1.512252461370208,-0.8625780188747614,1.0,0.0,0.0,0.0,0.0,0.0,0.0,1.0,0.0,0.0,1.0,0.0,High,0.59
-0.2129589607203102,0.6342619160647225,0.3699290873264847,1.6329931064565806,0.8915806232381935,1.3816961830169119,-0.2230389717312203,-0.80520286161417,1.0762311003195197,1.744077267680352,-0.7092996298000055,-0.09606473416227178,2.5383766124870837,0.0,1.0,0.0,0.0,0.0,1.0,0.0,0.0,1.0,0.0,0.0,0.0,Low,3.05
1.9749755672280704,1.5517092392055944,-0.23882196693594787,-1.863549703956562,-1.2894559348252232,-1.0400344688110594,-1.0065482401078727,1.2419230577438896,1.0762311003195197,-1.4107934855447741,0.7704631583780309,-0.45011166596425584,-1.2549958609549743,0.0,1.0,0.0,0.0,0.0,1.0,0.0,0.0,0.0,0.0,1.0,0.0,High,0.97
-0.2129589607203102,-1.200632730217021,-0.7404328356481926,0.06255838566069352,-1.3855119490404515,0.05962893941694764,0.5604702966454319,-0.80520286161417,1.0762311003195197,0.01833600095891534,0.7704631583780309,-0.45011166596425584,-2.0398315451154003,1.0,0.0,0.0,0.0,0.0,0.0,0.0,1.0,1.0,0.0,0.0,0.0,High,1.51
-0.9422704700364372,-0.2831854070761493,-0.608942607927507,-0.9387989450210045,-1.5211204396972442,0.18318662573470126,-1.0065482401078727,1.2419230577438896,1.0762311003195197,-1.1950758272045947,0.2772088956520187,-0.8041585977662399,-0.24124976891442437,1.0,0.0,0.0,0.0,1.0,0.0,0.0,0.0,0.0,0.0,1.0,0.0,High,1.14
1.2456640579119436,0.6342619160647225,-0.565112532020612,0.0023675078601542096,-0.679217726869656,-0.5210921862764943,-0.2230389717312203,1.2419230577438896,1.0762311003195197,-0.5209581448915335,0.2772088956520187,-0.8041585977662399,-0.7644735583547082,1.0,0.0,0.0,0.0,1.0,0.0,0.0,0.0,1.0,0.0,0.0,0.0,High,1.65
1.9749755672280704,1.5517092392055944,-0.29726206814514156,-0.07423906388598656,-0.6057631277638931,-0.4963806490129435,2.1274888333987367,-0.80520286161417,1.0762311003195197,-0.8849816933405865,0.2772088956520187,0.25798219763971225,0.7724963231261255,1.0,0.0,0.0,0.0,0.0,0.0,0.0,1.0,1.0,0.0,0.0,0.0,High,1.45
0.5163525485958167,-0.2831854070761493,1.2027005295574924,1.5728022286560415,1.6995812134015835,1.3816961830169119,0.5604702966454319,-0.80520286161417,-0.9291684654932499,2.121583169775666,-1.2025538925260177,0.9660760612436803,1.459227546766498,1.0,0.0,0.0,0.0,0.0,0.0,0.0,1.0,1.0,0.0,0.0,0.0,Low,3.31
-1.671581979352564,-1.200632730217021,-1.6413843959565928,-1.4476854573346543,-1.0238893072890043,-1.435419065027871,-1.0065482401078727,1.2419230577438896,1.0762311003195197,0.01833600095891534,1.756971683830055,-1.1582055295682239,-1.6147122161951695,1.0,0.0,0.0,1.0,0.0,0.0,0.0,0.0,0.0,0.0,1.0,0.0,High,0.91
-1.671581979352564,-1.200632730217021,1.197830521123393,0.8012646132127663,1.1401961894423132,0.33145584931600597,-1.0065482401078727,-0.80520286161417,1.0762311003195197,0.01833600095891534,-1.2025538925260177,1.6741699248476485,0.2819740205258594,1.0,0.0,0.0,0.0,0.0,1.0,0.0,0.0,0.0,1.0,0.0,0.0,Medium,2.59
-0.2129589607203102,-1.200632730217021,-1.3297038561742272,-0.15631753361399459,-0.5718610050996952,-1.2006594610241392,-0.2230389717312203,-0.80520286161417,-0.9291684654932499,0.01833600095891534,-0.2160453670739934,-0.09606473416227178,0.020362125805717505,1.0,0.0,0.0,0.0,0.0,0.0,1.0,0.0,1.0,0.0,0.0,0.0,High,1.24
-0.2129589607203102,-1.200632730217021,-0.7501728525163913,-0.8020014954743244,-1.0408403686211032,-1.4848421395549725,0.5604702966454319,1.2419230577438896,-0.9291684654932499,0.01833600095891534,2.743480209282079,-1.1582055295682239,-0.7317720715146905,1.0,0.0,0.0,0.0,0.0,0.0,0.0,1.0,0.0,0.0,1.0,0.0,High,0.97
1.2456640579119436,0.6342619160647225,-0.32648211874973837,-0.5119909024353628,0.19093675484476405,0.31910008068423046,-0.2230389717312203,1.2419230577438896,1.0762311003195197,-0.6422993277078847,-1.2025538925260177,-0.8041585977662399,0.8051978099661431,0.0,1.0,0.0,0.0,0.0,0.0,0.0,1.0,1.0,0.0,0.0,0.0,Medium,1.74
-0.9422704700364372,-1.200632730217021,-1.9433249188707593,-1.6063704988088034,-1.797987774788196,-2.213832488829719,-1.0065482401078727,1.2419230577438896,-0.9291684654932499,0.01833600095891534,3.2367344720080915,-1.512252461370208,-1.680115189875205,0.0,1.0,0.0,0.0,0.0,1.0,0.0,0.0,0.0,0.0,1.0,0.0,High,0.47
-0.9422704700364372,-0.2831854070761493,1.1296504030460004,0.9599496546869147,1.0384898214497187,2.2095326813458604,-0.2230389717312203,-0.80520286161417,1.0762311003195197,1.6631831458027846,-1.2025538925260177,0.6120291294416963,2.0478543098868176,1.0,0.0,0.0,0.0,1.0,0.0,0.0,0.0,1.0,0.0,0.0,0.0,Low,2.94
1.2456640579119436,0.6342619160647225,-0.8524430296324801,-0.5995412701452381,-0.5549099437675958,-0.8423421707026537,0.5604702966454319,1.2419230577438896,-0.9291684654932499,-0.46702873030648856,0.7704631583780309,-0.8041585977662399,-1.3203988346350097,1.0,0.0,0.0,0.0,1.0,0.0,0.0,0.0,1.0,0.0,0.0,0.0,High,1.39
-0.2129589607203102,0.6342619160647225,-1.7582645983749798,-1.0099336187852783,-1.3516098263762533,-0.17513066458678408,-0.2230389717312203,1.2419230577438896,-0.9291684654932499,-1.4512405464835583,0.7704631583780309,-1.1582055295682239,-2.0398315451154003,1.0,0.0,0.0,0.0,0.0,1.0,0.0,0.0,0.0,0.0,1.0,0.0,High,0.97
-0.9422704700364372,-1.200632730217021,0.150778707792009,-0.17273322755959605,-0.18763694823878213,-0.1257075900596828,-1.0065482401078727,1.2419230577438896,1.0762311003195197,0.01833600095891534,0.7704631583780309,-0.09606473416227178,0.6089888889260368,0.0,1.0,0.0,1.0,0.0,0.0,0.0,0.0,0.0,0.0,1.0,0.0,High,1.68
1.2456640579119436,0.6342619160647225,1.2173105548597905,1.1076909001973294,0.9706855761213222,0.4550135356337596,1.3439795650220843,1.2419230577438896,-0.9291684654932499,1.4205007801700824,-1.2025538925260177,2.7363107202536003,0.8051978099661431,1.0,0.0,0.0,0.0,1.0,0.0,0.0,0.0,1.0,0.0,0.0,0.0,Medium,2.71
0.5163525485958167,0.6342619160647225,-1.1008134597715526,0.01331130382388877,-0.696168788201755,0.05962893941694764,-0.2230389717312203,1.2419230577438896,-0.9291684654932499,-0.2243463646737866,0.2772088956520187,-0.45011166596425584,-0.6663690978346549,0.0,1.0,0.0,0.0,1.0,0.0,0.0,0.0,1.0,0.0,0.0,0.0,High,1.84
-0.2129589607203102,0.6342619160647225,-0.40440225369532984,-0.51746280041723,-0.1424341180198514,0.2449654688935781,-1.0065482401078727,-0.80520286161417,1.0762311003195197,-0.7366758032317132,-0.2160453670739934,-1.1582055295682239,-1.0260854530748502,1.0,0.0,0.0,0.0,0.0,1.0,0.0,0.0,1.0,0.0,0.0,0.0,High,1.48
-1.671581979352564,-1.200632730217021,0.5598594162563637,0.5057821221919371,0.7842239014682323,0.15847508847115063,-1.0065482401078727,-0.80520286161417,-0.9291684654932499,0.01833600095891534,-0.2160453670739934,-0.09606473416227178,-0.1431453083943712,1.0,0.0,0.0,0.0,0.0,0.0,1.0,0.0,1.0,0.0,0.0,0.0,Medium,2.26
-0.9422704700364372,-1.200632730217021,-1.7241745393362835,-1.6063704988088034,-0.7922248024169833,-1.670178669031603,-1.0065482401078727,-0.80520286161417,-0.9291684654932499,0.01833600095891534,-0.7092996298000055,-0.09606473416227178,-0.8952795057147792,1.0,0.0,0.0,0.0,0.0,1.0,0.0,0.0,0.0,0.0,1.0,0.0,High,0.84
1.9749755672280704,1.5517092392055944,0.3699290873264847,1.342982513417619,1.6543783831826528,0.6650616023739406,-0.2230389717312203,-0.80520286161417,1.0762311003195197,1.2047831218299032,-1.2025538925260177,0.25798219763971225,1.00140673100625,1.0,0.0,0.0,0.0,1.0,0.0,0.0,0.0,1.0,0.0,0.0,0.0,Medium,2.57
-0.2129589607203102,-0.2831854070761493,-1.5634642610110014,-2.2137511747960628,-0.8769801090774788,-1.843159429876458,-1.0065482401078727,-0.80520286161417,1.0762311003195197,-2.6376876673545455,0.2772088956520187,-1.512252461370208,-2.0398315451154003,0.0,1.0,0.0,0.0,0.0,1.0,0.0,0.0,1.0,0.0,0.0,0.0,High,0.22
0.5163525485958167,-0.2831854070761493,-0.5992025910593083,0.024255099787623333,0.10618144818426857,-0.10099605279613172,-0.2230389717312203,-0.80520286161417,1.0762311003195197,-0.008628706333607131,-0.2160453670739934,-0.45011166596425584,0.41277996788593047,0.0,1.0,0.0,0.0,0.0,0.0,0.0,1.0,1.0,0.0,0.0,0.0,High,1.81
-0.9422704700364372,-0.2831854070761493,-1.4173640079880176,-1.3437193956791775,-1.148197090391064,-1.5836882886091754,0.5604702966454319,1.2419230577438896,-0.9291684654932499,-1.9770523386877457,1.263717421104043,-1.1582055295682239,-0.47016017679454863,1.0,0.0,0.0,0.0,0.0,1.0,0.0,0.0,1.0,0.0,0.0,0.0,High,0.43
1.2456640579119436,0.6342619160647225,1.1247803946119013,0.7082423475210237,1.1006437130007491,0.43030199837020855,-0.2230389717312203,-0.80520286161417,-0.9291684654932499,1.4744301947551273,-1.2025538925260177,0.25798219763971225,1.1322126783663204,1.0,0.0,0.0,0.0,0.0,0.0,1.0,0.0,0.0,1.0,0.0,0.0,Low,2.95
1.9749755672280704,1.5517092392055944,-0.4336223042999263,0.39087226457272567,0.0722793255200707,-0.5952267980671464,0.5604702966454319,-0.80520286161417,1.0762311003195197,-0.6557816813541458,0.7704631583780309,-0.09606473416227178,0.41277996788593047,1.0,0.0,0.0,0.0,0.0,1.0,0.0,0.0,0.0,0.0,1.0,0.0,High,1.57
-0.9422704700364372,-1.200632730217021,2.137742148904589,2.20207049657077,1.2588536187670072,1.912994234183252,1.3439795650220843,-0.80520286161417,1.0762311003195197,0.01833600095891534,-0.7092996298000055,1.6741699248476485,0.7397948362861079,0.0,1.0,0.0,0.0,0.0,1.0,0.0,0.0,1.0,0.0,0.0,0.0,Low,3.07
1.9749755672280704,1.5517092392055944,0.6913496439770489,0.15010875337056884,-0.24414048601244578,0.31910008068423046,-0.2230389717312203,-0.80520286161417,-0.9291684654932499,0.5441477931631029,-0.7092996298000055,-0.45011166596425584,0.7724963231261255,0.0,1.0,0.0,0.0,0.0,1.0,0.0,0.0,0.0,0.0,1.0,0.0,Medium,2.28
-0.9422704700364372,-1.200632730217021,0.2822689355126942,-0.605013168127105,0.5017062125999141,-0.3481114254316392,-1.0065482401078727,1.2419230577438896,1.0762311003195197,0.01833600095891534,-0.7092996298000055,0.9660760612436803,-0.04504084787431804,0.0,1.0,0.0,0.0,0.0,1.0,0.0,0.0,0.0,0.0,1.0,0.0,Medium,1.76
-0.2129589607203102,-0.2831854070761493,-0.32161211031563885,-0.3751934528886827,-1.0238893072890043,-0.9288325511250811,1.3439795650220843,-0.80520286161417,-0.9291684654932499,-0.8040875714630191,1.756971683830055,0.6120291294416963,-0.8952795057147792,0.0,1.0,0.0,0.0,0.0,1.0,0.0,0.0,1.0,0.0,0.0,0.0,High,1.39
1.2456640579119436,0.6342619160647225,1.9478118199747096,1.1952412679072042,1.8521407653904756,1.3693404143851362,1.3439795650220843,-0.80520286161417,1.0762311003195197,2.2429243525920173,-1.2025538925260177,2.7363107202536003,2.832689994047244,0.0,1.0,0.0,0.0,0.0,0.0,1.0,0.0,1.0,0.0,0.0,0.0,Low,3.17
-0.2129589607203102,-1.200632730217021,-0.8134829621596845,0.3854003665908584,-0.5436092362128634,0.5415039160561871,-1.0065482401078727,1.2419230577438896,1.0762311003195197,0.01833600095891534,-1.2025538925260177,2.3822637884516165,0.05306361264573542,1.0,0.0,0.0,0.0,0.0,0.0,1.0,0.0,0.0,1.0,0.0,0.0,High,1.78
-0.2129589607203102,-1.200632730217021,0.37479909576058396,0.2869062029172489,0.9424338072344903,-0.1257075900596828,-1.0065482401078727,-0.80520286161417,1.0762311003195197,0.01833600095891534,-0.7092996298000055,0.6120291294416963,0.020362125805717505,1.0,0.0,0.0,0.0,0.0,1.0,0.0,0.0,1.0,0.0,0.0,0.0,Medium,2.25
-0.9422704700364372,-0.2831854070761493,0.6329095427678553,1.310151125526416,1.2136507885480765,0.9986673554318753,1.3439795650220843,-0.80520286161417,1.0762311003195197,0.7868301587958052,-0.7092996298000055,1.6741699248476485,0.6089888889260368,0.0,1.0,0.0,0.0,1.0,0.0,0.0,0.0,1.0,0.0,0.0,0.0,Medium,2.44
1.9749755672280704,1.5517092392055944,0.21408881743530186,-0.5940693721633709,-0.04637810380462303,-0.2616210450092115,-0.2230389717312203,1.2419230577438896,-0.9291684654932499,-0.8175699251092804,0.2772088956520187,-0.8041585977662399,-0.797175045194726,0.0,1.0,0.0,0.0,0.0,0.0,1.0,0.0,0.0,0.0,1.0,0.0,High,1.59
-0.2129589607203102,0.6342619160647225,0.5306393656517668,0.6535233677023516,1.2136507885480765,0.7762635200599187,1.3439795650220843,-0.80520286161417,1.0762311003195197,1.380053719231299,-0.2160453670739934,1.3201229930456644,-0.1431453083943712,0.0,1.0,0.0,0.0,0.0,1.0,0.0,0.0,0.0,0.0,1.0,0.0,Medium,2.33
1.2456640579119436,1.5517092392055944,-1.729044547770383,-1.3327755997154431,-1.7584352983466316,-2.1396978770390667,-1.0065482401078727,1.2419230577438896,-0.9291684654932499,-2.111875875150358,0.7704631583780309,-1.1582055295682239,-1.8436226240752938,1.0,0.0,0.0,0.0,1.0,0.0,0.0,0.0,0.0,1.0,0.0,0.0,High,0.64
0.5163525485958167,0.6342619160647225,0.44297921383797667,0.20482773318924086,1.309706802763304,0.12140778257582446,2.9109981017753888,1.2419230577438896,1.0762311003195197,0.4228066103467521,-0.2160453670739934,0.9660760612436803,0.020362125805717505,0.0,1.0,0.0,0.0,0.0,1.0,0.0,0.0,0.0,1.0,0.0,0.0,High,2.15
-0.2129589607203102,-0.2831854070761493,1.8163215922540248,1.425060983145627,1.5865741378542562,1.2581384966991582,0.5604702966454319,1.2419230577438896,1.0762311003195197,1.6901478530953071,-0.7092996298000055,-0.09606473416227178,0.6089888889260368,1.0,0.0,0.0,0.0,0.0,1.0,0.0,0.0,0.0,1.0,0.0,0.0,Low,3.01
1.2456640579119436,0.6342619160647225,0.5890794668609605,1.0310843284511881,0.1626849859579322,0.31910008068423046,-0.2230389717312203,-0.80520286161417,-0.9291684654932499,1.2856772437074706,0.2772088956520187,0.9660760612436803,1.3611230862464452,1.0,0.0,0.0,0.0,1.0,0.0,0.0,0.0,0.0,0.0,1.0,0.0,Medium,2.46
-0.2129589607203102,-1.200632730217021,-1.2907437887014315,-1.8197745201016242,-1.5211204396972442,-1.4107075277643204,-1.0065482401078727,1.2419230577438896,-0.9291684654932499,0.01833600095891534,1.263717421104043,-1.512252461370208,-1.8763241109153115,0.0,1.0,0.0,0.0,0.0,0.0,0.0,1.0,0.0,0.0,1.0,0.0,High,0.53
-1.671581979352564,-1.200632730217021,-0.9693232320508672,-0.8020014954743244,-0.39104968422397135,-0.10099605279613172,-0.2230389717312203,1.2419230577438896,-0.9291684654932499,0.01833600095891534,-0.2160453670739934,-0.8041585977662399,-0.8952795057147792,1.0,0.0,0.0,0.0,0.0,0.0,0.0,1.0,1.0,0.0,0.0,0.0,High,1.3
0.5163525485958167,1.5517092392055944,-2.459545812885302,-2.3779081142520786,-1.877092727671325,-0.7064287157531247,-1.0065482401078727,-0.80520286161417,-0.9291684654932499,-2.46241706995315,0.7704631583780309,-1.512252461370208,-2.0398315451154003,1.0,0.0,0.0,0.0,0.0,0.0,0.0,1.0,0.0,0.0,1.0,0.0,High,0.37
-0.2129589607203102,0.6342619160647225,-0.6479026754003029,0.4455912443913977,-0.5549099437675958,0.33145584931600597,0.5604702966454319,1.2419230577438896,-0.9291684654932499,0.09923012283648246,-0.7092996298000055,0.9660760612436803,-0.6336676109946373,0.0,1.0,0.0,0.0,1.0,0.0,0.0,0.0,1.0,0.0,0.0,0.0,High,1.96
-0.2129589607203102,-1.200632730217021,-1.2371736959263375,-1.3874945795341151,-1.317707703712055,-2.213832488829719,-0.2230389717312203,-0.80520286161417,1.0762311003195197,0.01833600095891534,2.2502259465560672,-1.1582055295682239,-0.6336676109946373,0.0,1.0,0.0,0.0,0.0,1.0,0.0,0.0,0.0,0.0,1.0,0.0,High,0.53
-0.2129589607203102,-0.2831854070761493,0.4819392813107722,0.6042762858655465,-0.4532035757750014,0.7391962141645926,0.5604702966454319,1.2419230577438896,-0.9291684654932499,0.11271247648274399,0.7704631583780309,-0.45011166596425584,0.3473769942058949,1.0,0.0,0.0,0.0,1.0,0.0,0.0,0.0,0.0,0.0,1.0,0.0,Medium,2.06
1.2456640579119436,0.6342619160647225,2.142612157338688,1.6384650044384481,0.513006920154647,1.5670327124935421,0.5604702966454319,-0.80520286161417,1.0762311003195197,2.2968537671770624,-0.2160453670739934,1.6741699248476485,1.949749849366764,1.0,0.0,0.0,0.0,0.0,1.0,0.0,0.0,0.0,1.0,0.0,0.0,Low,3.23
1.9749755672280704,1.5517092392055944,-0.7112127850435958,-1.0099336187852783,-0.6114134815412595,0.022561633521621906,-1.0065482401078727,-0.80520286161417,1.0762311003195197,-0.42658166936770514,0.2772088956520187,-0.09606473416227178,0.2819740205258594,1.0,0.0,0.0,0.0,0.0,1.0,0.0,0.0,0.0,0.0,1.0,0.0,High,1.47
1.2456640579119436,0.6342619160647225,1.2757506560689842,0.5495573060468745,1.0328394676723527,2.110686532291658,2.1274888333987367,-0.80520286161417,1.0762311003195197,1.9328302187280093,-1.2025538925260177,0.6120291294416963,1.0341082178462677,1.0,0.0,0.0,0.0,0.0,1.0,0.0,0.0,0.0,1.0,0.0,0.0,Low,2.82
-0.9422704700364372,-0.2831854070761493,-0.8767930718029774,0.2595467130079129,-1.2103509819420941,-1.0771017747063856,0.5604702966454319,1.2419230577438896,-0.9291684654932499,-1.1950758272045947,1.263717421104043,-0.45011166596425584,0.24927253368584176,0.0,1.0,0.0,0.0,1.0,0.0,0.0,0.0,0.0,0.0,1.0,0.0,High,1.18
-0.9422704700364372,-0.2831854070761493,-0.10733173921526265,-0.4736876165622922,-2.0692047561017817,-0.32339988816808835,-1.0065482401078727,-0.80520286161417,1.0762311003195197,-0.7097110959391908,-0.2160453670739934,-0.09606473416227178,-0.9933839662348324,1.0,0.0,0.0,0.0,1.0,0.0,0.0,0.0,1.0,0.0,0.0,0.0,High,1.36
-0.2129589607203102,-0.2831854070761493,-0.3118720934474398,-0.922383251075403,-1.3346587650441541,-1.262438304183016,-0.2230389717312203,-0.80520286161417,1.0762311003195197,-1.0063228761569376,0.2772088956520187,0.25798219763971225,-1.549309242515134,1.0,0.0,0.0,0.0,0.0,1.0,0.0,0.0,0.0,0.0,1.0,0.0,High,1.13
0.5163525485958167,0.6342619160647225,0.7156996861475462,0.4893664282463356,0.2700417077278935,0.3438116179477811,0.5604702966454319,-0.80520286161417,1.0762311003195197,-0.15693459644248042,-0.7092996298000055,-0.09606473416227178,0.5762874020860191,0.0,1.0,0.0,1.0,0.0,0.0,0.0,0.0,0.0,0.0,1.0,0.0,Medium,1.95
1.9749755672280704,1.5517092392055944,-1.2274336790581386,-1.9018529898296321,-1.6002253925803733,0.022561633521621906,-1.0065482401078727,1.2419230577438896,1.0762311003195197,-1.6130287902386926,-0.2160453670739934,-0.8041585977662399,-1.058786939914868,1.0,0.0,0.0,0.0,1.0,0.0,0.0,0.0,1.0,0.0,0.0,0.0,High,0.82
-0.9422704700364372,-0.2831854070761493,-0.9839332573531656,-1.8033588261560223,-1.2781552272704906,-0.9164767824933059,-1.0065482401078727,-0.80520286161417,1.0762311003195197,-1.3029346563746846,2.2502259465560672,-1.512252461370208,-1.1895928872749388,1.0,0.0,0.0,0.0,0.0,0.0,0.0,1.0,0.0,0.0,1.0,0.0,High,1.01
-0.9422704700364372,-1.200632730217021,0.3114889861172911,1.0529719203786574,0.9819862836760551,0.7886192886916943,-0.2230389717312203,-0.80520286161417,-0.9291684654932499,0.01833600095891534,-0.7092996298000055,-0.45011166596425584,1.00140673100625,1.0,0.0,0.0,0.0,0.0,1.0,0.0,0.0,1.0,0.0,0.0,0.0,Medium,2.28
-1.671581979352564,-1.200632730217021,0.18973877526480454,0.5714448979743436,0.5186572739320134,0.31910008068423046,-0.2230389717312203,1.2419230577438896,1.0762311003195197,0.01833600095891534,-1.2025538925260177,-0.09606473416227178,0.3473769942058949,0.0,1.0,0.0,0.0,0.0,0.0,1.0,0.0,0.0,1.0,0.0,0.0,Medium,2.11
-0.2129589607203102,0.6342619160647225,0.08259858971461627,-0.17820512554146334,0.5582097503735778,1.319917339858035,-0.2230389717312203,-0.80520286161417,-0.9291684654932499,-0.10300518185743578,0.2772088956520187,-0.09606473416227178,0.3146755073658773,0.0,1.0,0.0,0.0,0.0,1.0,0.0,0.0,0.0,0.0,1.0,0.0,Medium,2.3
-0.2129589607203102,0.6342619160647225,-0.9644532236167677,-1.0646525986039503,-0.08593058024618774,-0.7805633275437769,-0.2230389717312203,-0.80520286161417,1.0762311003195197,-1.2490052417896396,0.7704631583780309,-1.512252461370208,0.38007848104591285,1.0,0.0,0.0,0.0,0.0,0.0,1.0,0.0,0.0,0.0,1.0,0.0,High,1.22
-1.671581979352564,-1.200632730217021,1.3244507404099788,1.1514660840522668,0.818126024132431,0.4920808415290853,-0.2230389717312203,-0.80520286161417,-0.9291684654932499,0.01833600095891534,-1.2025538925260177,1.3201229930456644,1.3284215994064275,1.0,0.0,0.0,0.0,0.0,1.0,0.0,0.0,0.0,0.0,1.0,0.0,Low,2.42
-0.9422704700364372,-1.200632730217021,-0.38979222839303124,-0.09612665581345528,0.20788781617686336,-0.6940729471213493,0.5604702966454319,1.2419230577438896,-0.9291684654932499,0.01833600095891534,-0.2160453670739934,-0.09606473416227178,0.3473769942058949,1.0,0.0,0.0,0.0,0.0,1.0,0.0,0.0,1.0,0.0,0.0,0.0,High,1.64
0.5163525485958167,0.6342619160647225,0.50141931504717,0.8669273889951721,0.513006920154647,0.7886192886916943,2.1274888333987367,1.2419230577438896,-0.9291684654932499,0.32843013482292377,0.2772088956520187,-0.09606473416227178,-0.8625780188747614,1.0,0.0,0.0,0.0,0.0,0.0,1.0,0.0,1.0,0.0,0.0,0.0,Medium,2.11
-0.9422704700364372,-1.200632730217021,0.2871389439467938,-0.019520084067314526,-0.15938517935195032,-0.0021499037419291703,-0.2230389717312203,-0.80520286161417,-0.9291684654932499,0.01833600095891534,-0.7092996298000055,0.9660760612436803,2.4729736388070482,0.0,1.0,0.0,0.0,1.0,0.0,0.0,0.0,0.0,0.0,1.0,0.0,Medium,1.88
1.2456640579119436,1.5517092392055944,1.8455416428586213,0.7903208172490317,0.8237763779097971,1.2704942653309332,0.5604702966454319,-0.80520286161417,1.0762311003195197,1.6092537312177397,-1.2025538925260177,2.3822637884516165,0.020362125805717505,0.0,1.0,0.0,0.0,0.0,1.0,0.0,0.0,1.0,0.0,0.0,0.0,Low,2.89
0.5163525485958167,-0.2831854070761493,0.3212290029854901,0.8997587768863757,1.1062940667781151,0.6032827592150639,1.3439795650220843,-0.80520286161417,-0.9291684654932499,1.433983133816344,-0.2160453670739934,0.6120291294416963,0.4454814547259481,0.0,1.0,0.0,0.0,0.0,0.0,0.0,1.0,1.0,0.0,0.0,0.0,Medium,2.56
-0.2129589607203102,-1.200632730217021,0.42349918010157855,-0.23292410536013536,-1.006938245956905,-0.5705152608035956,-0.2230389717312203,1.2419230577438896,1.0762311003195197,0.01833600095891534,-0.7092996298000055,-0.8041585977662399,-0.6663690978346549,0.0,1.0,0.0,0.0,0.0,1.0,0.0,0.0,0.0,0.0,1.0,0.0,Medium,1.78
1.2456640579119436,1.5517092392055944,-0.11707175608346136,-0.024991982049181804,-0.05767881135935592,0.04727317078517254,-0.2230389717312203,-0.80520286161417,-0.9291684654932499,0.5711125004556254,-1.2025538925260177,-0.09606473416227178,1.7862424151666754,0.0,1.0,0.0,0.0,0.0,0.0,1.0,0.0,0.0,0.0,1.0,0.0,Medium,2.09
-0.9422704700364372,-1.200632730217021,-0.7988729368573859,-0.18914892150519788,-0.6509659579828242,-0.1257075900596828,-1.0065482401078727,-0.80520286161417,1.0762311003195197,0.01833600095891534,-0.7092996298000055,-0.8041585977662399,-0.6990705846746729,1.0,0.0,0.0,0.0,0.0,0.0,1.0,0.0,0.0,1.0,0.0,0.0,High,1.48
-0.2129589607203102,-1.200632730217021,-2.074815146591445,-1.354663191642912,-1.5550225623614424,-1.8308036612446827,-1.0065482401078727,1.2419230577438896,-0.9291684654932499,0.01833600095891534,0.2772088956520187,-1.1582055295682239,-1.2549958609549743,0.0,1.0,0.0,0.0,1.0,0.0,0.0,0.0,0.0,0.0,1.0,0.0,High,0.45
-0.2129589607203102,-1.200632730217021,0.3699290873264847,-0.10159855379532257,-0.06332916513672236,0.04727317078517254,-1.0065482401078727,-0.80520286161417,-0.9291684654932499,0.01833600095891534,-0.2160453670739934,-0.09606473416227178,-0.5028616636345662,0.0,1.0,0.0,0.0,1.0,0.0,0.0,0.0,0.0,0.0,1.0,0.0,Medium,1.71
-1.671581979352564,-1.200632730217021,-0.1462918066880582,-0.550294188308433,0.2135381699542298,-0.08864028416435663,-0.2230389717312203,-0.80520286161417,-0.9291684654932499,0.01833600095891534,-0.2160453670739934,-0.45011166596425584,-0.8952795057147792,1.0,0.0,0.0,0.0,0.0,1.0,0.0,0.0,0.0,0.0,1.0,0.0,High,1.54
-0.2129589607203102,-1.200632730217021,0.86179993917053,0.7191861434847583,0.45085302860361687,0.6650616023739406,-0.2230389717312203,-0.80520286161417,1.0762311003195197,0.01833600095891534,-0.7092996298000055,0.6120291294416963,1.1649141652063388,0.0,1.0,0.0,1.0,0.0,0.0,0.0,0.0,1.0,0.0,0.0,0.0,Medium,2.3
-1.671581979352564,-1.200632730217021,-0.37031219465663345,-0.7144511277644491,-0.5323085286581305,-0.8176306334391028,1.3439795650220843,-0.80520286161417,1.0762311003195197,0.01833600095891534,0.2772088956520187,-0.09606473416227178,-0.5355631504745841,0.0,1.0,0.0,0.0,0.0,1.0,0.0,0.0,0.0,0.0,1.0,0.0,High,1.3
-0.9422704700364372,-1.200632730217021,-0.1609018319903568,0.29784999888098346,0.5582097503735778,-0.44695757448584195,2.9109981017753888,-0.80520286161417,1.0762311003195197,0.01833600095891534,0.7704631583780309,-0.09606473416227178,0.4454814547259481,1.0,0.0,0.0,0.0,0.0,1.0,0.0,0.0,0.0,0.0,1.0,0.0,High,1.98
-0.9422704700364372,-1.200632730217021,-1.1933436200194423,-1.5078763351351936,-1.9335962654449887,-0.10099605279613172,-1.0065482401078727,1.2419230577438896,-0.9291684654932499,0.01833600095891534,-0.7092996298000055,-1.512252461370208,-0.9606824793948148,0.0,1.0,0.0,0.0,1.0,0.0,0.0,0.0,0.0,0.0,1.0,0.0,High,0.81
0.5163525485958167,0.6342619160647225,0.8082298463954363,0.1282211614431001,0.1626849859579322,1.1592923476449553,-0.2230389717312203,-0.80520286161417,-0.9291684654932499,0.8003125124420661,-0.2160453670739934,0.25798219763971225,1.655436467806605,1.0,0.0,0.0,0.0,0.0,0.0,0.0,1.0,1.0,0.0,0.0,0.0,Medium,2.41
-0.2129589607203102,0.6342619160647225,-0.5943325826252087,-0.38066535087055,-1.9335962654449887,-0.44695757448584195,1.3439795650220843,-0.80520286161417,-0.9291684654932499,-1.2490052417896396,1.263717421104043,-0.8041585977662399,-1.7782196503952583,1.0,0.0,0.0,1.0,0.0,0.0,0.0,0.0,0.0,0.0,1.0,0.0,High,1.13
0.5163525485958167,-0.2831854070761493,0.9640701162866191,1.0803314102879933,0.8576785005739949,0.3932346924748828,1.3439795650220843,1.2419230577438896,-0.9291684654932499,0.5037007322243195,-1.2025538925260177,1.3201229930456644,0.5762874020860191,0.0,1.0,0.0,0.0,0.0,0.0,0.0,1.0,0.0,1.0,0.0,0.0,Medium,2.48
-0.9422704700364372,-0.2831854070761493,-2.5131159056603964,-2.5037617678350244,-1.0634417837305687,-1.7813805867175811,-1.0065482401078727,1.2419230577438896,1.0762311003195197,-1.9635699850414845,2.2502259465560672,-1.512252461370208,-1.6147122161951695,1.0,0.0,0.0,0.0,0.0,0.0,1.0,0.0,0.0,0.0,1.0,0.0,High,0.52
-0.9422704700364372,-0.2831854070761493,-0.8767930718029774,-1.0810682925495518,-0.8713297553001124,-0.8176306334391028,-1.0065482401078727,1.2419230577438896,-0.9291684654932499,-0.5883699131228397,-0.2160453670739934,-0.09606473416227178,-0.3393542294344775,1.0,0.0,0.0,0.0,0.0,0.0,1.0,0.0,0.0,0.0,1.0,0.0,High,1.57
1.9749755672280704,1.5517092392055944,-0.4579723464704236,-1.0263493127308798,-0.17633624068404966,-1.299505610078342,-0.2230389717312203,1.2419230577438896,1.0762311003195197,-1.1815934735583336,-0.7092996298000055,0.25798219763971225,1.1322126783663204,1.0,0.0,0.0,0.0,0.0,0.0,1.0,0.0,0.0,1.0,0.0,0.0,High,1.13
1.9749755672280704,1.5517092392055944,0.06311855597821849,0.784848919267164,0.1344332170711004,-0.1380633586914579,1.3439795650220843,-0.80520286161417,1.0762311003195197,0.3014654275304013,0.2772088956520187,0.6120291294416963,0.05306361264573542,1.0,0.0,0.0,0.0,0.0,0.0,0.0,1.0,1.0,0.0,0.0,0.0,High,2.15
-1.671581979352564,-1.200632730217021,-0.1852518741608541,0.3580408766815224,-0.7978751561943498,0.6527058337421652,0.5604702966454319,1.2419230577438896,-0.9291684654932499,0.01833600095891534,0.7704631583780309,-0.8041585977662399,-1.6474137030351872,1.0,0.0,0.0,0.0,0.0,0.0,1.0,0.0,0.0,0.0,1.0,0.0,High,1.8
-0.2129589607203102,-1.200632730217021,0.8374498970000327,1.8463971277494018,0.7559721325814005,1.5793884811253174,-0.2230389717312203,-0.80520286161417,-0.9291684654932499,0.01833600095891534,-1.2025538925260177,-0.45011166596425584,0.9360037573262142,1.0,0.0,0.0,0.0,1.0,0.0,0.0,0.0,0.0,1.0,0.0,0.0,Medium,2.87
-0.2129589607203102,-1.200632730217021,-0.40440225369532984,-0.7801139035468556,-1.1990502743873612,-1.262438304183016,-0.2230389717312203,-0.80520286161417,-0.9291684654932499,0.01833600095891534,0.7704631583780309,-0.8041585977662399,-0.7317720715146905,1.0,0.0,0.0,0.0,0.0,0.0,1.0,0.0,1.0,0.0,0.0,0.0,High,1.14
-1.671581979352564,-1.200632730217021,-1.008283299523663,-1.2671128239330367,-1.2951062886025897,-1.3242171473418929,-1.0065482401078727,1.2419230577438896,-0.9291684654932499,0.01833600095891534,-0.2160453670739934,-1.1582055295682239,-1.1568914004349211,0.0,1.0,0.0,0.0,0.0,0.0,1.0,0.0,0.0,0.0,1.0,0.0,High,1.08
-0.2129589607203102,-0.2831854070761493,-0.4677123633386227,-1.1522029663138256,-0.47015463710710037,-0.2986883509045377,-0.2230389717312203,1.2419230577438896,-0.9291684654932499,-1.1681111199120722,-0.2160453670739934,-1.512252461370208,-1.0260854530748502,1.0,0.0,0.0,0.0,0.0,1.0,0.0,0.0,0.0,1.0,0.0,0.0,High,1.09
-0.2129589607203102,-0.2831854070761493,-1.061853392298757,-0.6870916378551131,0.032726849078505996,-1.1018133119699363,1.3439795650220843,-0.80520286161417,1.0762311003195197,-0.8175699251092804,2.2502259465560672,-0.45011166596425584,-1.549309242515134,1.0,0.0,0.0,0.0,1.0,0.0,0.0,0.0,1.0,0.0,0.0,0.0,High,1.16
-1.671581979352564,-1.200632730217021,0.08259858971461627,-0.07971096186785383,-0.6679170193149231,0.010205864889846369,-1.0065482401078727,-0.80520286161417,-0.9291684654932499,0.01833600095891534,0.7704631583780309,-0.45011166596425584,1.4265260599264804,1.0,0.0,0.0,0.0,1.0,0.0,0.0,0.0,0.0,0.0,1.0,0.0,High,1.58
-0.9422704700364372,-0.2831854070761493,-0.1609018319903568,0.24313101906231144,0.08358003307480319,0.5044366101608608,1.3439795650220843,1.2419230577438896,1.0762311003195197,0.4497713176392746,-0.2160453670739934,0.9660760612436803,0.5108844284059836,0.0,1.0,0.0,0.0,0.0,0.0,0.0,1.0,1.0,0.0,0.0,0.0,High,2.08
-0.9422704700364372,-0.2831854070761493,0.21408881743530186,0.8614554910133052,-0.18763694823878213,0.40559046110665786,0.5604702966454319,-0.80520286161417,1.0762311003195197,0.18012424471404986,-1.2025538925260177,0.25798219763971225,0.08576509948575305,0.0,1.0,0.0,0.0,1.0,0.0,0.0,0.0,0.0,0.0,1.0,0.0,Medium,2.08
-1.671581979352564,-1.200632730217021,-1.3735339320811226,-0.4463281266529562,-0.9730361232927067,-0.28633258227276237,-0.2230389717312203,-0.80520286161417,1.0762311003195197,0.01833600095891534,-0.2160453670739934,1.3201229930456644,1.0668097046862852,1.0,0.0,0.0,0.0,0.0,0.0,0.0,1.0,1.0,0.0,0.0,0.0,High,1.22
1.2456640579119436,1.5517092392055944,0.47219926444257315,1.5563865347104402,1.0271891138949858,0.6650616023739406,-0.2230389717312203,-0.80520286161417,1.0762311003195197,1.0564772317210298,-0.7092996298000055,1.6741699248476485,0.3146755073658773,1.0,0.0,0.0,0.0,1.0,0.0,0.0,0.0,0.0,1.0,0.0,0.0,Medium,2.51
-0.9422704700364372,-1.200632730217021,0.16538873309430724,-0.33689016701561214,0.24178993884106165,-0.026861441005479807,-1.0065482401078727,-0.80520286161417,-0.9291684654932499,0.01833600095891534,-0.2160453670739934,1.6741699248476485,0.6416903757660544,0.0,1.0,0.0,1.0,0.0,0.0,0.0,0.0,1.0,0.0,0.0,0.0,High,1.76
0.5163525485958167,1.5517092392055944,0.5939494752950597,0.6863547555935545,-1.1651481517231634,-0.9164767824933059,-1.0065482401078727,-0.80520286161417,-0.9291684654932499,0.01833600095891534,2.743480209282079,-0.09606473416227178,-1.0914884267548857,0.0,1.0,0.0,0.0,0.0,1.0,0.0,0.0,1.0,0.0,0.0,0.0,High,1.5
-1.671581979352564,-1.200632730217021,-1.1202934935079505,-0.577653678217769,-0.42495180688816964,-1.2130152296559147,-1.0065482401078727,1.2419230577438896,-0.9291684654932499,0.01833600095891534,-0.2160453670739934,-0.09606473416227178,0.11846658632577067,0.0,1.0,0.0,0.0,0.0,0.0,0.0,1.0,1.0,0.0,0.0,0.0,High,1.26
0.5163525485958167,1.5517092392055944,-1.008283299523663,-0.26028359526947137,-1.0747424912853016,-0.5952267980671464,-1.0065482401078727,-0.80520286161417,1.0762311003195197,-0.8310522787555417,0.7704631583780309,-1.512252461370208,-0.01233936103430012,1.0,0.0,0.0,0.0,0.0,0.0,1.0,0.0,1.0,0.0,0.0,0.0,High,1.3
1.9749755672280704,1.5517092392055944,-0.6527726838344021,-0.4134967387617529,-0.7244205570885868,-0.33575565679986386,0.5604702966454319,-0.80520286161417,1.0762311003195197,-1.3433817173134683,1.756971683830055,-0.8041585977662399,-0.01233936103430012,0.0,1.0,0.0,0.0,1.0,0.0,0.0,0.0,0.0,0.0,1.0,0.0,High,1.23
0.5163525485958167,1.5517092392055944,0.004678454769025167,0.3580408766815224,1.0836926516686494,-0.17513066458678408,-1.0065482401078727,1.2419230577438896,-0.9291684654932499,0.1936065983603114,-0.2160453670739934,1.3201229930456644,1.7535409283266576,0.0,0.0,1.0,0.0,0.0,1.0,0.0,0.0,0.0,1.0,0.0,0.0,Medium,2.21
1.2456640579119436,0.6342619160647225,0.49167929817897127,0.702770449539156,0.5638601041509446,0.4920808415290853,0.5604702966454319,-0.80520286161417,-0.9291684654932499,0.28798307388413974,-0.7092996298000055,1.6741699248476485,0.41277996788593047,0.0,1.0,0.0,0.0,1.0,0.0,0.0,0.0,1.0,0.0,0.0,0.0,Medium,2.41
0.5163525485958167,0.6342619160647225,2.064692022393097,2.0762168429878245,1.7334833360657813,2.0489076891327813,2.1274888333987367,1.2419230577438896,-0.9291684654932499,2.1485478770681885,-1.2025538925260177,2.3822637884516165,0.05306361264573542,0.0,1.0,0.0,0.0,1.0,0.0,0.0,0.0,1.0,0.0,0.0,0.0,Low,3.45
1.2456640579119436,0.6342619160647225,-1.2566537296627354,-1.3984383754978496,-1.3346587650441541,-2.016140190721313,-1.0065482401078727,1.2419230577438896,-0.9291684654932499,-1.3838287782522516,1.756971683830055,-0.45011166596425584,-0.9279809925547969,0.0,1.0,0.0,1.0,0.0,0.0,0.0,0.0,1.0,0.0,0.0,0.0,High,0.89
0.5163525485958167,0.6342619160647225,-0.375182203090733,-0.462743820598558,-0.1706858869066832,-0.33575565679986386,-1.0065482401078727,-0.80520286161417,1.0762311003195197,-0.2243463646737866,-0.2160453670739934,-0.45011166596425584,0.1511680731657886,1.0,0.0,0.0,0.0,0.0,0.0,0.0,1.0,0.0,0.0,1.0,0.0,High,1.71
-1.671581979352564,-1.200632730217021,-1.7972246658477755,-1.8033588261560223,-1.504169378365145,-0.9658998570204074,-1.0065482401078727,1.2419230577438896,-0.9291684654932499,0.01833600095891534,0.2772088956520187,-1.512252461370208,-0.9606824793948148,1.0,0.0,0.0,0.0,0.0,0.0,1.0,0.0,1.0,0.0,0.0,0.0,High,0.73
-0.2129589607203102,-0.2831854070761493,-1.2225636706240393,-1.0099336187852783,-0.7357212646433197,-0.6817171784895739,-0.2230389717312203,1.2419230577438896,-0.9291684654932499,-1.4916876074223415,0.7704631583780309,0.25798219763971225,0.1511680731657886,1.0,0.0,0.0,0.0,0.0,0.0,1.0,0.0,0.0,0.0,1.0,0.0,High,0.98
-0.9422704700364372,-0.2831854070761493,-0.6527726838344021,-0.40255294279801873,-0.9617354157379743,-1.8555151985082334,-0.2230389717312203,1.2419230577438896,-0.9291684654932499,-0.777122864170497,0.2772088956520187,-0.45011166596425584,0.21657104684582412,1.0,0.0,0.0,0.0,1.0,0.0,0.0,0.0,0.0,0.0,1.0,0.0,High,1.25
0.5163525485958167,1.5517092392055944,-0.044021629571969444,0.8176803071583677,0.6090629343698754,0.8380423632187955,-1.0065482401078727,1.2419230577438896,-0.9291684654932499,0.5980772077481479,0.2772088956520187,1.3201229930456644,0.38007848104591285,0.0,1.0,0.0,0.0,0.0,0.0,0.0,1.0,1.0,0.0,0.0,0.0,Medium,2.51
-0.9422704700364372,-0.2831854070761493,1.0858203271391056,0.6808828576116877,0.06662897174270425,0.022561633521621906,-0.2230389717312203,-0.80520286161417,-0.9291684654932499,0.9216536952584176,-0.2160453670739934,0.25798219763971225,0.1838695600058062,1.0,0.0,0.0,0.0,0.0,0.0,0.0,1.0,0.0,1.0,0.0,0.0,Medium,2.36
-0.9422704700364372,-0.2831854070761493,-0.7940029284232867,-0.5831255761996362,-1.1312460290589652,-0.4716691117493928,0.5604702966454319,1.2419230577438896,1.0762311003195197,-1.2085581808508559,1.263717421104043,-0.09606473416227178,-1.4185032951550631,0.0,1.0,0.0,0.0,1.0,0.0,0.0,0.0,0.0,0.0,1.0,0.0,High,0.99
-0.2129589607203102,0.6342619160647225,-1.0813334260351548,-1.7869431322104208,-0.6566163117601906,-1.3242171473418929,-1.0065482401078727,1.2419230577438896,-0.9291684654932499,-1.1681111199120722,0.7704631583780309,-1.1582055295682239,-1.1895928872749388,0.0,1.0,0.0,0.0,0.0,0.0,0.0,1.0,0.0,0.0,1.0,0.0,High,1.08
-1.671581979352564,-1.200632730217021,-1.2274336790581386,-0.8293609853836604,-0.20458800957088147,-0.6199383353306971,-0.2230389717312203,-0.80520286161417,1.0762311003195197,0.01833600095891534,0.2772088956520187,-0.45011166596425584,-0.17584679523438881,0.0,1.0,0.0,0.0,1.0,0.0,0.0,0.0,1.0,0.0,0.0,0.0,High,1.42
-0.2129589607203102,-1.200632730217021,-1.5537242441428025,-1.059180700622083,-1.097343906394767,-1.4230632963960956,-1.0065482401078727,1.2419230577438896,-0.9291684654932499,0.01833600095891534,0.2772088956520187,-1.1582055295682239,-1.8763241109153115,0.0,1.0,0.0,1.0,0.0,0.0,0.0,0.0,0.0,0.0,1.0,0.0,High,0.94
-0.2129589607203102,-0.2831854070761493,1.261140630766686,1.1897693699253373,1.3831614018690674,0.714484676901042,-0.2230389717312203,-0.80520286161417,-0.9291684654932499,0.6115595613944094,-0.2160453670739934,0.9660760612436803,0.05306361264573542,1.0,0.0,0.0,0.0,0.0,0.0,0.0,1.0,0.0,1.0,0.0,0.0,Medium,2.29
-0.2129589607203102,-0.2831854070761493,-0.10246173078116311,0.035198895751357505,0.1739856935126651,-0.33575565679986386,-1.0065482401078727,-0.80520286161417,-0.9291684654932499,-0.305240486551354,-0.2160453670739934,-0.09606473416227178,0.3473769942058949,1.0,0.0,0.0,1.0,0.0,0.0,0.0,0.0,0.0,0.0,1.0,0.0,Medium,1.92
-0.2129589607203102,-1.200632730217021,-0.11707175608346136,0.31426569282658495,-0.3514972077824066,-0.36046719406341454,-0.2230389717312203,1.2419230577438896,-0.9291684654932499,0.01833600095891534,0.2772088956520187,-0.8041585977662399,-0.6336676109946373,1.0,0.0,0.0,0.0,0.0,1.0,0.0,0.0,0.0,0.0,1.0,0.0,High,1.73
-0.9422704700364372,-0.2831854070761493,-0.6040725994934074,0.05708648767882624,-0.8317772788585476,-0.8670537079662043,0.5604702966454319,-0.80520286161417,-0.9291684654932499,-0.5074757912452723,1.756971683830055,-0.09606473416227178,0.020362125805717505,1.0,0.0,0.0,0.0,0.0,0.0,1.0,0.0,0.0,0.0,1.0,0.0,High,1.43
-0.2129589607203102,-0.2831854070761493,0.8812799729069282,0.67541095962982,1.45661600097483,1.0480904299589766,-0.2230389717312203,-0.80520286161417,-0.9291684654932499,0.7598654515032827,-0.7092996298000055,-0.09606473416227178,0.21657104684582412,1.0,0.0,0.0,0.0,0.0,1.0,0.0,0.0,0.0,1.0,0.0,0.0,Medium,2.67
0.5163525485958167,-0.2831854070761493,-1.9530649357389582,-1.4695730492621233,-1.0238893072890043,-1.299505610078342,-1.0065482401078727,-0.80520286161417,1.0762311003195197,-1.7748170339938272,1.756971683830055,-0.8041585977662399,-1.0260854530748502,0.0,1.0,0.0,1.0,0.0,0.0,0.0,0.0,0.0,0.0,1.0,0.0,High,0.45
-0.2129589607203102,-0.2831854070761493,0.37966910419468347,0.47295073430073375,1.1006437130007491,-0.5087364176447188,1.3439795650220843,1.2419230577438896,1.0762311003195197,0.7868301587958052,-0.2160453670739934,0.6120291294416963,-0.24124976891442437,0.0,1.0,0.0,0.0,1.0,0.0,0.0,0.0,1.0,0.0,0.0,0.0,Medium,2.3
0.5163525485958167,0.6342619160647225,0.004678454769025167,-0.8020014954743244,0.36044736816575496,-0.1380633586914579,-1.0065482401078727,-0.80520286161417,1.0762311003195197,-0.8445346324018028,0.7704631583780309,-0.45011166596425584,-1.7782196503952583,0.0,1.0,0.0,1.0,0.0,0.0,0.0,0.0,0.0,0.0,1.0,0.0,High,1.4
-1.671581979352564,-1.200632730217021,0.043638522241820715,0.4893664282463356,-0.6905184344243885,-0.19984220185033472,-0.2230389717312203,1.2419230577438896,-0.9291684654932499,0.01833600095891534,0.2772088956520187,0.25798219763971225,0.5435859152460015,1.0,0.0,0.0,0.0,0.0,0.0,0.0,1.0,0.0,0.0,1.0,0.0,High,1.91
0.5163525485958167,1.5517092392055944,1.178350487386995,1.0639157163423918,0.8294267316871631,1.4928981007028899,1.3439795650220843,1.2419230577438896,1.0762311003195197,1.9058655114354868,-0.7092996298000055,2.0282168566496326,0.8051978099661431,0.0,0.0,1.0,0.0,0.0,1.0,0.0,0.0,0.0,1.0,0.0,0.0,Low,2.97
0.5163525485958167,1.5517092392055944,-0.9401031814462706,-0.6925635358369803,-2.091806171211247,-0.43460180585406666,0.5604702966454319,1.2419230577438896,1.0762311003195197,-0.8580169860480641,1.756971683830055,-1.1582055295682239,-0.8625780188747614,0.0,1.0,0.0,0.0,1.0,0.0,0.0,0.0,0.0,0.0,1.0,0.0,High,1.01
-0.9422704700364372,-0.2831854070761493,-1.6219043622201952,-1.5407077230263968,-1.3459594725988868,-1.6207555945045014,-0.2230389717312203,1.2419230577438896,-0.9291684654932499,-1.8961582168101783,0.2772088956520187,-1.512252461370208,-2.0071300582753824,1.0,0.0,0.0,0.0,0.0,0.0,1.0,0.0,1.0,0.0,0.0,0.0,High,0.77
0.5163525485958167,-0.2831854070761493,-0.17551185729265503,-0.22745220737826807,0.1739856935126651,0.4550135356337596,-0.2230389717312203,1.2419230577438896,-0.9291684654932499,-0.08952282821117455,0.2772088956520187,0.6120291294416963,0.2819740205258594,1.0,0.0,0.0,0.0,1.0,0.0,0.0,0.0,1.0,0.0,0.0,0.0,High,1.54
-0.2129589607203102,-0.2831854070761493,1.251400613898487,1.1131627981791963,1.2927557414312052,1.1098692731178534,0.5604702966454319,-0.80520286161417,-0.9291684654932499,1.5957713775714788,-1.2025538925260177,1.3201229930456644,1.3611230862464452,1.0,0.0,0.0,0.0,0.0,1.0,0.0,0.0,0.0,1.0,0.0,0.0,Low,2.94
1.2456640579119436,1.5517092392055944,-0.16577184042445597,-0.9387989450210045,-1.4476658405914815,-0.3975344999587407,-1.0065482401078727,1.2419230577438896,1.0762311003195197,-1.4107934855447741,-0.7092996298000055,-0.8041585977662399,-0.4047572031145131,1.0,0.0,0.0,0.0,0.0,1.0,0.0,0.0,0.0,0.0,1.0,0.0,High,0.95
1.2456640579119436,0.6342619160647225,-0.8865330886711764,-0.2165084114145339,-0.5605602975449623,-0.4716691117493928,-1.0065482401078727,-0.80520286161417,-0.9291684654932499,-0.4805110839527498,-0.7092996298000055,-0.8041585977662399,-0.797175045194726,1.0,0.0,0.0,0.0,1.0,0.0,0.0,0.0,0.0,0.0,1.0,0.0,High,1.47
-0.2129589607203102,0.6342619160647225,1.9526818284088097,1.2937354315808145,1.490518123639028,1.665878861547745,-0.2230389717312203,-0.80520286161417,-0.9291684654932499,1.5822890239252172,-1.2025538925260177,2.7363107202536003,1.230317138886374,1.0,0.0,0.0,0.0,0.0,0.0,1.0,0.0,0.0,1.0,0.0,0.0,Low,2.99
-0.9422704700364372,-0.2831854070761493,0.44297921383797667,0.451063142373265,1.162797604551779,1.011023124063651,1.3439795650220843,-0.80520286161417,1.0762311003195197,0.8003125124420661,-0.7092996298000055,0.25798219763971225,1.00140673100625,1.0,0.0,0.0,0.0,0.0,0.0,1.0,0.0,1.0,0.0,0.0,0.0,Medium,2.56
0.5163525485958167,0.6342619160647225,0.49167929817897127,0.6535233677023516,0.3095941841694578,0.8009750573234694,0.5604702966454319,1.2419230577438896,-0.9291684654932499,0.28798307388413974,-0.7092996298000055,0.25798219763971225,1.1976156520463563,0.0,1.0,0.0,0.0,0.0,1.0,0.0,0.0,0.0,1.0,0.0,0.0,Medium,2.44
-0.2129589607203102,-1.200632730217021,-0.5066724308114182,-0.6378445560183083,-0.47015463710710037,-0.4222460372222913,2.1274888333987367,-0.80520286161417,1.0762311003195197,0.01833600095891534,-0.7092996298000055,-0.09606473416227178,-0.47016017679454863,1.0,0.0,0.0,0.0,1.0,0.0,0.0,0.0,1.0,0.0,0.0,0.0,High,1.22
0.5163525485958167,0.6342619160647225,0.6621295933724524,1.2116569618528066,0.7220700099172026,0.5662154533197377,-0.2230389717312203,-0.80520286161417,1.0762311003195197,1.1913007681836416,-0.7092996298000055,1.3201229930456644,0.05306361264573542,0.0,1.0,0.0,0.0,1.0,0.0,0.0,0.0,1.0,0.0,0.0,0.0,Medium,2.64
-0.2129589607203102,-1.200632730217021,-1.1495135441125472,-0.39160914683428416,-0.13678376424248495,-1.0029671629157333,-1.0065482401078727,-0.80520286161417,1.0762311003195197,0.01833600095891534,0.2772088956520187,-0.8041585977662399,-0.4047572031145131,1.0,0.0,0.0,0.0,1.0,0.0,0.0,0.0,0.0,0.0,1.0,0.0,High,1.62
-0.2129589607203102,0.6342619160647225,-0.6771227260048994,0.9052306748682427,0.33219559927892317,0.022561633521621906,-0.2230389717312203,-0.80520286161417,1.0762311003195197,-0.21086401102752536,-0.2160453670739934,-0.09606473416227178,-0.04504084787431804,0.0,1.0,0.0,1.0,0.0,0.0,0.0,0.0,0.0,0.0,1.0,0.0,High,1.83
1.9749755672280704,1.5517092392055944,0.384539112628783,1.0201405324874544,0.01577578774640706,0.18318662573470126,0.5604702966454319,-0.80520286161417,-0.9291684654932499,1.1238889999523358,1.756971683830055,0.25798219763971225,-0.797175045194726,0.0,1.0,0.0,0.0,1.0,0.0,0.0,0.0,1.0,0.0,0.0,0.0,Medium,2.27
-1.671581979352564,-1.200632730217021,-1.3443138814765256,-1.8197745201016242,-0.8656794015227459,-2.0284959593530885,-0.2230389717312203,1.2419230577438896,1.0762311003195197,0.01833600095891534,0.2772088956520187,-0.8041585977662399,-2.0398315451154003,0.0,1.0,0.0,0.0,0.0,0.0,1.0,0.0,1.0,0.0,0.0,0.0,High,0.76
-0.2129589607203102,0.6342619160647225,0.7351797198839444,1.2937354315808145,1.609175552963722,0.010205864889846369,1.3439795650220843,-0.80520286161417,1.0762311003195197,1.272194890061209,-0.7092996298000055,0.9660760612436803,0.9033022704861966,0.0,1.0,0.0,0.0,0.0,0.0,0.0,1.0,0.0,1.0,0.0,0.0,Low,2.79
-0.9422704700364372,-1.200632730217021,0.944590082550221,0.6589952656842185,1.0328394676723527,0.05962893941694764,-0.2230389717312203,-0.80520286161417,1.0762311003195197,0.01833600095891534,-0.7092996298000055,0.25798219763971225,0.7724963231261255,0.0,1.0,0.0,0.0,0.0,0.0,1.0,0.0,1.0,0.0,0.0,0.0,Medium,2.43
-0.2129589607203102,0.6342619160647225,-0.15603182355625725,0.21577152915297543,0.48475515126781515,1.3446288771215857,-0.2230389717312203,-0.80520286161417,-0.9291684654932499,0.3419124884691847,-0.7092996298000055,0.6120291294416963,0.1511680731657886,0.0,1.0,0.0,0.0,0.0,0.0,1.0,0.0,0.0,0.0,1.0,0.0,Medium,2.12
-0.2129589607203102,-1.200632730217021,0.5062893234812695,0.029726997769490223,1.275804680099106,0.20789816299825234,0.5604702966454319,-0.80520286161417,-0.9291684654932499,0.01833600095891534,-0.2160453670739934,0.25798219763971225,1.0668097046862852,0.0,1.0,0.0,0.0,0.0,1.0,0.0,0.0,1.0,0.0,0.0,0.0,Medium,2.09
1.9749755672280704,1.5517092392055944,-2.0650751297232457,-1.7212803564280146,-2.300869260973802,-0.6322941039624724,-0.2230389717312203,1.2419230577438896,-0.9291684654932499,-2.1927699970279253,0.7704631583780309,-1.1582055295682239,-1.9744285714353647,0.0,1.0,0.0,0.0,0.0,1.0,0.0,0.0,1.0,0.0,0.0,0.0,High,0.62
-0.9422704700364372,-1.200632730217021,0.8861499813410273,1.091275206251728,1.3888117556464334,1.0357346613272016,-1.0065482401078727,-0.80520286161417,-0.9291684654932499,0.01833600095891534,-0.2160453670739934,0.25798219763971225,-0.1431453083943712,1.0,0.0,0.0,0.0,0.0,1.0,0.0,0.0,0.0,0.0,1.0,0.0,Medium,2.49
0.5163525485958167,1.5517092392055944,0.6329095427678553,0.7684332253215626,0.5299579814867459,0.7268404455328175,-0.2230389717312203,-0.80520286161417,1.0762311003195197,0.6520066223331928,0.7704631583780309,-0.09606473416227178,0.1511680731657886,1.0,0.0,0.0,1.0,0.0,0.0,0.0,0.0,1.0,0.0,0.0,0.0,Medium,2.1
-0.2129589607203102,0.6342619160647225,-1.4806741176313105,-1.43674166137092,-0.4984064059939322,-1.744313280822255,-1.0065482401078727,1.2419230577438896,1.0762311003195197,-1.6130287902386926,-0.2160453670739934,-1.1582055295682239,-1.2549958609549743,1.0,0.0,0.0,0.0,0.0,0.0,0.0,1.0,1.0,0.0,0.0,0.0,High,0.7
0.5163525485958167,0.6342619160647225,-1.729044547770383,-2.0495942353400465,-1.3685608877083524,-1.435419065027871,-1.0065482401078727,-0.80520286161417,1.0762311003195197,-1.572581729299909,1.756971683830055,-1.1582055295682239,-1.2876973477949922,0.0,1.0,0.0,0.0,0.0,1.0,0.0,0.0,1.0,0.0,0.0,0.0,High,0.59
0.5163525485958167,0.6342619160647225,0.3212290029854901,1.4633642690186974,0.049677910410604924,1.5546769438617667,0.5604702966454319,-0.80520286161417,1.0762311003195197,0.9621007561972009,-1.2025538925260177,-0.45011166596425584,0.05306361264573542,0.0,1.0,0.0,0.0,0.0,1.0,0.0,0.0,1.0,0.0,0.0,0.0,Medium,2.7
1.2456640579119436,0.6342619160647225,-0.05863165487426803,0.5495573060468745,0.16833533973529866,1.1592923476449553,-0.2230389717312203,1.2419230577438896,-0.9291684654932499,0.2745007202378788,0.2772088956520187,0.6120291294416963,-1.0260854530748502,1.0,0.0,0.0,0.0,1.0,0.0,0.0,0.0,1.0,0.0,0.0,0.0,Medium,1.98
1.2456640579119436,1.5517092392055944,0.5501193993881646,-0.21103651343266663,0.5469090428188449,0.22025393163002746,-0.2230389717312203,1.2419230577438896,-0.9291684654932499,0.3419124884691847,0.2772088956520187,0.25798219763971225,-1.582010729355152,0.0,1.0,0.0,0.0,0.0,0.0,1.0,0.0,0.0,1.0,0.0,0.0,Medium,2.24
-1.671581979352564,-1.200632730217021,-0.1609018319903568,0.13916495740683427,-0.14808447179721784,-0.6199383353306971,0.5604702966454319,1.2419230577438896,-0.9291684654932499,0.01833600095891534,0.2772088956520187,-0.8041585977662399,0.05306361264573542,0.0,1.0,0.0,0.0,0.0,0.0,1.0,0.0,0.0,0.0,1.0,0.0,High,1.85
-0.2129589607203102,0.6342619160647225,-1.7485245815067807,-0.05782336994038471,-1.1538474441684305,-1.3612844532372188,-0.2230389717312203,-0.80520286161417,-0.9291684654932499,-1.2085581808508559,0.7704631583780309,-0.45011166596425584,-1.4839062688350986,1.0,0.0,0.0,1.0,0.0,0.0,0.0,0.0,1.0,0.0,0.0,0.0,High,1.1
-0.2129589607203102,-1.200632730217021,-0.5505025067183137,-0.08518285984972072,-0.6057631277638931,-0.7558517902802261,1.3439795650220843,-0.80520286161417,-0.9291684654932499,0.01833600095891534,1.263717421104043,-1.1582055295682239,-1.582010729355152,1.0,0.0,0.0,0.0,0.0,0.0,0.0,1.0,1.0,0.0,0.0,0.0,High,1.13
-0.2129589607203102,0.6342619160647225,-0.7453028440822921,-2.169975990941125,-0.7809240948622505,-0.4593133431176175,-0.2230389717312203,-0.80520286161417,-0.9291684654932499,-1.2894523027284233,-0.2160453670739934,-1.512252461370208,-0.5355631504745841,0.0,1.0,0.0,0.0,1.0,0.0,0.0,0.0,1.0,0.0,0.0,0.0,High,0.86
-0.2129589607203102,-1.200632730217021,-1.8507947586228695,-0.5338784943628315,-0.7131198495338543,-0.7187844843849001,-0.2230389717312203,-0.80520286161417,-0.9291684654932499,0.01833600095891534,1.756971683830055,-1.512252461370208,-0.3066527425944599,1.0,0.0,0.0,0.0,0.0,0.0,1.0,0.0,1.0,0.0,0.0,0.0,High,0.95
-0.9422704700364372,-0.2831854070761493,2.3568925284390647,1.036556226433056,0.6881678872530039,1.7647250106019483,-1.0065482401078727,-0.80520286161417,1.0762311003195197,2.121583169775666,-1.2025538925260177,-0.09606473416227178,-0.01233936103430012,0.0,1.0,0.0,0.0,0.0,0.0,1.0,0.0,0.0,1.0,0.0,0.0,Low,3.33
0.5163525485958167,-0.2831854070761493,1.4559409681306643,1.6658244943477842,2.57538604889337,1.5176096379664406,0.5604702966454319,1.2419230577438896,-0.9291684654932499,2.3912302427008907,-1.2025538925260177,4.152498447461537,1.655436467806605,1.0,0.0,0.0,0.0,1.0,0.0,0.0,0.0,0.0,1.0,0.0,0.0,Low,3.32
0.5163525485958167,-0.2831854070761493,0.301748969249092,-0.3478339629793467,0.15703463218056618,0.8256865945870205,-1.0065482401078727,1.2419230577438896,-0.9291684654932499,0.01833600095891534,-0.7092996298000055,0.25798219763971225,0.24927253368584176,0.0,1.0,0.0,0.0,0.0,0.0,0.0,1.0,1.0,0.0,0.0,0.0,Medium,1.86
-0.2129589607203102,-0.2831854070761493,0.4137591632333798,-0.2931149831606747,0.2361395850636952,-0.5087364176447188,-1.0065482401078727,-0.80520286161417,-0.9291684654932499,0.20708895200657235,-0.2160453670739934,-0.45011166596425584,-1.516607755675116,0.0,1.0,0.0,0.0,0.0,1.0,0.0,0.0,1.0,0.0,0.0,0.0,High,1.94
-0.2129589607203102,0.6342619160647225,-0.8524430296324801,-0.922383251075403,-1.2047006281647277,-0.990611394283958,-0.2230389717312203,-0.80520286161417,1.0762311003195197,-1.3433817173134683,0.7704631583780309,0.6120291294416963,-0.3066527425944599,1.0,0.0,0.0,1.0,0.0,0.0,0.0,0.0,1.0,0.0,0.0,0.0,High,0.85
1.2456640579119436,0.6342619160647225,-0.24369197537004741,-0.5284065963809642,0.2361395850636952,0.4673693042655347,0.5604702966454319,1.2419230577438896,1.0762311003195197,-0.34568754749013775,0.2772088956520187,0.25798219763971225,1.0341082178462677,0.0,1.0,0.0,1.0,0.0,0.0,0.0,0.0,1.0,0.0,0.0,0.0,High,1.75
-0.9422704700364372,-0.2831854070761493,-1.6608644296929906,-1.3273037017335758,-1.1707985055005294,-1.6948902062951539,-1.0065482401078727,-0.80520286161417,-0.9291684654932499,-1.8152640949326113,1.263717421104043,-0.45011166596425584,0.08576509948575305,1.0,0.0,0.0,0.0,0.0,0.0,0.0,1.0,0.0,0.0,1.0,0.0,High,0.6
0.5163525485958167,0.6342619160647225,0.5160293403494686,0.478422632282601,-0.4532035757750014,-0.2986883509045377,-0.2230389717312203,-0.80520286161417,-0.9291684654932499,0.05878306189769905,-0.2160453670739934,-1.1582055295682239,-0.24124976891442437,0.0,1.0,0.0,0.0,0.0,0.0,1.0,0.0,1.0,0.0,0.0,0.0,Medium,2.23
1.9749755672280704,1.5517092392055944,-0.0537616464401685,-0.08518285984972072,-0.15373482557458387,-0.1380633586914579,-0.2230389717312203,-0.80520286161417,1.0762311003195197,0.5576301468093645,0.7704631583780309,-0.45011166596425584,-0.5355631504745841,1.0,0.0,0.0,0.0,1.0,0.0,0.0,0.0,1.0,0.0,0.0,0.0,High,1.88
-0.2129589607203102,-1.200632730217021,-0.5115424392455178,-1.4312697633890528,-0.34019650022767417,-0.18748643321855962,0.5604702966454319,1.2419230577438896,1.0762311003195197,0.01833600095891534,0.7704631583780309,-0.8041585977662399,0.11846658632577067,1.0,0.0,0.0,0.0,0.0,0.0,0.0,1.0,1.0,0.0,0.0,0.0,High,1.5
-1.671581979352564,-1.200632730217021,0.004678454769025167,-1.29994421182424,-1.9109948503355234,-0.2739768136409871,-1.0065482401078727,1.2419230577438896,1.0762311003195197,0.01833600095891534,0.7704631583780309,-1.512252461370208,-0.7317720715146905,1.0,0.0,0.0,1.0,0.0,0.0,0.0,0.0,0.0,0.0,1.0,0.0,High,0.72
-0.2129589607203102,-1.200632730217021,0.5695994331245624,0.3580408766815224,0.64861541081144,0.5044366101608608,-1.0065482401078727,-0.80520286161417,-0.9291684654932499,0.01833600095891534,-0.7092996298000055,0.6120291294416963,1.00140673100625,1.0,0.0,0.0,0.0,0.0,0.0,1.0,0.0,1.0,0.0,0.0,0.0,Medium,2.23
-0.2129589607203102,0.6342619160647225,0.18486876683070502,0.46747883631886644,0.48475515126781515,0.5167923787926364,0.5604702966454319,-0.80520286161417,1.0762311003195197,1.258712536414948,-0.2160453670739934,0.25798219763971225,0.1838695600058062,0.0,1.0,0.0,1.0,0.0,0.0,0.0,0.0,1.0,0.0,0.0,0.0,Medium,2.5
0.5163525485958167,-0.2831854070761493,-1.3881439573834207,-1.6063704988088034,-1.5550225623614424,-1.4230632963960956,-1.0065482401078727,1.2419230577438896,1.0762311003195197,-1.0332875834494601,2.2502259465560672,-0.45011166596425584,-0.797175045194726,1.0,0.0,0.0,0.0,1.0,0.0,0.0,0.0,0.0,0.0,1.0,0.0,High,0.9
0.5163525485958167,0.6342619160647225,-0.3605721777884344,0.1610525493343034,0.840727439241896,-0.05157297826903045,-1.0065482401078727,-0.80520286161417,-0.9291684654932499,-0.2513110719663091,-0.2160453670739934,-0.45011166596425584,-0.7317720715146905,0.0,1.0,0.0,0.0,0.0,0.0,1.0,0.0,0.0,0.0,1.0,0.0,High,1.88
-0.2129589607203102,0.6342619160647225,1.0663402934027075,1.1733536759797358,0.4565033823809833,0.6156385278468389,0.5604702966454319,1.2419230577438896,1.0762311003195197,0.7329007442107602,-1.2025538925260177,-0.45011166596425584,0.8051978099661431,1.0,0.0,0.0,0.0,0.0,0.0,0.0,1.0,0.0,1.0,0.0,0.0,Low,2.57
-0.2129589607203102,-0.2831854070761493,1.8260616091222233,1.3320387174538844,1.14584654321968,1.6164557870206435,0.5604702966454319,-0.80520286161417,-0.9291684654932499,1.636218438510262,-1.2025538925260177,0.9660760612436803,1.2630186257263916,1.0,0.0,0.0,0.0,1.0,0.0,0.0,0.0,1.0,0.0,0.0,0.0,Low,3.06
0.5163525485958167,1.5517092392055944,-1.3589239067788241,-1.890909193865898,-1.5719736236935415,-1.299505610078342,-1.0065482401078727,1.2419230577438896,1.0762311003195197,-1.7478523267013049,-0.2160453670739934,-1.1582055295682239,0.21657104684582412,1.0,0.0,0.0,0.0,0.0,0.0,1.0,0.0,1.0,0.0,0.0,0.0,High,0.66
1.2456640579119436,0.6342619160647225,-0.8865330886711764,-0.6487883519820429,-1.0351900148437367,-0.9041210138615305,-0.2230389717312203,1.2419230577438896,-0.9291684654932499,-0.8580169860480641,0.7704631583780309,-0.45011166596425584,-0.24124976891442437,1.0,0.0,0.0,0.0,0.0,0.0,0.0,1.0,0.0,0.0,1.0,0.0,High,1.15
-1.671581979352564,-1.200632730217021,0.7497897451862425,0.702770449539156,1.0158884063402538,0.9245327436412231,-0.2230389717312203,-0.80520286161417,-0.9291684654932499,0.01833600095891534,-1.2025538925260177,2.0282168566496326,-0.47016017679454863,1.0,0.0,0.0,1.0,0.0,0.0,0.0,0.0,0.0,0.0,1.0,0.0,Medium,2.46
-0.9422704700364372,-0.2831854070761493,0.150778707792009,0.1282211614431001,0.11183180196163502,-0.05157297826903045,-0.2230389717312203,-0.80520286161417,1.0762311003195197,0.11271247648274399,0.2772088956520187,1.3201229930456644,0.05306361264573542,0.0,1.0,0.0,0.0,0.0,0.0,0.0,1.0,1.0,0.0,0.0,0.0,Medium,1.91
-0.2129589607203102,-0.2831854070761493,-1.5098941682359073,-0.550294188308433,-0.9730361232927067,-1.2500825355512406,-1.0065482401078727,1.2419230577438896,1.0762311003195197,-1.7208876194087823,0.2772088956520187,-0.8041585977662399,-0.6990705846746729,1.0,0.0,0.0,0.0,1.0,0.0,0.0,0.0,1.0,0.0,0.0,0.0,High,0.88
-0.2129589607203102,-1.200632730217021,-0.24369197537004741,-0.6925635358369803,-0.7131198495338543,-0.8917652452297552,-0.2230389717312203,-0.80520286161417,-0.9291684654932499,0.01833600095891534,-0.2160453670739934,-0.09606473416227178,-0.8625780188747614,1.0,0.0,0.0,0.0,0.0,0.0,0.0,1.0,1.0,0.0,0.0,0.0,High,1.36
-0.9422704700364372,-1.200632730217021,1.3001006982394816,0.8395678990858361,0.9141820383476585,1.6164557870206435,0.5604702966454319,-0.80520286161417,1.0762311003195197,0.01833600095891534,-1.2025538925260177,1.6741699248476485,0.38007848104591285,0.0,1.0,0.0,0.0,0.0,1.0,0.0,0.0,1.0,0.0,0.0,0.0,Medium,2.49
1.2456640579119436,1.5517092392055944,0.6621295933724524,0.9052306748682427,0.998937345008154,-0.16277489595500855,1.3439795650220843,-0.80520286161417,-0.9291684654932499,0.6115595613944094,-0.7092996298000055,-0.09606473416227178,1.0668097046862852,1.0,0.0,0.0,0.0,0.0,0.0,1.0,0.0,1.0,0.0,0.0,0.0,Medium,2.23
-0.2129589607203102,-0.2831854070761493,0.024158488505422942,-0.23839600334200264,-0.2328397784577133,0.5909269905832883,1.3439795650220843,1.2419230577438896,-0.9291684654932499,-0.3322051938438765,-0.2160453670739934,-0.8041585977662399,-0.7644735583547082,0.0,1.0,0.0,0.0,0.0,0.0,1.0,0.0,1.0,0.0,0.0,0.0,High,1.85
0.5163525485958167,-0.2831854070761493,-1.8605347754910686,-1.8799653979021635,-1.9844494494412863,-1.7196017435587043,-1.0065482401078727,-0.80520286161417,1.0762311003195197,-2.3815229480755824,2.2502259465560672,-1.512252461370208,-1.1568914004349211,0.0,1.0,0.0,1.0,0.0,0.0,0.0,0.0,1.0,0.0,0.0,0.0,High,0.04
0.5163525485958167,0.6342619160647225,-1.3540538983447246,-0.5338784943628315,-0.03507739624989054,-0.409890268590516,-1.0065482401078727,1.2419230577438896,-0.9291684654932499,-0.8040875714630191,-0.2160453670739934,-1.1582055295682239,-1.2876973477949922,0.0,1.0,0.0,0.0,0.0,0.0,0.0,1.0,0.0,0.0,1.0,0.0,High,1.54
0.5163525485958167,-0.2831854070761493,0.46732925600847397,1.1131627981791963,0.7446714250266676,1.1592923476449553,1.3439795650220843,-0.80520286161417,-0.9291684654932499,1.3396066582925155,-1.2025538925260177,0.6120291294416963,0.38007848104591285,0.0,1.0,0.0,1.0,0.0,0.0,0.0,0.0,0.0,0.0,1.0,0.0,Medium,2.59
1.9749755672280704,1.5517092392055944,-0.6284226416639047,-1.0263493127308798,-0.5210078211033976,-1.3736402218689943,-1.0065482401078727,-0.80520286161417,1.0762311003195197,-1.0063228761569376,0.7704631583780309,-1.1582055295682239,-0.273951255754442,1.0,0.0,0.0,0.0,0.0,0.0,1.0,0.0,0.0,0.0,1.0,0.0,High,1.37
1.2456640579119436,0.6342619160647225,-0.2339519585018487,-0.30953067710627613,0.26439135395052704,-0.7434960216484507,-1.0065482401078727,-0.80520286161417,-0.9291684654932499,-0.3322051938438765,-0.7092996298000055,0.6120291294416963,0.08576509948575305,1.0,0.0,0.0,0.0,1.0,0.0,0.0,0.0,0.0,0.0,1.0,0.0,Medium,1.83
0.5163525485958167,-0.2831854070761493,-2.401105711676109,-0.9442708430028717,-1.097343906394767,-2.213832488829719,-1.0065482401078727,1.2419230577438896,-0.9291684654932499,-2.2062523506741867,-0.7092996298000055,-1.1582055295682239,-1.4512047819950809,1.0,0.0,0.0,0.0,0.0,0.0,1.0,0.0,1.0,0.0,0.0,0.0,High,0.52
0.5163525485958167,-0.2831854070761493,-0.4823223886409209,-0.17273322755959605,-0.3062943775634759,-0.7558517902802261,-1.0065482401078727,-0.80520286161417,-0.9291684654932499,-0.9523934615718928,2.743480209282079,-0.45011166596425584,-0.5682646373146018,1.0,0.0,0.0,0.0,0.0,0.0,1.0,0.0,0.0,0.0,1.0,0.0,High,1.3
0.5163525485958167,1.5517092392055944,0.4819392813107722,0.9873091445962507,0.6260139957019742,0.9739558181683248,-0.2230389717312203,-0.80520286161417,1.0762311003195197,0.3149477811766622,-0.2160453670739934,0.25798219763971225,0.6416903757660544,0.0,1.0,0.0,0.0,0.0,1.0,0.0,0.0,1.0,0.0,0.0,0.0,Medium,2.48
1.2456640579119436,0.6342619160647225,-0.07324168017656628,0.2923781008991162,0.19093675484476405,-0.07628451553258109,1.3439795650220843,-0.80520286161417,-0.9291684654932499,0.2745007202378788,-0.7092996298000055,-0.09606473416227178,-0.3066527425944599,0.0,1.0,0.0,0.0,0.0,0.0,1.0,0.0,0.0,0.0,1.0,0.0,Medium,2.17
1.9749755672280704,1.5517092392055944,0.39914913793108125,0.423703652463929,0.64861541081144,1.0604461985907523,-0.2230389717312203,-0.80520286161417,-0.9291684654932499,0.7463830978570212,-1.2025538925260177,0.25798219763971225,-0.3066527425944599,0.0,1.0,0.0,0.0,0.0,0.0,0.0,1.0,1.0,0.0,0.0,0.0,Medium,2.5
-1.671581979352564,-1.200632730217021,-1.2274336790581386,-1.1795624562231615,-2.53818411962319,-2.213832488829719,-1.0065482401078727,-0.80520286161417,1.0762311003195197,0.01833600095891534,0.7704631583780309,-1.1582055295682239,-0.9933839662348324,1.0,0.0,0.0,1.0,0.0,0.0,0.0,0.0,1.0,0.0,0.0,0.0,High,0.65
1.9749755672280704,1.5517092392055944,-1.5439842272746036,-0.7253949237281836,-0.44190286822026853,-0.9658998570204074,-0.2230389717312203,-0.80520286161417,-0.9291684654932499,-1.0467699370957213,1.263717421104043,-0.8041585977662399,0.3473769942058949,0.0,1.0,0.0,1.0,0.0,0.0,0.0,0.0,1.0,0.0,0.0,0.0,High,1.03
-0.2129589607203102,0.6342619160647225,-0.19986189946315233,-0.11801424774092402,0.1965871086221305,0.6527058337421652,0.5604702966454319,-0.80520286161417,-0.9291684654932499,0.3014654275304013,0.2772088956520187,0.25798219763971225,0.478182941565966,1.0,0.0,0.0,0.0,1.0,0.0,0.0,0.0,0.0,0.0,1.0,0.0,High,2.02
-0.9422704700364372,-1.200632730217021,-0.4238822874317276,-0.577653678217769,-0.10853199535565312,-0.5705152608035956,-0.2230389717312203,1.2419230577438896,1.0762311003195197,0.01833600095891534,1.263717421104043,-0.45011166596425584,-0.24124976891442437,1.0,0.0,0.0,0.0,0.0,0.0,1.0,0.0,1.0,0.0,0.0,0.0,High,1.36
1.2456640579119436,0.6342619160647225,2.3568925284390647,1.3703420033269549,1.6035251991863553,1.2581384966991582,-1.0065482401078727,-0.80520286161417,1.0762311003195197,1.9328302187280093,-1.2025538925260177,0.25798219763971225,0.7070933494460903,1.0,0.0,0.0,0.0,0.0,1.0,0.0,0.0,1.0,0.0,0.0,0.0,Low,3.03
-0.2129589607203102,0.6342619160647225,1.6069112295877475,1.753374862057659,1.5752734302995233,0.9616000495365492,-0.2230389717312203,-0.80520286161417,-0.9291684654932499,1.798006682265397,-0.7092996298000055,1.3201229930456644,1.7208394414866401,1.0,0.0,0.0,0.0,1.0,0.0,0.0,0.0,0.0,0.0,1.0,0.0,Low,3.07
-0.9422704700364372,-1.200632730217021,1.4608109765647637,2.005082169223551,1.0328394676723527,0.17083085710292617,1.3439795650220843,-0.80520286161417,1.0762311003195197,0.01833600095891534,-1.2025538925260177,2.0282168566496326,1.8189439020066935,0.0,1.0,0.0,0.0,0.0,0.0,1.0,0.0,1.0,0.0,0.0,0.0,Low,2.73
0.5163525485958167,-0.2831854070761493,-0.21447192476545057,-0.7472825156556523,-1.329008411266788,-1.3118613787101174,-1.0065482401078727,-0.80520286161417,1.0762311003195197,-0.9389111079256315,1.756971683830055,-0.09606473416227178,-0.20854828207440673,1.0,0.0,0.0,0.0,1.0,0.0,0.0,0.0,0.0,0.0,1.0,0.0,High,1.14
1.2456640579119436,1.5517092392055944,-0.1609018319903568,0.32520948879031947,-0.8091758637490822,0.8256865945870205,1.3439795650220843,1.2419230577438896,-0.9291684654932499,0.3688771957617072,-0.7092996298000055,-0.8041585977662399,0.9687052441662318,1.0,0.0,0.0,0.0,0.0,1.0,0.0,0.0,1.0,0.0,0.0,0.0,Medium,1.95
-0.2129589607203102,-1.200632730217021,-0.07324168017656628,-0.45727192261669075,-0.26674190112191115,-0.4963806490129435,-1.0065482401078727,-0.80520286161417,1.0762311003195197,0.01833600095891534,-0.7092996298000055,0.9660760612436803,0.870600783646179,1.0,0.0,0.0,1.0,0.0,0.0,0.0,0.0,1.0,0.0,0.0,0.0,Medium,1.46
-0.9422704700364372,-0.2831854070761493,0.7010896608452479,-0.33141826903374483,0.10053109440690253,0.22025393163002746,2.1274888333987367,-0.80520286161417,1.0762311003195197,0.7463830978570212,-0.2160453670739934,0.6120291294416963,-0.3066527425944599,1.0,0.0,0.0,0.0,1.0,0.0,0.0,0.0,0.0,0.0,1.0,0.0,Medium,2.37
0.5163525485958167,-0.2831854070761493,-1.2810037718332326,-1.4859887432077248,-1.329008411266788,-2.0902748025119653,-1.0065482401078727,1.2419230577438896,1.0762311003195197,-1.7748170339938272,-0.2160453670739934,-0.45011166596425584,-1.6474137030351872,1.0,0.0,0.0,0.0,1.0,0.0,0.0,0.0,0.0,0.0,1.0,0.0,High,0.75
0.5163525485958167,-0.2831854070761493,2.064692022393097,1.4578923710368306,1.8069379351715447,0.8627539004823462,-0.2230389717312203,-0.80520286161417,1.0762311003195197,2.05417140154436,-1.2025538925260177,0.9660760612436803,1.590033494126569,0.0,0.0,1.0,0.0,0.0,1.0,0.0,0.0,0.0,1.0,0.0,0.0,Low,3.0
1.9749755672280704,1.5517092392055944,-0.8621830465006791,-1.0099336187852783,-0.8487283401906469,-0.07628451553258109,-1.0065482401078727,1.2419230577438896,1.0762311003195197,-0.5748875594765784,0.7704631583780309,-0.09606473416227178,-1.1568914004349211,0.0,1.0,0.0,0.0,0.0,0.0,1.0,0.0,0.0,0.0,1.0,0.0,High,1.38
-0.2129589607203102,0.6342619160647225,0.2920089523808933,0.11180546749749827,-0.6622666655375566,0.28203277478890426,-1.0065482401078727,1.2419230577438896,1.0762311003195197,-0.2917581329050928,0.7704631583780309,0.25798219763971225,-0.6990705846746729,1.0,0.0,0.0,0.0,1.0,0.0,0.0,0.0,1.0,0.0,0.0,0.0,Medium,1.92
-0.2129589607203102,-1.200632730217021,-1.992025003211754,-0.9606865369484732,-0.08593058024618774,-1.8925825044035596,-1.0065482401078727,-0.80520286161417,1.0762311003195197,0.01833600095891534,1.263717421104043,-1.1582055295682239,-0.273951255754442,1.0,0.0,0.0,0.0,0.0,0.0,1.0,0.0,0.0,0.0,1.0,0.0,High,1.07
1.2456640579119436,1.5517092392055944,0.5549894078222641,0.3470970807177882,0.3491466606110225,0.04727317078517254,0.5604702966454319,-0.80520286161417,1.0762311003195197,0.4228066103467521,0.2772088956520187,0.25798219763971225,-0.3066527425944599,0.0,1.0,0.0,0.0,0.0,0.0,1.0,0.0,0.0,0.0,1.0,0.0,Medium,2.07
1.2456640579119436,1.5517092392055944,-0.4433623211681254,0.24313101906231144,-0.7922248024169833,-0.32339988816808835,-1.0065482401078727,-0.80520286161417,1.0762311003195197,-0.2513110719663091,-0.2160453670739934,-0.45011166596425584,-0.24124976891442437,1.0,0.0,0.0,0.0,0.0,1.0,0.0,0.0,0.0,0.0,1.0,0.0,High,1.6
-0.9422704700364372,-1.200632730217021,1.899111735633715,1.1076909001973294,1.0328394676723527,0.7515519827963681,2.1274888333987367,-0.80520286161417,1.0762311003195197,0.01833600095891534,-1.2025538925260177,1.3201229930456644,0.1511680731657886,0.0,1.0,0.0,0.0,0.0,0.0,0.0,1.0,0.0,1.0,0.0,0.0,Low,2.59
1.2456640579119436,1.5517092392055944,0.6718696102406515,0.6042762858655465,0.5356083352641123,-0.37282296269518983,2.1274888333987367,-0.80520286161417,1.0762311003195197,1.1373713535985968,-0.7092996298000055,-0.45011166596425584,0.6089888889260368,1.0,0.0,0.0,0.0,0.0,1.0,0.0,0.0,1.0,0.0,0.0,0.0,Medium,2.32
-0.9422704700364372,-1.200632730217021,0.5501193993881646,0.024255099787623333,-0.05202845758198948,-0.06392874690080598,1.3439795650220843,-0.80520286161417,-0.9291684654932499,0.01833600095891534,-0.2160453670739934,-0.8041585977662399,0.8051978099661431,0.0,1.0,0.0,0.0,1.0,0.0,0.0,0.0,0.0,0.0,1.0,0.0,Medium,1.79
1.2456640579119436,1.5517092392055944,0.6669996018065516,0.8614554910133052,0.998937345008154,0.6897731396374913,-1.0065482401078727,-0.80520286161417,-0.9291684654932499,0.004853647312654105,-0.7092996298000055,2.3822637884516165,1.1649141652063388,0.0,1.0,0.0,0.0,0.0,1.0,0.0,0.0,1.0,0.0,0.0,0.0,Medium,2.03
-0.2129589607203102,0.6342619160647225,0.48680928974487175,0.5495573060468745,0.433901967271518,0.7639077514281437,1.3439795650220843,-0.80520286161417,1.0762311003195197,0.490218378578058,-1.2025538925260177,-0.45011166596425584,1.1322126783663204,1.0,0.0,0.0,0.0,0.0,0.0,1.0,0.0,0.0,0.0,1.0,0.0,Medium,2.22
1.2456640579119436,0.6342619160647225,-0.7063427766094962,-0.9606865369484732,-0.14808447179721784,-0.5705152608035956,1.3439795650220843,-0.80520286161417,-0.9291684654932499,-1.8961582168101783,0.7704631583780309,-0.09606473416227178,-0.9279809925547969,0.0,1.0,0.0,0.0,1.0,0.0,0.0,0.0,1.0,0.0,0.0,0.0,High,1.05
-1.671581979352564,-1.200632730217021,0.004678454769025167,-1.8471340100109601,-1.3742112414857186,-1.9543613475624364,-1.0065482401078727,1.2419230577438896,1.0762311003195197,0.01833600095891534,0.7704631583780309,-1.512252461370208,-0.3066527425944599,0.0,1.0,0.0,0.0,0.0,0.0,0.0,1.0,1.0,0.0,0.0,0.0,High,0.66
0.5163525485958167,1.5517092392055944,-0.03428161270377073,-0.577653678217769,-0.04637810380462303,-0.22455373911388535,0.5604702966454319,1.2419230577438896,1.0762311003195197,-0.49399343759901104,-0.2160453670739934,-0.09606473416227178,0.08576509948575305,0.0,1.0,0.0,0.0,1.0,0.0,0.0,0.0,0.0,0.0,1.0,0.0,High,1.65
-0.9422704700364372,-1.200632730217021,-1.602424328483797,-0.29858688114254195,-0.23849013223507934,-0.8423421707026537,-1.0065482401078727,-0.80520286161417,1.0762311003195197,0.01833600095891534,0.7704631583780309,-0.09606473416227178,-0.8952795057147792,1.0,0.0,0.0,0.0,0.0,0.0,1.0,0.0,0.0,0.0,1.0,0.0,High,1.49
-0.9422704700364372,-1.200632730217021,-1.4904141344995094,-1.9073248878114994,-0.5436092362128634,-1.1388806178652624,-0.2230389717312203,1.2419230577438896,-0.9291684654932499,0.01833600095891534,1.756971683830055,-1.1582055295682239,-0.6990705846746729,1.0,0.0,0.0,0.0,0.0,1.0,0.0,0.0,1.0,0.0,0.0,0.0,High,1.07
-0.9422704700364372,-1.200632730217021,-0.3362221356179371,-0.36424965692494815,-0.26674190112191115,-0.9782556256521826,-1.0065482401078727,-0.80520286161417,1.0762311003195197,0.01833600095891534,0.2772088956520187,-0.09606473416227178,-0.17584679523438881,1.0,0.0,0.0,0.0,0.0,1.0,0.0,0.0,0.0,0.0,1.0,0.0,High,1.42
1.2456640579119436,0.6342619160647225,0.23843885960579916,0.8888149809226412,0.5299579814867459,0.33145584931600597,1.3439795650220843,1.2419230577438896,-0.9291684654932499,0.4093242567004906,-1.2025538925260177,0.6120291294416963,-0.273951255754442,0.0,1.0,0.0,0.0,1.0,0.0,0.0,0.0,0.0,1.0,0.0,0.0,Medium,2.36
-1.671581979352564,-1.200632730217021,0.7741397873567398,0.11727736547936554,0.37174807572048785,-1.126524849233487,-1.0065482401078727,-0.80520286161417,-0.9291684654932499,0.01833600095891534,-0.7092996298000055,0.25798219763971225,-0.3393542294344775,1.0,0.0,0.0,0.0,0.0,0.0,1.0,0.0,1.0,0.0,0.0,0.0,High,1.9
0.5163525485958167,1.5517092392055944,-0.8816630802370768,-1.4750449472439904,-2.2443657232001386,-0.5581594921718203,-1.0065482401078727,1.2419230577438896,-0.9291684654932499,-1.1006993516807664,0.7704631583780309,-1.512252461370208,-1.0914884267548857,0.0,1.0,0.0,0.0,1.0,0.0,0.0,0.0,0.0,1.0,0.0,0.0,High,0.88
0.5163525485958167,0.6342619160647225,-0.07324168017656628,0.9107025728501104,0.0722793255200707,0.31910008068423046,0.5604702966454319,-0.80520286161417,-0.9291684654932499,0.47673602493179706,-0.7092996298000055,1.3201229930456644,-0.6336676109946373,1.0,0.0,0.0,0.0,0.0,0.0,0.0,1.0,1.0,0.0,0.0,0.0,Medium,2.03
-0.2129589607203102,-1.200632730217021,1.0127702006276138,2.284148966298778,2.1459591618135265,0.9368885122729986,-0.2230389717312203,-0.80520286161417,-0.9291684654932499,0.01833600095891534,-1.2025538925260177,1.3201229930456644,0.6743918626060726,0.0,1.0,0.0,1.0,0.0,0.0,0.0,0.0,0.0,1.0,0.0,0.0,Low,3.08
-0.9422704700364372,-1.200632730217021,-1.2371736959263375,-1.0646525986039503,-0.5831617126544276,0.022561633521621906,-1.0065482401078727,1.2419230577438896,1.0762311003195197,0.01833600095891534,-1.2025538925260177,-0.45011166596425584,-1.1241899135949034,0.0,1.0,0.0,0.0,0.0,0.0,0.0,1.0,0.0,0.0,1.0,0.0,High,1.33
-0.9422704700364372,-1.200632730217021,1.1880905042551941,0.40181606053646024,0.28134241528262594,0.09669624531227382,-1.0065482401078727,-0.80520286161417,1.0762311003195197,0.01833600095891534,-0.2160453670739934,-0.45011166596425584,0.9687052441662318,0.0,1.0,0.0,0.0,1.0,0.0,0.0,0.0,1.0,0.0,0.0,0.0,Medium,1.98
0.5163525485958167,0.6342619160647225,0.9835501500230166,1.0310843284511881,1.9764485484925358,1.011023124063651,-0.2230389717312203,-0.80520286161417,-0.9291684654932499,2.2968537671770624,-0.7092996298000055,0.9660760612436803,1.7208394414866401,1.0,0.0,0.0,1.0,0.0,0.0,0.0,0.0,1.0,0.0,0.0,0.0,Low,3.08
1.2456640579119436,0.6342619160647225,0.8179698632636353,1.1405222880885322,0.8520281467966289,0.6527058337421652,1.3439795650220843,1.2419230577438896,-0.9291684654932499,1.2452301827686867,-1.2025538925260177,0.25798219763971225,1.1322126783663204,1.0,0.0,0.0,0.0,0.0,0.0,1.0,0.0,0.0,1.0,0.0,0.0,Medium,2.62
-0.9422704700364372,-1.200632730217021,-0.2534319922382465,-0.14537373765026004,-0.2328397784577133,0.3561673865795566,-0.2230389717312203,1.2419230577438896,-0.9291684654932499,0.01833600095891534,0.2772088956520187,0.6120291294416963,0.21657104684582412,0.0,1.0,0.0,0.0,0.0,0.0,1.0,0.0,0.0,0.0,1.0,0.0,High,1.78
1.9749755672280704,1.5517092392055944,-1.3589239067788241,-1.8471340100109601,-1.9731487418865534,-2.1767651829343926,-1.0065482401078727,1.2419230577438896,1.0762311003195197,-1.936605277748962,2.2502259465560672,-1.1582055295682239,-0.17584679523438881,1.0,0.0,0.0,0.0,0.0,0.0,0.0,1.0,1.0,0.0,0.0,0.0,High,0.48
-0.2129589607203102,-1.200632730217021,1.178350487386995,1.9230036994955428,0.6599161183661721,0.6279942964786145,-0.2230389717312203,1.2419230577438896,1.0762311003195197,0.01833600095891534,-0.7092996298000055,0.9660760612436803,0.7070933494460903,1.0,0.0,0.0,0.0,0.0,0.0,1.0,0.0,1.0,0.0,0.0,0.0,Low,2.71
-0.2129589607203102,0.6342619160647225,-0.409272262129429,-0.2219803093964008,0.08923038685216964,0.3561673865795566,-1.0065482401078727,1.2419230577438896,-0.9291684654932499,-0.34568754749013775,-0.2160453670739934,0.6120291294416963,0.020362125805717505,0.0,1.0,0.0,0.0,0.0,0.0,0.0,1.0,0.0,0.0,1.0,0.0,Medium,1.96
0.5163525485958167,1.5517092392055944,2.3422825031367664,1.342982513417619,1.784336520062079,1.5793884811253174,-0.2230389717312203,-0.80520286161417,-0.9291684654932499,1.4070184265238215,-1.2025538925260177,1.6741699248476485,1.099511191526303,1.0,0.0,0.0,1.0,0.0,0.0,0.0,0.0,0.0,1.0,0.0,0.0,Low,2.94
1.2456640579119436,0.6342619160647225,-0.46284235490452313,-1.2178657420962318,-0.4080007455560703,-0.7682075589120015,-1.0065482401078727,-0.80520286161417,-0.9291684654932499,-0.965875815218154,0.7704631583780309,-0.09606473416227178,-1.4185032951550631,1.0,0.0,0.0,0.0,0.0,1.0,0.0,0.0,0.0,0.0,1.0,0.0,High,1.14
-0.2129589607203102,0.6342619160647225,-2.191695349009832,-1.7705274382648195,-1.950547326777088,-1.435419065027871,-1.0065482401078727,1.2419230577438896,1.0762311003195197,-2.610722960062023,1.263717421104043,-1.1582055295682239,-0.7644735583547082,0.0,1.0,0.0,1.0,0.0,0.0,0.0,0.0,0.0,0.0,1.0,0.0,High,0.31
1.2456640579119436,1.5517092392055944,-0.5505025067183137,-0.38066535087055,-0.1311334104651185,-0.43460180585406666,-0.2230389717312203,1.2419230577438896,-0.9291684654932499,0.20708895200657235,0.2772088956520187,1.3201229930456644,-0.273951255754442,1.0,0.0,0.0,0.0,0.0,0.0,1.0,0.0,1.0,0.0,0.0,0.0,High,1.96
-1.671581979352564,-1.200632730217021,0.16051872466020772,-0.21103651343266663,-1.2951062886025897,-0.5458037235400449,-0.2230389717312203,-0.80520286161417,-0.9291684654932499,0.01833600095891534,-0.2160453670739934,-0.8041585977662399,0.1838695600058062,0.0,1.0,0.0,0.0,0.0,0.0,0.0,1.0,0.0,0.0,1.0,0.0,High,1.29
-0.9422704700364372,-1.200632730217021,-0.34109214405203664,-0.9825741288759423,-0.19328730201614858,-0.22455373911388535,-0.2230389717312203,-0.80520286161417,-0.9291684654932499,0.01833600095891534,-0.2160453670739934,-0.45011166596425584,-0.47016017679454863,1.0,0.0,0.0,1.0,0.0,0.0,0.0,0.0,1.0,0.0,0.0,0.0,High,1.53
-1.671581979352564,-1.200632730217021,-1.2079536453217408,-0.3478339629793467,-0.5605602975449623,-1.3736402218689943,-0.2230389717312203,1.2419230577438896,-0.9291684654932499,0.01833600095891534,1.263717421104043,-0.8041585977662399,0.2819740205258594,0.0,1.0,0.0,0.0,0.0,1.0,0.0,0.0,1.0,0.0,0.0,0.0,High,1.18
-0.2129589607203102,-0.2831854070761493,-0.8427030127642813,-0.5667098822540348,-0.6679170193149231,-0.06392874690080598,-0.2230389717312203,-0.80520286161417,-0.9291684654932499,-0.19738165738126415,-0.7092996298000055,0.25798219763971225,-0.797175045194726,1.0,0.0,0.0,0.0,0.0,1.0,0.0,0.0,0.0,0.0,1.0,0.0,High,1.72
1.2456640579119436,0.6342619160647225,-0.11707175608346136,0.31426569282658495,0.21918852373159586,-0.11335182142790726,0.5604702966454319,-0.80520286161417,-0.9291684654932499,0.47673602493179706,-1.2025538925260177,0.25798219763971225,1.00140673100625,0.0,1.0,0.0,0.0,0.0,1.0,0.0,0.0,1.0,0.0,0.0,0.0,Medium,2.17
1.2456640579119436,0.6342619160647225,0.42836918853567807,0.7465456333940943,0.7107693023624697,1.2581384966991582,1.3439795650220843,1.2419230577438896,1.0762311003195197,1.0429948780747684,-1.2025538925260177,-0.09606473416227178,1.3284215994064275,1.0,0.0,0.0,0.0,0.0,0.0,1.0,0.0,0.0,1.0,0.0,0.0,Medium,2.54
1.9749755672280704,1.5517092392055944,-0.49206240550912,0.9380620627594464,1.0497905290044516,0.5167923787926364,1.3439795650220843,-0.80520286161417,-0.9291684654932499,0.1531595374215274,-0.7092996298000055,-0.8041585977662399,-0.9279809925547969,1.0,0.0,0.0,0.0,0.0,1.0,0.0,0.0,1.0,0.0,0.0,0.0,High,2.22
-1.671581979352564,-1.200632730217021,-0.7696528862527894,-0.2931149831606747,-0.837427632635914,-0.16277489595500855,-0.2230389717312203,-0.80520286161417,-0.9291684654932499,0.01833600095891534,-0.2160453670739934,-0.09606473416227178,-0.6336676109946373,0.0,1.0,0.0,1.0,0.0,0.0,0.0,0.0,0.0,0.0,1.0,0.0,High,1.38
0.5163525485958167,0.6342619160647225,0.9543300994184201,2.0160259651872847,1.3549096329822357,0.41794622973843343,0.5604702966454319,-0.80520286161417,1.0762311003195197,1.6766654994490462,-0.7092996298000055,0.6120291294416963,1.7535409283266576,1.0,0.0,0.0,0.0,0.0,0.0,1.0,0.0,1.0,0.0,0.0,0.0,Low,3.02
-1.671581979352564,-1.200632730217021,1.6117812380218473,1.9558350873867458,1.162797604551779,1.6164557870206435,2.9109981017753888,-0.80520286161417,-0.9291684654932499,0.01833600095891534,-1.2025538925260177,-0.09606473416227178,2.571078099327101,0.0,0.0,1.0,0.0,0.0,0.0,0.0,1.0,0.0,1.0,0.0,0.0,Low,3.16
-0.2129589607203102,-1.200632730217021,1.426720917526068,1.2827916356170799,0.433901967271518,0.022561633521621906,0.5604702966454319,1.2419230577438896,1.0762311003195197,0.01833600095891534,-1.2025538925260177,0.25798219763971225,1.099511191526303,1.0,0.0,0.0,0.0,1.0,0.0,0.0,0.0,1.0,0.0,0.0,0.0,Medium,2.44
1.2456640579119436,0.6342619160647225,-0.3118720934474398,-0.3040587791244088,-0.10853199535565312,-0.2616210450092115,-0.2230389717312203,-0.80520286161417,1.0762311003195197,-0.2647934256125703,-1.2025538925260177,-0.09606473416227178,-0.4374586899545307,0.0,1.0,0.0,0.0,0.0,0.0,1.0,0.0,0.0,0.0,1.0,0.0,Medium,1.66
0.5163525485958167,1.5517092392055944,-1.811834691150074,-1.6008986008269361,-1.7753863596787307,-2.213832488829719,-1.0065482401078727,-0.80520286161417,-0.9291684654932499,-2.2601817652592313,0.2772088956520187,-1.1582055295682239,-2.0398315451154003,1.0,0.0,0.0,0.0,0.0,1.0,0.0,0.0,0.0,0.0,1.0,0.0,High,0.4
0.5163525485958167,0.6342619160647225,1.1734804789528959,1.4086452892000254,0.8802799156834606,0.12140778257582446,-0.2230389717312203,-0.80520286161417,1.0762311003195197,1.2047831218299032,-0.7092996298000055,0.9660760612436803,1.1649141652063388,0.0,1.0,0.0,0.0,0.0,0.0,0.0,1.0,0.0,1.0,0.0,0.0,Low,2.74
-0.9422704700364372,-1.200632730217021,0.4088891547992803,0.8176803071583677,0.5864615192604096,1.023378892695426,0.5604702966454319,-0.80520286161417,1.0762311003195197,0.01833600095891534,0.2772088956520187,0.6120291294416963,0.11846658632577067,0.0,1.0,0.0,0.0,0.0,1.0,0.0,0.0,0.0,1.0,0.0,0.0,Medium,2.26
0.5163525485958167,0.6342619160647225,-0.8037429452914855,-0.7582263116193869,-1.159497797945797,-0.7682075589120015,-1.0065482401078727,-0.80520286161417,1.0762311003195197,-1.262487595435901,1.756971683830055,-1.1582055295682239,-1.058786939914868,1.0,0.0,0.0,0.0,0.0,1.0,0.0,0.0,1.0,0.0,0.0,0.0,High,0.92
-0.9422704700364372,-1.200632730217021,0.09233860658281533,-0.16178943159586187,0.3491466606110225,-0.22455373911388535,-0.2230389717312203,-0.80520286161417,-0.9291684654932499,0.01833600095891534,1.756971683830055,-0.45011166596425584,-0.17584679523438881,1.0,0.0,0.0,0.0,0.0,1.0,0.0,0.0,1.0,0.0,0.0,0.0,High,1.86
0.5163525485958167,1.5517092392055944,-0.8280929874619828,-0.9387989450210045,-0.9956375384021725,-1.3242171473418929,-1.0065482401078727,-0.80520286161417,-0.9291684654932499,-1.0063228761569376,-1.2025538925260177,-1.1582055295682239,-0.17584679523438881,1.0,0.0,0.0,1.0,0.0,0.0,0.0,0.0,1.0,0.0,0.0,0.0,High,1.06
0.5163525485958167,0.6342619160647225,-0.5894625741911093,-1.223337640078099,-1.6510785765766707,-2.1644094143026176,-1.0065482401078727,-0.80520286161417,-0.9291684654932499,-2.0849111678578356,1.263717421104043,-0.8041585977662399,-0.01233936103430012,0.0,1.0,0.0,0.0,0.0,1.0,0.0,0.0,1.0,0.0,0.0,0.0,High,0.65
-0.9422704700364372,-1.200632730217021,-0.1365517898198595,0.01331130382388877,-0.3345461464503077,-0.409890268590516,-0.2230389717312203,-0.80520286161417,1.0762311003195197,0.01833600095891534,0.2772088956520187,-1.1582055295682239,0.24927253368584176,1.0,0.0,0.0,0.0,0.0,0.0,1.0,0.0,1.0,0.0,0.0,0.0,High,1.39
-0.2129589607203102,-1.200632730217021,1.037120242798111,1.1897693699253373,1.445315293420097,1.1840038849085057,0.5604702966454319,-0.80520286161417,1.0762311003195197,0.01833600095891534,-1.2025538925260177,-0.09606473416227178,1.230317138886374,1.0,0.0,0.0,1.0,0.0,0.0,0.0,0.0,1.0,0.0,0.0,0.0,Low,2.75
-0.2129589607203102,-1.200632730217021,-0.691732751307198,-1.1248434764044895,-0.5323085286581305,-0.06392874690080598,-0.2230389717312203,-0.80520286161417,-0.9291684654932499,0.01833600095891534,1.756971683830055,0.6120291294416963,-1.2876973477949922,0.0,1.0,0.0,1.0,0.0,0.0,0.0,0.0,0.0,0.0,1.0,0.0,High,1.24
1.9749755672280704,1.5517092392055944,0.783879804224939,0.7082423475210237,1.1345458356649472,0.9121769750094479,-0.2230389717312203,-0.80520286161417,-0.9291684654932499,1.2317478291224258,-1.2025538925260177,-0.09606473416227178,1.3284215994064275,1.0,0.0,0.0,0.0,0.0,1.0,0.0,0.0,0.0,1.0,0.0,0.0,Medium,2.41
-0.9422704700364372,-0.2831854070761493,1.967291853711108,2.059801149042223,1.8690918267225745,1.6905903988112958,0.5604702966454319,-0.80520286161417,-0.9291684654932499,1.6766654994490462,-1.2025538925260177,0.9660760612436803,2.571078099327101,0.0,1.0,0.0,0.0,0.0,1.0,0.0,0.0,0.0,1.0,0.0,0.0,Low,3.23
1.2456640579119436,0.6342619160647225,-0.6819927344389989,-0.51746280041723,-0.3175950851182088,-0.8670537079662043,-0.2230389717312203,-0.80520286161417,-0.9291684654932499,-0.07604047456491331,2.2502259465560672,0.25798219763971225,0.5108844284059836,0.0,1.0,0.0,0.0,1.0,0.0,0.0,0.0,1.0,0.0,0.0,0.0,High,1.44
0.5163525485958167,0.6342619160647225,0.6962196524111488,1.4031733912181585,0.5412586890414788,0.8503981318505711,0.5604702966454319,-0.80520286161417,1.0762311003195197,1.3126419509999931,-1.2025538925260177,0.25798219763971225,1.0668097046862852,1.0,0.0,0.0,0.0,0.0,1.0,0.0,0.0,1.0,0.0,0.0,0.0,Medium,2.68
-0.2129589607203102,-0.2831854070761493,0.004678454769025167,0.3470970807177882,-0.5323085286581305,0.1955423943664768,-0.2230389717312203,1.2419230577438896,-0.9291684654932499,0.1531595374215274,0.2772088956520187,0.6120291294416963,-0.20854828207440673,0.0,0.0,1.0,1.0,0.0,0.0,0.0,0.0,1.0,0.0,0.0,0.0,Medium,1.88
-0.2129589607203102,-1.200632730217021,1.4608109765647637,0.8231522051402347,0.21918852373159586,0.8009750573234694,2.1274888333987367,-0.80520286161417,1.0762311003195197,0.01833600095891534,-0.7092996298000055,2.0282168566496326,1.099511191526303,0.0,1.0,0.0,0.0,1.0,0.0,0.0,0.0,1.0,0.0,0.0,0.0,Medium,2.23
1.9749755672280704,1.5517092392055944,1.7724915163471293,2.1309358228064963,2.247665529806121,1.221071190803832,1.3439795650220843,1.2419230577438896,1.0762311003195197,1.7036302067415687,-1.2025538925260177,0.9660760612436803,2.080555796726835,0.0,1.0,0.0,0.0,1.0,0.0,0.0,0.0,0.0,1.0,0.0,0.0,Low,3.06
-0.9422704700364372,-0.2831854070761493,0.584209458426861,-0.33141826903374483,-0.7978751561943498,0.3685231552113317,1.3439795650220843,1.2419230577438896,1.0762311003195197,0.9351360489046785,0.2772088956520187,-1.1582055295682239,0.3473769942058949,0.0,1.0,0.0,0.0,0.0,1.0,0.0,0.0,1.0,0.0,0.0,0.0,Medium,1.98
-0.2129589607203102,-0.2831854070761493,-1.3637939152129235,-0.867664271256731,-0.916532585519043,-0.7311402530166754,-1.0065482401078727,-0.80520286161417,1.0762311003195197,-1.8691935095176562,1.263717421104043,-1.1582055295682239,-1.3531003214750275,1.0,0.0,0.0,0.0,0.0,0.0,1.0,0.0,0.0,0.0,1.0,0.0,High,0.96
1.2456640579119436,0.6342619160647225,-0.4238822874317276,-0.38066535087055,-0.8656794015227459,-0.43460180585406666,-0.2230389717312203,-0.80520286161417,-0.9291684654932499,-0.5614052058303172,0.2772088956520187,0.6120291294416963,-0.8625780188747614,0.0,1.0,0.0,0.0,0.0,1.0,0.0,0.0,0.0,0.0,1.0,0.0,High,1.56
0.5163525485958167,0.6342619160647225,0.852059922302331,0.21577152915297543,1.490518123639028,1.529965406598216,0.5604702966454319,-0.80520286161417,1.0762311003195197,0.908171341612156,-1.2025538925260177,1.3201229930456644,2.571078099327101,1.0,0.0,0.0,1.0,0.0,0.0,0.0,0.0,1.0,0.0,0.0,0.0,Low,2.85
0.5163525485958167,1.5517092392055944,0.9202400403797237,1.1842974719434705,-0.4645042833297339,0.8380423632187955,-0.2230389717312203,-0.80520286161417,1.0762311003195197,0.9216536952584176,-0.2160453670739934,1.3201229930456644,-0.07774233471433566,0.0,0.0,1.0,0.0,0.0,1.0,0.0,0.0,0.0,1.0,0.0,0.0,Medium,2.33
-0.9422704700364372,-1.200632730217021,0.8033598379613364,0.7520175313759612,0.24178993884106165,0.8874654377458973,2.1274888333987367,-0.80520286161417,-0.9291684654932499,0.01833600095891534,0.2772088956520187,-0.45011166596425584,-0.3066527425944599,0.0,1.0,0.0,0.0,0.0,0.0,0.0,1.0,1.0,0.0,0.0,0.0,Medium,2.15
0.5163525485958167,-0.2831854070761493,-0.15116181512215773,-0.30953067710627613,0.5017062125999141,-0.4593133431176175,-1.0065482401078727,-0.80520286161417,-0.9291684654932499,-0.08952282821117455,2.2502259465560672,0.6120291294416963,-0.01233936103430012,1.0,0.0,0.0,1.0,0.0,0.0,0.0,0.0,0.0,0.0,1.0,0.0,High,1.77
-0.9422704700364372,-0.2831854070761493,-0.05863165487426803,-0.40255294279801873,0.2756920615052595,-0.15041912732323343,-1.0065482401078727,1.2419230577438896,-0.9291684654932499,0.18012424471404986,-1.2025538925260177,0.25798219763971225,-0.1431453083943712,1.0,0.0,0.0,0.0,0.0,1.0,0.0,0.0,1.0,0.0,0.0,0.0,Medium,1.87
0.5163525485958167,-0.2831854070761493,0.6377795512019551,-0.5995412701452381,-0.1706858869066832,-0.1257075900596828,-1.0065482401078727,-0.80520286161417,-0.9291684654932499,-0.04907576727239084,-0.2160453670739934,-0.8041585977662399,0.6743918626060726,1.0,0.0,0.0,0.0,0.0,1.0,0.0,0.0,1.0,0.0,0.0,0.0,Medium,1.74
-0.2129589607203102,-1.200632730217021,-1.5926843116155982,-0.6542602499639101,-2.4082259827437635,-1.2747940728147915,-0.2230389717312203,1.2419230577438896,-0.9291684654932499,0.01833600095891534,0.7704631583780309,-1.1582055295682239,-0.6663690978346549,0.0,1.0,0.0,0.0,1.0,0.0,0.0,0.0,1.0,0.0,0.0,0.0,High,0.72
-0.2129589607203102,-1.200632730217021,0.6718696102406515,0.2595467130079129,-0.023776688695157654,0.9616000495365492,0.5604702966454319,1.2419230577438896,-0.9291684654932499,0.01833600095891534,-0.2160453670739934,-0.45011166596425584,-0.273951255754442,0.0,1.0,0.0,0.0,0.0,1.0,0.0,0.0,0.0,1.0,0.0,0.0,Medium,2.2
-1.671581979352564,-1.200632730217021,1.3975008669214708,0.6808828576116877,1.7334833360657813,1.1716481162767303,0.5604702966454319,-0.80520286161417,1.0762311003195197,0.01833600095891534,-0.7092996298000055,1.3201229930456644,0.5108844284059836,0.0,1.0,0.0,0.0,0.0,1.0,0.0,0.0,1.0,0.0,0.0,0.0,Medium,2.44
-0.9422704700364372,-0.2831854070761493,-0.6771227260048994,-0.544822290326566,-0.7978751561943498,-0.21219797048211025,0.5604702966454319,1.2419230577438896,-0.9291684654932499,-1.0063228761569376,0.2772088956520187,-0.45011166596425584,-1.1241899135949034,1.0,0.0,0.0,0.0,0.0,0.0,0.0,1.0,0.0,1.0,0.0,0.0,High,1.24
-0.2129589607203102,-0.2831854070761493,-0.618682624795706,-0.9442708430028717,-0.3514972077824066,-0.6075825666989217,0.5604702966454319,1.2419230577438896,-0.9291684654932499,-0.7231934495854521,0.2772088956520187,-0.8041585977662399,0.24927253368584176,1.0,0.0,0.0,0.0,0.0,0.0,1.0,0.0,1.0,0.0,0.0,0.0,High,1.22
0.5163525485958167,0.6342619160647225,0.7156996861475462,0.1610525493343034,0.6260139957019742,0.9368885122729986,1.3439795650220843,-0.80520286161417,-0.9291684654932499,1.0295125244285075,-0.7092996298000055,0.6120291294416963,0.7397948362861079,0.0,1.0,0.0,0.0,0.0,1.0,0.0,0.0,0.0,0.0,1.0,0.0,Medium,2.41
0.5163525485958167,0.6342619160647225,1.1247803946119013,1.4852518609461667,0.45085302860361687,1.5546769438617667,0.5604702966454319,-0.80520286161417,-0.9291684654932499,1.5957713775714788,-1.2025538925260177,-0.09606473416227178,0.7070933494460903,0.0,1.0,0.0,0.0,0.0,0.0,1.0,0.0,0.0,1.0,0.0,0.0,Low,2.9
0.5163525485958167,-0.2831854070761493,0.004678454769025167,1.2061850638709388,1.151496896997046,1.3075615712262594,0.5604702966454319,-0.80520286161417,1.0762311003195197,0.7463830978570212,-1.2025538925260177,1.3201229930456644,1.0341082178462677,1.0,0.0,0.0,0.0,1.0,0.0,0.0,0.0,0.0,0.0,1.0,0.0,Low,2.79
0.5163525485958167,-0.2831854070761493,-0.9985432826554639,-1.4531573553165216,-1.453316194368848,-1.2130152296559147,-1.0065482401078727,-0.80520286161417,-0.9291684654932499,-1.5860640829461703,0.2772088956520187,-1.512252461370208,-1.8436226240752938,0.0,1.0,0.0,0.0,0.0,0.0,0.0,1.0,0.0,0.0,1.0,0.0,High,0.78
-1.671581979352564,-1.200632730217021,-0.4579723464704236,-0.23292410536013536,-0.11418234913301957,0.09669624531227382,-0.2230389717312203,-0.80520286161417,-0.9291684654932499,0.01833600095891534,-0.2160453670739934,0.25798219763971225,-0.6990705846746729,0.0,1.0,0.0,0.0,0.0,1.0,0.0,0.0,0.0,1.0,0.0,0.0,High,1.69
1.2456640579119436,0.6342619160647225,1.3877608500532717,0.8997587768863757,0.7446714250266676,0.5662154533197377,0.5604702966454319,-0.80520286161417,-0.9291684654932499,1.3935360728775605,-0.7092996298000055,0.9660760612436803,0.05306361264573542,1.0,0.0,0.0,1.0,0.0,0.0,0.0,0.0,1.0,0.0,0.0,0.0,Low,2.48
-0.9422704700364372,-0.2831854070761493,1.8845017103314168,1.6931839842571201,0.9198323921250254,1.7400134733383972,2.1274888333987367,-0.80520286161417,-0.9291684654932499,1.8789008041429645,-1.2025538925260177,0.9660760612436803,1.5573320072865513,0.0,1.0,0.0,1.0,0.0,0.0,0.0,0.0,0.0,1.0,0.0,0.0,Low,3.0
-0.9422704700364372,-1.200632730217021,-0.30213207657924107,-1.1084277824588877,-0.9956375384021725,-0.6693614098577986,-1.0065482401078727,1.2419230577438896,1.0762311003195197,0.01833600095891534,0.2772088956520187,-0.8041585977662399,-0.6009661241546194,0.0,1.0,0.0,0.0,0.0,1.0,0.0,0.0,0.0,0.0,1.0,0.0,High,1.23
-0.9422704700364372,-0.2831854070761493,1.197830521123393,1.1350503901066653,1.5752734302995233,0.64035006511039,0.5604702966454319,-0.80520286161417,1.0762311003195197,1.9058655114354868,-1.2025538925260177,0.9660760612436803,0.5108844284059836,0.0,1.0,0.0,0.0,0.0,1.0,0.0,0.0,0.0,1.0,0.0,0.0,Low,2.81
-0.2129589607203102,-0.2831854070761493,1.1588704536505976,0.8176803071583677,1.168447958329145,1.233426959435607,1.3439795650220843,-0.80520286161417,-0.9291684654932499,1.4879125484013889,-0.7092996298000055,-0.09606473416227178,1.1649141652063388,0.0,1.0,0.0,0.0,1.0,0.0,0.0,0.0,1.0,0.0,0.0,0.0,Low,2.93
-0.2129589607203102,-1.200632730217021,-0.16577184042445597,-0.42444053472548743,-0.1424341180198514,-0.7805633275437769,0.5604702966454319,-0.80520286161417,1.0762311003195197,0.01833600095891534,-0.2160453670739934,0.25798219763971225,0.5762874020860191,1.0,0.0,0.0,0.0,0.0,0.0,0.0,1.0,1.0,0.0,0.0,0.0,High,1.64
-0.2129589607203102,-0.2831854070761493,-0.019671587401472138,0.33615328475405365,0.3265452455015571,-0.2986883509045377,-0.2230389717312203,1.2419230577438896,-0.9291684654932499,-0.15693459644248042,-0.2160453670739934,-0.45011166596425584,-0.7317720715146905,1.0,0.0,0.0,0.0,0.0,0.0,1.0,0.0,0.0,1.0,0.0,0.0,Medium,1.76
0.5163525485958167,-0.2831854070761493,-0.8573130380665795,-0.23292410536013536,-0.6114134815412595,-0.5087364176447188,-1.0065482401078727,1.2419230577438896,1.0762311003195197,-1.0602522907419827,-0.2160453670739934,-0.09606473416227178,-0.6663690978346549,1.0,0.0,0.0,0.0,0.0,0.0,1.0,0.0,0.0,0.0,1.0,0.0,High,1.15
-0.2129589607203102,0.6342619160647225,1.4364609343942663,0.8122084091765001,1.1345458356649472,0.7515519827963681,-1.0065482401078727,-0.80520286161417,1.0762311003195197,1.6631831458027846,-1.2025538925260177,0.9660760612436803,1.3284215994064275,0.0,1.0,0.0,1.0,0.0,0.0,0.0,0.0,1.0,0.0,0.0,0.0,Low,2.74
0.5163525485958167,0.6342619160647225,-0.8232229790278832,-1.4476854573346543,-1.1820992130552623,-0.9411883197568565,-1.0065482401078727,1.2419230577438896,-0.9291684654932499,-0.9928405225106764,1.263717421104043,-1.1582055295682239,-0.01233936103430012,1.0,0.0,0.0,0.0,0.0,0.0,0.0,1.0,1.0,0.0,0.0,0.0,High,0.95
0.5163525485958167,0.6342619160647225,0.852059922302331,0.2650186109897802,0.7277203636945687,0.33145584931600597,-1.0065482401078727,-0.80520286161417,1.0762311003195197,0.5441477931631029,0.7704631583780309,-0.09606473416227178,-0.6009661241546194,0.0,1.0,0.0,0.0,0.0,0.0,1.0,0.0,1.0,0.0,0.0,0.0,High,2.08
0.5163525485958167,-0.2831854070761493,0.3114889861172911,1.1186346961610638,0.39434949082995324,-0.1380633586914579,0.5604702966454319,1.2419230577438896,1.0762311003195197,0.13967718377526647,0.2772088956520187,-0.45011166596425584,-0.04504084787431804,1.0,0.0,0.0,0.0,0.0,0.0,1.0,0.0,0.0,1.0,0.0,0.0,High,1.92
1.2456640579119436,0.6342619160647225,0.6718696102406515,0.40728795851832755,0.49605585882254805,1.0357346613272016,1.3439795650220843,-0.80520286161417,-0.9291684654932499,0.6654889759794543,1.263717421104043,0.25798219763971225,0.38007848104591285,0.0,1.0,0.0,1.0,0.0,0.0,0.0,0.0,1.0,0.0,0.0,0.0,High,2.28
-0.2129589607203102,-0.2831854070761493,-0.5553725151524128,-0.9333270470391372,-1.5211204396972442,-1.2377267669194651,-1.0065482401078727,-0.80520286161417,1.0762311003195197,-0.9523934615718928,0.2772088956520187,-1.1582055295682239,-0.8625780188747614,1.0,0.0,0.0,0.0,1.0,0.0,0.0,0.0,1.0,0.0,0.0,0.0,High,1.21
-0.9422704700364372,-0.2831854070761493,-1.3978839742516198,-1.0537088026402157,-0.5605602975449623,0.05962893941694764,0.5604702966454319,1.2419230577438896,1.0762311003195197,-1.5995464365924315,1.756971683830055,-1.1582055295682239,-0.9933839662348324,0.0,1.0,0.0,0.0,0.0,0.0,0.0,1.0,0.0,0.0,1.0,0.0,High,0.92
0.5163525485958167,0.6342619160647225,1.903981744067815,1.3922295952544241,1.0215387601176198,1.319917339858035,-0.2230389717312203,1.2419230577438896,-0.9291684654932499,1.6631831458027846,-1.2025538925260177,2.3822637884516165,2.244063230926924,0.0,1.0,0.0,0.0,0.0,1.0,0.0,0.0,0.0,1.0,0.0,0.0,Low,3.03
-0.9422704700364372,-0.2831854070761493,0.5062893234812695,-0.11254234975905673,0.07792967929743674,-0.5334479549082697,-0.2230389717312203,1.2419230577438896,1.0762311003195197,0.8407595733808502,-0.2160453670739934,0.9660760612436803,-0.07774233471433566,1.0,0.0,0.0,0.0,0.0,1.0,0.0,0.0,0.0,1.0,0.0,0.0,Medium,2.08
-0.2129589607203102,-0.2831854070761493,1.353670791014576,1.2718478396533455,1.8408400578357427,0.2943885434206798,-1.0065482401078727,-0.80520286161417,1.0762311003195197,1.5688066702789563,0.2772088956520187,-0.09606473416227178,-0.4047572031145131,0.0,1.0,0.0,1.0,0.0,0.0,0.0,0.0,0.0,1.0,0.0,0.0,Low,2.9
-0.2129589607203102,0.6342619160647225,-1.685214471863488,-1.6446737846818738,-1.3968126565951842,-1.2130152296559147,-1.0065482401078727,1.2419230577438896,-0.9291684654932499,-2.0579464605653133,2.2502259465560672,-0.8041585977662399,-1.4839062688350986,0.0,1.0,0.0,0.0,1.0,0.0,0.0,0.0,1.0,0.0,0.0,0.0,High,0.45
1.2456640579119436,1.5517092392055944,-0.8232229790278832,-0.3204744730700107,0.09488074062953608,-0.8423421707026537,0.5604702966454319,-0.80520286161417,-0.9291684654932499,-0.9928405225106764,0.2772088956520187,-0.8041585977662399,0.6089888889260368,1.0,0.0,0.0,0.0,0.0,1.0,0.0,0.0,0.0,0.0,1.0,0.0,High,1.41
0.5163525485958167,1.5517092392055944,0.3650590788923852,0.5276697141194058,0.027076495301139546,-0.409890268590516,2.1274888333987367,1.2419230577438896,1.0762311003195197,0.1531595374215274,-0.2160453670739934,-1.1582055295682239,0.1511680731657886,1.0,0.0,0.0,0.0,0.0,1.0,0.0,0.0,1.0,0.0,0.0,0.0,Medium,2.0
-0.9422704700364372,-0.2831854070761493,0.3212290029854901,0.4893664282463356,0.6090629343698754,0.5415039160561871,-1.0065482401078727,1.2419230577438896,1.0762311003195197,0.35539484211544625,1.756971683830055,0.25798219763971225,-0.1431453083943712,0.0,1.0,0.0,0.0,0.0,0.0,1.0,0.0,1.0,0.0,0.0,0.0,High,2.28
-0.9422704700364372,-0.2831854070761493,-0.608942607927507,0.20482773318924086,-0.39104968422397135,-0.6199383353306971,-1.0065482401078727,-0.80520286161417,-0.9291684654932499,-0.11648753550369671,1.756971683830055,-1.1582055295682239,-0.5355631504745841,1.0,0.0,0.0,0.0,0.0,0.0,0.0,1.0,1.0,0.0,0.0,0.0,High,1.72
1.2456640579119436,0.6342619160647225,1.4559409681306643,1.4086452892000254,1.010238052562887,1.1716481162767303,0.5604702966454319,-0.80520286161417,-0.9291684654932499,0.94861840255094,-0.2160453670739934,0.6120291294416963,1.1649141652063388,1.0,0.0,0.0,0.0,0.0,1.0,0.0,0.0,1.0,0.0,0.0,0.0,Low,2.69
0.5163525485958167,-0.2831854070761493,1.7724915163471293,2.393586925936122,2.3380711902439826,1.9006384655514765,0.5604702966454319,-0.80520286161417,-0.9291684654932499,1.7036302067415687,-0.7092996298000055,0.9660760612436803,1.099511191526303,1.0,0.0,0.0,0.0,0.0,1.0,0.0,0.0,0.0,0.0,1.0,0.0,Low,3.08
1.9749755672280704,1.5517092392055944,-0.4238822874317276,0.37445657062712423,-0.2328397784577133,0.022561633521621906,0.5604702966454319,-0.80520286161417,1.0762311003195197,-0.11648753550369671,-0.2160453670739934,-0.8041585977662399,-0.01233936103430012,1.0,0.0,0.0,0.0,1.0,0.0,0.0,0.0,1.0,0.0,0.0,0.0,High,1.75
-0.9422704700364372,-0.2831854070761493,-0.6040725994934074,-1.5954267028450688,-1.2894559348252232,-0.1257075900596828,-1.0065482401078727,-0.80520286161417,1.0762311003195197,-2.044464106919052,-0.7092996298000055,-1.1582055295682239,-1.582010729355152,1.0,0.0,0.0,0.0,0.0,0.0,0.0,1.0,0.0,0.0,1.0,0.0,High,0.73
-0.9422704700364372,-1.200632730217021,-1.6365143875224932,-1.3437193956791775,-2.0240019258828505,-2.213832488829719,-0.2230389717312203,-0.80520286161417,-0.9291684654932499,0.01833600095891534,2.743480209282079,-1.1582055295682239,-1.4512047819950809,1.0,0.0,0.0,0.0,1.0,0.0,0.0,0.0,1.0,0.0,0.0,0.0,High,0.34
-0.2129589607203102,-1.200632730217021,-1.8313147248864718,-1.1303153743863565,-0.9560850619606078,-1.7813805867175811,-1.0065482401078727,-0.80520286161417,1.0762311003195197,0.01833600095891534,1.263717421104043,-1.512252461370208,-0.8298765320347437,1.0,0.0,0.0,0.0,0.0,0.0,0.0,1.0,1.0,0.0,0.0,0.0,High,0.79
1.2456640579119436,1.5517092392055944,0.00954846320312435,1.0420281244149228,0.021426141523773104,0.14611931983937554,-0.2230389717312203,-0.80520286161417,1.0762311003195197,0.5037007322243195,-0.2160453670739934,-0.8041585977662399,-0.11044382155435328,1.0,0.0,0.0,0.0,0.0,0.0,0.0,1.0,0.0,1.0,0.0,0.0,Medium,2.19
-1.671581979352564,-1.200632730217021,1.1588704536505976,0.17746824327990485,0.9706855761213222,1.628811555652419,-1.0065482401078727,-0.80520286161417,-0.9291684654932499,0.01833600095891534,-0.7092996298000055,0.9660760612436803,0.2819740205258594,0.0,1.0,0.0,0.0,1.0,0.0,0.0,0.0,1.0,0.0,0.0,0.0,Medium,2.47
-1.671581979352564,-1.200632730217021,2.191312241679683,1.6494088004021827,0.6147132881472414,2.2589557558729627,-1.0065482401078727,1.2419230577438896,-0.9291684654932499,0.01833600095891534,-1.2025538925260177,2.3822637884516165,1.2630186257263916,0.0,1.0,0.0,1.0,0.0,0.0,0.0,0.0,0.0,1.0,0.0,0.0,Low,3.11
-0.9422704700364372,-0.2831854070761493,2.0987820814317932,1.397701493236291,1.8238889965036438,2.2218884499776363,0.5604702966454319,-0.80520286161417,1.0762311003195197,1.5553243166326947,-1.2025538925260177,0.25798219763971225,0.9033022704861966,0.0,1.0,0.0,1.0,0.0,0.0,0.0,0.0,1.0,0.0,0.0,0.0,Low,3.18
-0.2129589607203102,-1.200632730217021,0.004678454769025167,0.48389453026446827,-0.029427042472524097,-0.1380633586914579,0.5604702966454319,-0.80520286161417,-0.9291684654932499,0.01833600095891534,-1.2025538925260177,-0.09606473416227178,0.1838695600058062,1.0,0.0,0.0,0.0,0.0,0.0,1.0,0.0,0.0,0.0,1.0,0.0,Medium,1.9
-0.9422704700364372,-0.2831854070761493,1.4802910103011617,0.8888149809226412,1.2419025574349083,0.5785712219515132,0.5604702966454319,1.2419230577438896,-0.9291684654932499,1.2991595973537315,-0.2160453670739934,0.6120291294416963,1.1322126783663204,0.0,1.0,0.0,0.0,1.0,0.0,0.0,0.0,0.0,0.0,1.0,0.0,Low,2.72
1.2456640579119436,0.6342619160647225,-0.1365517898198595,-0.1836770235233306,-0.3740986228918724,-0.7929190961755522,-0.2230389717312203,1.2419230577438896,1.0762311003195197,-0.7097110959391908,-0.2160453670739934,-1.1582055295682239,-1.0914884267548857,1.0,0.0,0.0,1.0,0.0,0.0,0.0,0.0,1.0,0.0,0.0,0.0,Medium,1.58
-0.2129589607203102,-1.200632730217021,-1.2225636706240393,-1.8854372958840304,-1.549372208584076,-1.707245974926929,-0.2230389717312203,-0.80520286161417,1.0762311003195197,0.01833600095891534,2.2502259465560672,-0.8041585977662399,-0.9606824793948148,1.0,0.0,0.0,1.0,0.0,0.0,0.0,0.0,0.0,0.0,1.0,0.0,High,0.74
1.9749755672280704,1.5517092392055944,1.5387311115103555,1.589217922601643,1.0384898214497187,1.9624173087103534,-1.0065482401078727,-0.80520286161417,-0.9291684654932499,1.8249713895579194,-0.7092996298000055,2.3822637884516165,0.38007848104591285,0.0,0.0,1.0,1.0,0.0,0.0,0.0,0.0,1.0,0.0,0.0,0.0,Low,3.03
1.9749755672280704,1.5517092392055944,-0.6381626585321039,-0.8512485773111291,-1.2951062886025897,-1.0400344688110594,-0.2230389717312203,-0.80520286161417,1.0762311003195197,-1.3164170100209458,-1.2025538925260177,-1.512252461370208,-1.4839062688350986,0.0,1.0,0.0,0.0,0.0,0.0,0.0,1.0,1.0,0.0,0.0,0.0,High,1.07
-0.9422704700364372,-0.2831854070761493,-0.37031219465663345,-0.04140767599478326,0.26439135395052704,-0.17513066458678408,-0.2230389717312203,1.2419230577438896,1.0762311003195197,-0.2647934256125703,-0.2160453670739934,-0.8041585977662399,-0.5028616636345662,1.0,0.0,0.0,0.0,0.0,0.0,1.0,0.0,0.0,1.0,0.0,0.0,High,1.9
-0.2129589607203102,-1.200632730217021,0.02902849693952247,0.47295073430073375,-0.7526723259754186,0.09669624531227382,-0.2230389717312203,1.2419230577438896,-0.9291684654932499,0.01833600095891534,-0.2160453670739934,-0.8041585977662399,0.6743918626060726,1.0,0.0,0.0,1.0,0.0,0.0,0.0,0.0,0.0,0.0,1.0,0.0,Medium,1.77
-0.2129589607203102,0.6342619160647225,0.4088891547992803,-0.3204744730700107,-0.3062943775634759,-1.0153229315475087,0.5604702966454319,1.2419230577438896,-0.9291684654932499,-0.2917581329050928,-0.2160453670739934,0.6120291294416963,-1.2549958609549743,0.0,1.0,0.0,0.0,0.0,0.0,0.0,1.0,1.0,0.0,0.0,0.0,High,1.47
-1.671581979352564,-1.200632730217021,-0.891403097105276,-0.6870916378551131,-0.6453156042054577,-0.7805633275437769,-1.0065482401078727,1.2419230577438896,1.0762311003195197,0.01833600095891534,0.7704631583780309,-0.8041585977662399,-0.9933839662348324,1.0,0.0,0.0,0.0,0.0,1.0,0.0,0.0,0.0,0.0,1.0,0.0,High,1.02
-0.9422704700364372,-0.2831854070761493,-1.899494842963864,-1.7267522544098817,-0.9786864770700732,-2.213832488829719,-1.0065482401078727,-0.80520286161417,1.0762311003195197,-2.529828838184456,1.756971683830055,-1.1582055295682239,-1.516607755675116,0.0,1.0,0.0,0.0,0.0,1.0,0.0,0.0,1.0,0.0,0.0,0.0,High,0.59
0.5163525485958167,1.5517092392055944,0.6816096271088499,0.5440854080650076,0.42825161349415153,0.2943885434206798,-1.0065482401078727,-0.80520286161417,-0.9291684654932499,0.5037007322243195,-0.7092996298000055,0.25798219763971225,1.1649141652063388,1.0,0.0,0.0,0.0,1.0,0.0,0.0,0.0,1.0,0.0,0.0,0.0,Medium,2.03
0.5163525485958167,1.5517092392055944,0.45271923070617537,1.5235551468192365,0.5186572739320134,0.3438116179477811,0.5604702966454319,1.2419230577438896,1.0762311003195197,1.1238889999523358,-1.2025538925260177,-0.09606473416227178,1.8516453888467113,1.0,0.0,0.0,0.0,0.0,0.0,0.0,1.0,1.0,0.0,0.0,0.0,Medium,2.53
-0.2129589607203102,0.6342619160647225,-0.574852548888811,-0.05782336994038471,0.027076495301139546,-0.409890268590516,-0.2230389717312203,1.2419230577438896,1.0762311003195197,0.4497713176392746,-1.2025538925260177,0.9660760612436803,-0.3393542294344775,0.0,1.0,0.0,0.0,1.0,0.0,0.0,0.0,1.0,0.0,0.0,0.0,Medium,2.05
-0.9422704700364372,-0.2831854070761493,-1.0569833838646576,-1.7158084584461475,-2.3912749214116644,-1.3612844532372188,-1.0065482401078727,-0.80520286161417,1.0762311003195197,-2.233217057966709,0.2772088956520187,-1.512252461370208,-0.9279809925547969,0.0,1.0,0.0,1.0,0.0,0.0,0.0,0.0,1.0,0.0,0.0,0.0,High,0.27
0.5163525485958167,0.6342619160647225,-0.05863165487426803,0.8122084091765001,-0.4645042833297339,0.18318662573470126,-1.0065482401078727,-0.80520286161417,1.0762311003195197,0.18012424471404986,-1.2025538925260177,-0.8041585977662399,0.020362125805717505,0.0,1.0,0.0,0.0,0.0,1.0,0.0,0.0,0.0,1.0,0.0,0.0,Medium,1.87
-0.2129589607203102,0.6342619160647225,0.46732925600847397,0.31426569282658495,0.23048923128632876,0.2943885434206798,-0.2230389717312203,-0.80520286161417,-0.9291684654932499,0.4632536712855355,-0.2160453670739934,-1.1582055295682239,0.3146755073658773,0.0,1.0,0.0,0.0,1.0,0.0,0.0,0.0,0.0,1.0,0.0,0.0,Medium,2.0
-0.9422704700364372,-0.2831854070761493,-0.009931570533273424,-0.408024840779886,-0.1424341180198514,0.3561673865795566,-0.2230389717312203,1.2419230577438896,-0.9291684654932499,0.1936065983603114,0.2772088956520187,-0.8041585977662399,0.3473769942058949,1.0,0.0,0.0,0.0,0.0,0.0,1.0,0.0,1.0,0.0,0.0,0.0,High,2.11
1.2456640579119436,0.6342619160647225,1.8552816597268205,1.0310843284511881,0.5243076277093799,0.8256865945870205,0.5604702966454319,-0.80520286161417,-0.9291684654932499,1.380053719231299,-1.2025538925260177,-0.09606473416227178,0.08576509948575305,0.0,1.0,0.0,0.0,0.0,1.0,0.0,0.0,0.0,1.0,0.0,0.0,Low,2.99
-1.671581979352564,-1.200632730217021,0.004678454769025167,-1.7595836423010849,-0.8600290477453795,-0.9288325511250811,-0.2230389717312203,1.2419230577438896,1.0762311003195197,0.01833600095891534,0.7704631583780309,-1.512252461370208,-0.01233936103430012,0.0,1.0,0.0,0.0,0.0,0.0,0.0,1.0,0.0,0.0,1.0,0.0,High,0.84
-1.671581979352564,-1.200632730217021,-1.3102238224378295,-1.9073248878114994,-1.0634417837305687,0.022561633521621906,-1.0065482401078727,-0.80520286161417,1.0762311003195197,0.01833600095891534,-0.2160453670739934,-1.1582055295682239,-0.7317720715146905,1.0,0.0,0.0,0.0,0.0,1.0,0.0,0.0,1.0,0.0,0.0,0.0,High,0.9
-0.9422704700364372,-0.2831854070761493,0.9592001078525193,1.233544553780275,1.3662103405369677,1.0728019672225277,1.3439795650220843,-0.80520286161417,1.0762311003195197,2.3507831817621074,-1.2025538925260177,0.6120291294416963,0.6089888889260368,1.0,0.0,0.0,0.0,0.0,0.0,0.0,1.0,0.0,1.0,0.0,0.0,Low,3.14
-1.671581979352564,-1.200632730217021,-0.9108831308416737,-0.8129452914380589,-1.080392845062668,-1.1759479237605883,-1.0065482401078727,1.2419230577438896,-0.9291684654932499,0.01833600095891534,-0.2160453670739934,-1.512252461370208,-0.37205571627449546,1.0,0.0,0.0,0.0,0.0,1.0,0.0,0.0,1.0,0.0,0.0,0.0,High,1.1
-0.9422704700364372,-1.200632730217021,1.2660106392007853,1.4578923710368306,0.9819862836760551,0.8380423632187955,2.1274888333987367,-0.80520286161417,1.0762311003195197,0.01833600095891534,-0.7092996298000055,0.9660760612436803,-0.273951255754442,1.0,0.0,0.0,0.0,0.0,0.0,0.0,1.0,1.0,0.0,0.0,0.0,Medium,2.44
1.9749755672280704,1.5517092392055944,-0.5943325826252087,-0.435384330689222,-0.4306021606655361,0.2449654688935781,-1.0065482401078727,1.2419230577438896,-0.9291684654932499,-0.305240486551354,2.2502259465560672,-0.8041585977662399,-0.5028616636345662,0.0,1.0,0.0,0.0,0.0,0.0,1.0,0.0,1.0,0.0,0.0,0.0,High,1.83
1.9749755672280704,1.5517092392055944,-0.8037429452914855,-0.6269007600545741,-0.9560850619606078,-0.8794094765979796,-1.0065482401078727,1.2419230577438896,-0.9291684654932499,-1.087216998034505,0.2772088956520187,-1.512252461370208,0.1511680731657886,1.0,0.0,0.0,0.0,0.0,1.0,0.0,0.0,1.0,0.0,0.0,0.0,High,0.97
-0.2129589607203102,-0.2831854070761493,0.12155865718741217,-0.3204744730700107,0.20223746239949691,-0.5705152608035956,-0.2230389717312203,1.2419230577438896,-0.9291684654932499,-0.11648753550369671,0.7704631583780309,-0.45011166596425584,-0.11044382155435328,0.0,1.0,0.0,0.0,0.0,1.0,0.0,0.0,1.0,0.0,0.0,0.0,High,1.79
0.5163525485958167,1.5517092392055944,2.054952005524898,2.048857353078488,1.2645039725443732,2.085974995028107,-1.0065482401078727,-0.80520286161417,1.0762311003195197,2.1350655234219276,-1.2025538925260177,1.3201229930456644,0.8378992968061614,1.0,0.0,0.0,0.0,0.0,1.0,0.0,0.0,0.0,0.0,1.0,0.0,Low,3.22
1.9749755672280704,1.5517092392055944,-0.09759172234706358,0.43464744842766356,-0.06332916513672236,-0.3481114254316392,-0.2230389717312203,1.2419230577438896,-0.9291684654932499,-0.5209581448915335,-0.2160453670739934,-0.8041585977662399,-1.0260854530748502,0.0,0.0,1.0,0.0,0.0,0.0,1.0,0.0,0.0,0.0,1.0,0.0,High,1.84
-1.671581979352564,-1.200632730217021,0.7887498126590381,0.7356018374303597,1.0610912365591845,0.6897731396374913,1.3439795650220843,-0.80520286161417,1.0762311003195197,0.01833600095891534,-0.7092996298000055,1.3201229930456644,0.7724963231261255,1.0,0.0,0.0,1.0,0.0,0.0,0.0,0.0,1.0,0.0,0.0,0.0,Medium,2.49
-0.2129589607203102,-0.2831854070761493,0.39914913793108125,0.9161744708319772,1.2645039725443732,0.40559046110665786,2.1274888333987367,-0.80520286161417,1.0762311003195197,0.8812066343196335,-0.7092996298000055,1.6741699248476485,1.2630186257263916,1.0,0.0,0.0,0.0,1.0,0.0,0.0,0.0,1.0,0.0,0.0,0.0,Medium,2.37
-0.2129589607203102,-0.2831854070761493,0.1361686824897104,-1.3491912936610446,-0.24414048601244578,-0.22455373911388535,-0.2230389717312203,-0.80520286161417,1.0762311003195197,-0.8040875714630191,-0.7092996298000055,-1.1582055295682239,-0.7644735583547082,1.0,0.0,0.0,0.0,1.0,0.0,0.0,0.0,1.0,0.0,0.0,0.0,High,1.32
-0.2129589607203102,-1.200632730217021,0.10694863188511357,0.5988043878836796,0.2982934766147253,-0.1257075900596828,-1.0065482401078727,-0.80520286161417,-0.9291684654932499,0.01833600095891534,-0.7092996298000055,0.9660760612436803,-0.1431453083943712,0.0,1.0,0.0,0.0,0.0,0.0,1.0,0.0,0.0,1.0,0.0,0.0,Medium,1.82
-0.2129589607203102,0.6342619160647225,-1.368663923647023,-0.7636982096012542,-1.3855119490404515,-0.7311402530166754,-1.0065482401078727,-0.80520286161417,1.0762311003195197,-1.5456170220073866,2.2502259465560672,-1.512252461370208,-2.0398315451154003,1.0,0.0,0.0,0.0,0.0,0.0,1.0,0.0,1.0,0.0,0.0,0.0,High,0.9
-0.2129589607203102,-0.2831854070761493,1.4900310271693609,1.3539263093813534,0.9593848685665901,0.6527058337421652,-0.2230389717312203,-0.80520286161417,1.0762311003195197,1.5418419629864337,0.7704631583780309,0.9660760612436803,1.1322126783663204,1.0,0.0,0.0,1.0,0.0,0.0,0.0,0.0,0.0,0.0,1.0,0.0,Medium,2.87
-0.2129589607203102,-0.2831854070761493,0.9543300994184201,0.8450397970677037,0.1965871086221305,0.8751096691141218,0.5604702966454319,-0.80520286161417,-0.9291684654932499,1.730594914034091,-0.7092996298000055,3.444404583857568,0.478182941565966,0.0,0.0,1.0,0.0,0.0,0.0,1.0,0.0,0.0,0.0,1.0,0.0,Medium,2.66
-0.9422704700364372,-1.200632730217021,0.8130998548295354,0.7191861434847583,0.12313250951636791,1.431119257544013,-1.0065482401078727,-0.80520286161417,1.0762311003195197,0.01833600095891534,-0.2160453670739934,1.3201229930456644,0.24927253368584176,1.0,0.0,0.0,1.0,0.0,0.0,0.0,0.0,1.0,0.0,0.0,0.0,Medium,2.29
-0.2129589607203102,-1.200632730217021,0.608559500597358,0.4182317544820617,0.4678040899357162,0.6279942964786145,0.5604702966454319,-0.80520286161417,1.0762311003195197,0.01833600095891534,-0.7092996298000055,-0.09606473416227178,1.5573320072865513,0.0,1.0,0.0,0.0,0.0,0.0,0.0,1.0,1.0,0.0,0.0,0.0,Medium,2.43
1.9749755672280704,1.5517092392055944,-1.0569833838646576,-0.8457766793292623,-0.7470219721980521,0.41794622973843343,0.5604702966454319,-0.80520286161417,-0.9291684654932499,-1.1141817053270275,0.2772088956520187,-0.8041585977662399,-1.7782196503952583,1.0,0.0,0.0,0.0,1.0,0.0,0.0,0.0,1.0,0.0,0.0,0.0,High,1.37
-0.9422704700364372,-1.200632730217021,-0.07811168861066581,-0.014048186085447244,0.3660977219431214,-0.409890268590516,0.5604702966454319,1.2419230577438896,-0.9291684654932499,0.01833600095891534,0.2772088956520187,0.6120291294416963,-1.3203988346350097,0.0,1.0,0.0,0.0,0.0,1.0,0.0,0.0,1.0,0.0,0.0,0.0,High,1.93
-0.9422704700364372,-1.200632730217021,1.1491304367823985,1.8518690257312687,2.247665529806121,1.7894365478654983,1.3439795650220843,-0.80520286161417,-0.9291684654932499,0.01833600095891534,-1.2025538925260177,2.3822637884516165,1.655436467806605,0.0,1.0,0.0,0.0,0.0,1.0,0.0,0.0,1.0,0.0,0.0,0.0,Low,2.86
-0.2129589607203102,-1.200632730217021,1.2903606813712825,0.9654215526687824,0.23048923128632876,1.4805423320711144,-0.2230389717312203,-0.80520286161417,-0.9291684654932499,0.01833600095891534,-1.2025538925260177,-0.8041585977662399,0.24927253368584176,0.0,1.0,0.0,0.0,0.0,0.0,1.0,0.0,1.0,0.0,0.0,0.0,Medium,2.53
-0.2129589607203102,-0.2831854070761493,0.37479909576058396,0.18841203924363942,0.3999998446073197,-0.7187844843849001,1.3439795650220843,1.2419230577438896,1.0762311003195197,0.07226541554395999,1.263717421104043,0.25798219763971225,-0.3066527425944599,1.0,0.0,0.0,0.0,1.0,0.0,0.0,0.0,0.0,1.0,0.0,0.0,High,1.93
-0.2129589607203102,0.6342619160647225,-1.5829442947473993,-2.1480883990136563,-1.9787990956639199,-2.213832488829719,-1.0065482401078727,1.2419230577438896,-0.9291684654932499,-2.489381777245672,1.756971683830055,-1.512252461370208,-1.3858018083150454,0.0,1.0,0.0,0.0,0.0,0.0,0.0,1.0,1.0,0.0,0.0,0.0,High,0.09
-0.2129589607203102,-0.2831854070761493,0.3212290029854901,0.7684332253215626,1.2136507885480765,0.022561633521621906,2.9109981017753888,1.2419230577438896,-0.9291684654932499,0.8272772197345886,0.2772088956520187,-0.45011166596425584,1.00140673100625,0.0,1.0,0.0,0.0,0.0,0.0,1.0,0.0,1.0,0.0,0.0,0.0,Medium,2.31
-1.671581979352564,-1.200632730217021,-0.4433623211681254,-0.36424965692494815,0.20223746239949691,0.232609700261803,-1.0065482401078727,1.2419230577438896,-0.9291684654932499,0.01833600095891534,1.263717421104043,0.25798219763971225,-0.7644735583547082,0.0,1.0,0.0,0.0,0.0,0.0,1.0,0.0,1.0,0.0,0.0,0.0,High,1.65
-1.671581979352564,-1.200632730217021,-1.2907437887014315,-1.890909193865898,-1.1990502743873612,-2.213832488829719,-1.0065482401078727,1.2419230577438896,-0.9291684654932499,0.01833600095891534,1.263717421104043,-0.45011166596425584,-1.941727084595347,1.0,0.0,0.0,1.0,0.0,0.0,0.0,0.0,1.0,0.0,0.0,0.0,High,0.41
1.2456640579119436,1.5517092392055944,1.4023708753555706,0.45653504035513226,-0.45885392955236787,0.04727317078517254,0.5604702966454319,-0.80520286161417,-0.9291684654932499,-0.10300518185743578,-0.2160453670739934,-0.8041585977662399,-0.1431453083943712,1.0,0.0,0.0,0.0,1.0,0.0,0.0,0.0,1.0,0.0,0.0,0.0,Medium,1.84
1.2456640579119436,0.6342619160647225,-0.608942607927507,-0.32594637105187796,-0.5888120664317941,-0.8052748648073276,-0.2230389717312203,1.2419230577438896,1.0762311003195197,-1.5321346683611257,-0.2160453670739934,-0.45011166596425584,-0.797175045194726,0.0,1.0,0.0,1.0,0.0,0.0,0.0,0.0,1.0,0.0,0.0,0.0,High,1.09
1.2456640579119436,0.6342619160647225,0.22382883430350092,0.12274926346123283,-1.052141076175836,0.7886192886916943,-0.2230389717312203,1.2419230577438896,-0.9291684654932499,-0.8310522787555417,0.2772088956520187,-1.1582055295682239,0.1511680731657886,0.0,1.0,0.0,0.0,0.0,1.0,0.0,0.0,1.0,0.0,0.0,0.0,High,1.64
-0.2129589607203102,0.6342619160647225,0.8715399560387291,0.6808828576116877,1.1797486658838778,1.1098692731178534,-0.2230389717312203,-0.80520286161417,-0.9291684654932499,1.6092537312177397,-1.2025538925260177,0.25798219763971225,0.1511680731657886,1.0,0.0,0.0,0.0,0.0,0.0,1.0,0.0,1.0,0.0,0.0,0.0,Medium,2.67
0.5163525485958167,0.6342619160647225,-1.3832739489493213,-1.5790110088994673,-1.0408403686211032,-0.8670537079662043,-1.0065482401078727,1.2419230577438896,1.0762311003195197,-1.019805229803199,3.2367344720080915,-0.8041585977662399,-0.6663690978346549,0.0,1.0,0.0,0.0,0.0,0.0,0.0,1.0,0.0,0.0,1.0,0.0,High,0.91
-1.671581979352564,-1.200632730217021,0.3309690198536889,0.00783940584202149,-0.09158093402355419,0.5785712219515132,-0.2230389717312203,1.2419230577438896,1.0762311003195197,0.01833600095891534,0.2772088956520187,-0.45011166596425584,0.5762874020860191,1.0,0.0,0.0,1.0,0.0,0.0,0.0,0.0,0.0,0.0,1.0,0.0,High,2.0
0.5163525485958167,-0.2831854070761493,-1.0277633332600606,-0.9114394551116685,-1.5211204396972442,-0.3481114254316392,1.3439795650220843,1.2419230577438896,-0.9291684654932499,-0.3322051938438765,0.2772088956520187,-1.1582055295682239,-0.47016017679454863,0.0,1.0,0.0,0.0,0.0,0.0,0.0,1.0,0.0,0.0,1.0,0.0,High,1.14
-0.9422704700364372,-0.2831854070761493,-0.30700208501334064,0.7684332253215626,-0.05202845758198948,-0.11335182142790726,-1.0065482401078727,1.2419230577438896,-0.9291684654932499,0.18012424471404986,-0.2160453670739934,0.6120291294416963,0.05306361264573542,1.0,0.0,0.0,0.0,1.0,0.0,0.0,0.0,0.0,0.0,1.0,0.0,High,2.0
0.5163525485958167,-0.2831854070761493,-0.26804201754054474,-0.408024840779886,0.7955246090229652,-0.3851787313269652,-1.0065482401078727,-0.80520286161417,-0.9291684654932499,0.1936065983603114,1.756971683830055,-0.45011166596425584,0.020362125805717505,0.0,1.0,0.0,0.0,0.0,0.0,0.0,1.0,1.0,0.0,0.0,0.0,High,1.93
1.9749755672280704,1.5517092392055944,2.1718322079432855,1.8901723116043392,1.4622663547521961,1.3816961830169119,-0.2230389717312203,-0.80520286161417,-0.9291684654932499,2.485606718224719,-1.2025538925260177,1.3201229930456644,1.099511191526303,1.0,0.0,0.0,0.0,0.0,0.0,1.0,0.0,0.0,1.0,0.0,0.0,Low,3.41
0.5163525485958167,-0.2831854070761493,-0.5407624898501147,-0.8621923732748636,-0.19893765579351502,-0.5458037235400449,0.5604702966454319,1.2419230577438896,-0.9291684654932499,-0.31872284019761526,1.263717421104043,0.25798219763971225,-1.058786939914868,0.0,1.0,0.0,0.0,0.0,0.0,1.0,0.0,1.0,0.0,0.0,0.0,High,1.45
-0.2129589607203102,0.6342619160647225,-1.3248338477401278,-1.3656069876066463,-1.3064069961573224,-1.2500825355512406,-0.2230389717312203,1.2419230577438896,1.0762311003195197,-1.5321346683611257,0.2772088956520187,-0.09606473416227178,-1.3531003214750275,1.0,0.0,0.0,0.0,0.0,1.0,0.0,0.0,0.0,0.0,1.0,0.0,High,0.71
1.9749755672280704,1.5517092392055944,-1.4660640923290122,-1.2014500481506303,-0.9334836468511424,-2.213832488829719,-1.0065482401078727,1.2419230577438896,1.0762311003195197,-1.5860640829461703,0.2772088956520187,-0.45011166596425584,-0.9606824793948148,0.0,0.0,1.0,0.0,0.0,1.0,0.0,0.0,0.0,0.0,1.0,0.0,High,0.98
0.5163525485958167,-0.2831854070761493,-1.2663937465309343,-0.4408562286710889,-0.7300709108659532,-0.9288325511250811,2.1274888333987367,1.2419230577438896,-0.9291684654932499,-1.3838287782522516,-0.2160453670739934,-0.09606473416227178,-1.2876973477949922,1.0,0.0,0.0,0.0,0.0,0.0,1.0,0.0,0.0,0.0,1.0,0.0,High,1.02
1.2456640579119436,1.5517092392055944,-1.6803444634293885,-1.43674166137092,-1.7923374210108298,-1.3736402218689943,-1.0065482401078727,1.2419230577438896,1.0762311003195197,-1.8422288022251336,0.2772088956520187,-0.09606473416227178,-1.2549958609549743,0.0,1.0,0.0,0.0,0.0,1.0,0.0,0.0,1.0,0.0,0.0,0.0,High,0.52
1.2456640579119436,0.6342619160647225,-0.6771227260048994,-0.1508456356321273,-0.4193014531108032,-0.17513066458678408,-0.2230389717312203,1.2419230577438896,-0.9291684654932499,-0.11648753550369671,0.2772088956520187,0.25798219763971225,-0.5028616636345662,0.0,1.0,0.0,1.0,0.0,0.0,0.0,0.0,0.0,0.0,1.0,0.0,High,1.67
1.9749755672280704,1.5517092392055944,-1.5245041935382058,-1.2342814360418335,-0.2328397784577133,-0.16277489595500855,-1.0065482401078727,-0.80520286161417,-0.9291684654932499,-1.019805229803199,0.7704631583780309,-0.45011166596425584,0.3146755073658773,1.0,0.0,0.0,0.0,0.0,0.0,0.0,1.0,1.0,0.0,0.0,0.0,High,1.11
-0.9422704700364372,-0.2831854070761493,-0.1462918066880582,0.12274926346123283,0.2361395850636952,0.09669624531227382,-1.0065482401078727,1.2419230577438896,-0.9291684654932499,-0.38613460842892144,0.2772088956520187,-0.8041585977662399,0.5108844284059836,1.0,0.0,0.0,0.0,0.0,0.0,0.0,1.0,1.0,0.0,0.0,0.0,Medium,1.9
0.5163525485958167,-0.2831854070761493,-0.9693232320508672,-0.17273322755959605,-0.600112773986527,-1.0029671629157333,-0.2230389717312203,-0.80520286161417,-0.9291684654932499,-0.8580169860480641,-0.2160453670739934,-0.45011166596425584,-0.01233936103430012,0.0,1.0,0.0,0.0,0.0,1.0,0.0,0.0,1.0,0.0,0.0,0.0,High,1.32
0.5163525485958167,-0.2831854070761493,-0.15116181512215773,-0.26028359526947137,0.6316643494793404,-1.299505610078342,0.5604702966454319,-0.80520286161417,1.0762311003195197,-0.08952282821117455,-0.2160453670739934,-0.45011166596425584,0.2819740205258594,0.0,1.0,0.0,0.0,0.0,0.0,0.0,1.0,0.0,0.0,1.0,0.0,Medium,1.89
-1.671581979352564,-1.200632730217021,0.6523895765042533,0.1665244473161703,0.8576785005739949,0.6774173710057158,-0.2230389717312203,-0.80520286161417,-0.9291684654932499,0.01833600095891534,0.2772088956520187,1.3201229930456644,-0.04504084787431804,0.0,1.0,0.0,0.0,0.0,1.0,0.0,0.0,0.0,0.0,1.0,0.0,Medium,2.23
-0.9422704700364372,-0.2831854070761493,1.2903606813712825,1.6329931064565806,2.0216513787114665,1.233426959435607,2.9109981017753888,-0.80520286161417,1.0762311003195197,2.175512584360711,-1.2025538925260177,0.9660760612436803,2.4075706651270123,1.0,0.0,0.0,0.0,0.0,0.0,1.0,0.0,1.0,0.0,0.0,0.0,Low,3.18
1.9749755672280704,1.5517092392055944,-0.4482323296022249,0.04067079373322478,-0.20458800957088147,0.07198470804872319,-0.2230389717312203,-0.80520286161417,-0.9291684654932499,-0.39961696207518266,-0.7092996298000055,-0.45011166596425584,-0.17584679523438881,1.0,0.0,0.0,0.0,0.0,0.0,0.0,1.0,1.0,0.0,0.0,0.0,Medium,1.83
-0.2129589607203102,0.6342619160647225,-0.2534319922382465,-1.3929664775159822,-0.6227141890959924,-0.2739768136409871,-1.0065482401078727,-0.80520286161417,1.0762311003195197,-1.2490052417896396,0.7704631583780309,-0.8041585977662399,-0.8625780188747614,1.0,0.0,0.0,0.0,0.0,1.0,0.0,0.0,1.0,0.0,0.0,0.0,High,1.08
-0.9422704700364372,-1.200632730217021,-0.43849231273402584,-0.435384330689222,0.25309064639579415,-0.8546979393344291,-0.2230389717312203,1.2419230577438896,1.0762311003195197,0.01833600095891534,-0.2160453670739934,-0.8041585977662399,-0.8625780188747614,1.0,0.0,0.0,0.0,0.0,1.0,0.0,0.0,0.0,1.0,0.0,0.0,High,1.57
0.5163525485958167,-0.2831854070761493,-0.5894625741911093,-0.5338784943628315,-1.7358338832371663,-0.48402488038116814,-0.2230389717312203,1.2419230577438896,-0.9291684654932499,-1.1950758272045947,1.756971683830055,-0.8041585977662399,-0.8952795057147792,0.0,1.0,0.0,0.0,0.0,1.0,0.0,0.0,1.0,0.0,0.0,0.0,High,1.16
-0.9422704700364372,-1.200632730217021,-0.009931570533273424,-0.23839600334200264,0.09488074062953608,0.5538596846879622,0.5604702966454319,-0.80520286161417,-0.9291684654932499,0.01833600095891534,0.7704631583780309,-0.09606473416227178,-1.2222943741149566,0.0,1.0,0.0,0.0,0.0,0.0,1.0,0.0,1.0,0.0,0.0,0.0,High,1.83
-0.2129589607203102,-1.200632730217021,0.40401914636518077,-0.5940693721633709,-0.12548305668775206,0.44265776700198406,-1.0065482401078727,1.2419230577438896,1.0762311003195197,0.01833600095891534,-0.2160453670739934,-0.45011166596425584,-0.17584679523438881,0.0,1.0,0.0,1.0,0.0,0.0,0.0,0.0,0.0,0.0,1.0,0.0,High,1.7
0.5163525485958167,1.5517092392055944,-0.34109214405203664,0.04614269171509207,-0.6905184344243885,-1.5095536768185234,-0.2230389717312203,-0.80520286161417,-0.9291684654932499,-0.4130993157214439,0.7704631583780309,0.9660760612436803,-0.7644735583547082,1.0,0.0,0.0,0.0,0.0,1.0,0.0,0.0,0.0,0.0,1.0,0.0,High,1.3
-0.9422704700364372,-0.2831854070761493,1.5046410524716591,1.2061850638709388,1.45661600097483,1.1345808103814046,0.5604702966454319,-0.80520286161417,-0.9291684654932499,2.121583169775666,-1.2025538925260177,2.0282168566496326,1.1322126783663204,0.0,1.0,0.0,0.0,0.0,1.0,0.0,0.0,0.0,0.0,1.0,0.0,Low,3.1
0.5163525485958167,-0.2831854070761493,0.2725289186444955,0.14463685538870155,-0.5040567597712986,-0.43460180585406666,-0.2230389717312203,-0.80520286161417,1.0762311003195197,0.6250419150406703,1.263717421104043,-0.45011166596425584,-0.6990705846746729,0.0,1.0,0.0,0.0,0.0,0.0,1.0,0.0,0.0,0.0,1.0,0.0,High,1.9
0.5163525485958167,0.6342619160647225,-0.24856198380414696,-0.5338784943628315,-1.1142949677268659,-0.05157297826903045,-1.0065482401078727,-0.80520286161417,-0.9291684654932499,-0.2647934256125703,0.2772088956520187,0.25798219763971225,0.21657104684582412,0.0,1.0,0.0,0.0,0.0,1.0,0.0,0.0,1.0,0.0,0.0,0.0,High,1.56
-1.671581979352564,-1.200632730217021,-0.3995322452612303,-0.490103310507894,0.185286401067398,-0.17513066458678408,0.5604702966454319,1.2419230577438896,-0.9291684654932499,0.01833600095891534,-0.2160453670739934,-1.1582055295682239,0.08576509948575305,0.0,1.0,0.0,1.0,0.0,0.0,0.0,0.0,1.0,0.0,0.0,0.0,High,1.59
-1.671581979352564,-1.200632730217021,-0.04889163800606897,0.10086167153376409,0.6147132881472414,-0.9288325511250811,-0.2230389717312203,-0.80520286161417,-0.9291684654932499,0.01833600095891534,-1.2025538925260177,2.0282168566496326,1.491929033606516,1.0,0.0,0.0,0.0,0.0,0.0,0.0,1.0,0.0,1.0,0.0,0.0,High,1.82
0.5163525485958167,0.6342619160647225,1.6117812380218473,1.364870105345088,-0.06332916513672236,0.8874654377458973,0.5604702966454319,1.2419230577438896,-0.9291684654932499,1.0699595853672907,-1.2025538925260177,-0.09606473416227178,2.0151528230468,0.0,1.0,0.0,1.0,0.0,0.0,0.0,0.0,0.0,1.0,0.0,0.0,Low,2.57
0.5163525485958167,0.6342619160647225,-0.9401031814462706,-1.3108880077879743,-1.5719736236935415,-0.9288325511250811,-1.0065482401078727,-0.80520286161417,-0.9291684654932499,-1.7478523267013049,0.7704631583780309,-1.1582055295682239,-1.058786939914868,0.0,1.0,0.0,0.0,0.0,0.0,0.0,1.0,0.0,0.0,1.0,0.0,High,0.78
0.5163525485958167,1.5517092392055944,-2.1137752140642405,-1.3218318037517087,-1.2442531046062926,-1.5960440572409509,-1.0065482401078727,1.2419230577438896,-0.9291684654932499,-1.9635699850414845,2.2502259465560672,-1.1582055295682239,-0.7644735583547082,1.0,0.0,0.0,0.0,0.0,0.0,1.0,0.0,0.0,0.0,1.0,0.0,High,0.66
0.5163525485958167,0.6342619160647225,-0.6576426922685016,-0.7801139035468556,-0.6679170193149231,-0.48402488038116814,0.5604702966454319,1.2419230577438896,-0.9291684654932499,-0.5209581448915335,2.2502259465560672,-0.8041585977662399,-0.3066527425944599,0.0,1.0,0.0,0.0,0.0,0.0,0.0,1.0,1.0,0.0,0.0,0.0,High,1.43
-0.2129589607203102,-0.2831854070761493,1.5338611030762554,2.393586925936122,2.0555535013756643,1.319917339858035,2.1274888333987367,-0.80520286161417,-0.9291684654932499,2.3103361208233233,-1.2025538925260177,1.3201229930456644,1.0668097046862852,0.0,1.0,0.0,0.0,0.0,1.0,0.0,0.0,0.0,1.0,0.0,0.0,Low,3.62
0.5163525485958167,0.6342619160647225,1.339060765712277,1.0146686345055866,2.129008100481427,1.1469365790131796,2.9109981017753888,-0.80520286161417,-0.9291684654932499,2.000241986959315,-1.2025538925260177,0.25798219763971225,1.2957201125664093,0.0,1.0,0.0,0.0,0.0,1.0,0.0,0.0,0.0,1.0,0.0,0.0,Low,3.13
0.5163525485958167,1.5517092392055944,-0.5066724308114182,-0.4134967387617529,-0.44190286822026853,0.15847508847115063,-0.2230389717312203,-0.80520286161417,1.0762311003195197,0.2745007202378788,0.2772088956520187,2.3822637884516165,0.5762874020860191,1.0,0.0,0.0,0.0,0.0,0.0,1.0,0.0,1.0,0.0,0.0,0.0,High,1.75
0.5163525485958167,0.6342619160647225,0.07285857284641756,0.9818372466143839,0.2135381699542298,0.3067443120524549,-1.0065482401078727,-0.80520286161417,1.0762311003195197,0.32843013482292377,0.7704631583780309,-0.09606473416227178,2.865391480887261,0.0,1.0,0.0,0.0,0.0,1.0,0.0,0.0,0.0,0.0,1.0,0.0,Medium,2.1
1.9749755672280704,1.5517092392055944,-1.061853392298757,-0.7418106176737851,-1.1086446139494999,-0.6075825666989217,-0.2230389717312203,-0.80520286161417,-0.9291684654932499,-0.7231934495854521,-0.2160453670739934,-0.8041585977662399,-0.01233936103430012,1.0,0.0,0.0,0.0,0.0,0.0,0.0,1.0,1.0,0.0,0.0,0.0,High,1.34
-0.2129589607203102,0.6342619160647225,0.5647294246904632,1.2171288598346734,0.3999998446073197,1.3816961830169119,2.1274888333987367,-0.80520286161417,-0.9291684654932499,1.4205007801700824,-1.2025538925260177,1.6741699248476485,1.099511191526303,1.0,0.0,0.0,1.0,0.0,0.0,0.0,0.0,1.0,0.0,0.0,0.0,Low,2.82
0.5163525485958167,1.5517092392055944,-0.9011431139734747,-0.8074733934561916,-1.6058757463577398,-0.9164767824933059,-0.2230389717312203,1.2419230577438896,1.0762311003195197,-1.1141817053270275,-0.2160453670739934,-1.512252461370208,-0.5028616636345662,1.0,0.0,0.0,0.0,0.0,0.0,0.0,1.0,1.0,0.0,0.0,0.0,High,1.24
-0.2129589607203102,-1.200632730217021,-1.061853392298757,-1.2890004158605055,-1.8262395436750278,-0.9411883197568565,-1.0065482401078727,1.2419230577438896,-0.9291684654932499,0.01833600095891534,0.2772088956520187,-1.1582055295682239,-0.9606824793948148,0.0,1.0,0.0,0.0,1.0,0.0,0.0,0.0,1.0,0.0,0.0,0.0,High,0.71
0.5163525485958167,0.6342619160647225,1.1734804789528959,0.9271182667957117,0.47345444371308226,0.5785712219515132,2.9109981017753888,-0.80520286161417,-0.9291684654932499,0.9216536952584176,-0.7092996298000055,0.6120291294416963,0.6416903757660544,1.0,0.0,0.0,0.0,0.0,0.0,1.0,0.0,1.0,0.0,0.0,0.0,Low,2.64
0.5163525485958167,-0.2831854070761493,-0.9108831308416737,-1.2342814360418335,-0.7187702033112203,-1.5713325199774002,-1.0065482401078727,-0.80520286161417,1.0762311003195197,-1.4782052537760806,-0.2160453670739934,-1.512252461370208,-0.24124976891442437,0.0,1.0,0.0,1.0,0.0,0.0,0.0,0.0,0.0,0.0,1.0,0.0,High,0.97
-0.2129589607203102,-0.2831854070761493,-0.26317200910644517,0.7410737354122265,0.8689792081287278,0.6279942964786145,0.5604702966454319,-0.80520286161417,-0.9291684654932499,0.16664189106778893,0.2772088956520187,-0.8041585977662399,0.2819740205258594,0.0,1.0,0.0,0.0,0.0,1.0,0.0,0.0,1.0,0.0,0.0,0.0,High,2.02
1.2456640579119436,0.6342619160647225,-0.4871923970750205,-0.51746280041723,-0.5210078211033976,-0.7064287157531247,-1.0065482401078727,-0.80520286161417,1.0762311003195197,-0.9254287542793703,1.756971683830055,-0.8041585977662399,-1.3203988346350097,1.0,0.0,0.0,0.0,0.0,0.0,1.0,0.0,1.0,0.0,0.0,0.0,High,1.27
1.2456640579119436,1.5517092392055944,0.17025874152840678,0.6425795717386171,0.4113005521620526,0.31910008068423046,0.5604702966454319,1.2419230577438896,1.0762311003195197,0.09923012283648246,-0.7092996298000055,-0.45011166596425584,0.41277996788593047,0.0,1.0,0.0,0.0,0.0,0.0,1.0,0.0,1.0,0.0,0.0,0.0,Medium,2.21
0.5163525485958167,1.5517092392055944,1.4023708753555706,1.8737566176587377,1.010238052562887,0.5167923787926364,-0.2230389717312203,-0.80520286161417,1.0762311003195197,1.5013949020476498,-1.2025538925260177,0.9660760612436803,1.4265260599264804,0.0,1.0,0.0,0.0,0.0,0.0,0.0,1.0,1.0,0.0,0.0,0.0,Low,2.92
-0.2129589607203102,-1.200632730217021,1.9088517525019142,1.2444883497440093,1.3266578640954039,0.022561633521621906,-0.2230389717312203,-0.80520286161417,-0.9291684654932499,0.01833600095891534,-1.2025538925260177,1.6741699248476485,0.870600783646179,0.0,1.0,0.0,1.0,0.0,0.0,0.0,0.0,1.0,0.0,0.0,0.0,Low,2.75
0.5163525485958167,0.6342619160647225,-0.24856198380414696,-0.41896863674362017,-0.03507739624989054,0.38087892384310723,-0.2230389717312203,-0.80520286161417,-0.9291684654932499,0.07226541554395999,-0.7092996298000055,0.6120291294416963,0.24927253368584176,0.0,1.0,0.0,0.0,0.0,1.0,0.0,0.0,0.0,0.0,1.0,0.0,Medium,1.72
-0.2129589607203102,0.6342619160647225,-0.9595832151826683,0.8176803071583677,-0.0802802264688213,-0.026861441005479807,2.1274888333987367,-0.80520286161417,-0.9291684654932499,0.05878306189769905,-0.7092996298000055,-1.1582055295682239,0.7397948362861079,0.0,1.0,0.0,0.0,0.0,0.0,1.0,0.0,1.0,0.0,0.0,0.0,High,1.77
-0.2129589607203102,-0.2831854070761493,0.17999875839660548,0.17199634529803756,1.3775110480917006,0.05962893941694764,1.3439795650220843,-0.80520286161417,1.0762311003195197,0.6115595613944094,-0.7092996298000055,-0.09606473416227178,0.4454814547259481,1.0,0.0,0.0,0.0,0.0,0.0,1.0,0.0,1.0,0.0,0.0,0.0,Medium,2.19
-0.9422704700364372,-1.200632730217021,-0.35570216935433524,-0.42444053472548743,-1.6002253925803733,-0.026861441005479807,-1.0065482401078727,-0.80520286161417,1.0762311003195197,0.01833600095891534,-0.2160453670739934,-0.09606473416227178,-0.7644735583547082,1.0,0.0,0.0,0.0,0.0,1.0,0.0,0.0,0.0,0.0,1.0,0.0,High,1.35
-1.671581979352564,-1.200632730217021,-0.8037429452914855,-0.9169113530935357,-1.6510785765766707,-1.3612844532372188,-1.0065482401078727,1.2419230577438896,1.0762311003195197,0.01833600095891534,-0.2160453670739934,-1.1582055295682239,-1.1568914004349211,0.0,1.0,0.0,0.0,1.0,0.0,0.0,0.0,0.0,0.0,1.0,0.0,High,0.86
1.2456640579119436,0.6342619160647225,1.3195807319758797,1.5782741266379086,1.8295393502810098,2.728474963880426,1.3439795650220843,-0.80520286161417,-0.9291684654932499,2.4047125963471525,-1.2025538925260177,2.3822637884516165,1.3284215994064275,1.0,0.0,0.0,0.0,1.0,0.0,0.0,0.0,1.0,0.0,0.0,0.0,Low,3.33
-0.9422704700364372,-0.2831854070761493,-1.071593409166956,-0.23839600334200264,-0.6453156042054577,-0.8423421707026537,-1.0065482401078727,1.2419230577438896,1.0762311003195197,-0.6827463886466684,0.7704631583780309,-0.45011166596425584,0.5435859152460015,0.0,1.0,0.0,0.0,0.0,1.0,0.0,0.0,0.0,0.0,1.0,0.0,High,1.54
0.5163525485958167,1.5517092392055944,0.1361686824897104,0.34162518273592096,-0.42495180688816964,1.0728019672225277,-0.2230389717312203,-0.80520286161417,-0.9291684654932499,0.35539484211544625,0.7704631583780309,-0.8041585977662399,0.08576509948575305,0.0,1.0,0.0,0.0,0.0,0.0,1.0,0.0,0.0,0.0,1.0,0.0,Medium,2.24
-0.2129589607203102,-0.2831854070761493,-1.699824497165786,-1.0154055167671452,-1.656728930354037,-1.2871498414465667,-0.2230389717312203,1.2419230577438896,1.0762311003195197,-1.734369973055044,0.7704631583780309,-0.8041585977662399,-0.797175045194726,0.0,1.0,0.0,0.0,0.0,1.0,0.0,0.0,0.0,0.0,1.0,0.0,High,0.93
1.9749755672280704,1.5517092392055944,0.9202400403797237,0.37445657062712423,0.2248388775089623,1.4187634889122376,0.5604702966454319,-0.80520286161417,-0.9291684654932499,1.1104066463060742,-1.2025538925260177,0.9660760612436803,0.38007848104591285,0.0,1.0,0.0,0.0,0.0,0.0,1.0,0.0,0.0,0.0,1.0,0.0,Medium,2.28
0.5163525485958167,-0.2831854070761493,0.9397200741161218,0.9927810425781184,1.4057628169785323,0.64035006511039,1.3439795650220843,-0.80520286161417,-0.9291684654932499,1.6631831458027846,-1.2025538925260177,1.3201229930456644,0.6416903757660544,0.0,1.0,0.0,0.0,0.0,1.0,0.0,0.0,1.0,0.0,0.0,0.0,Low,3.03
1.2456640579119436,0.6342619160647225,0.2773989270785947,0.1993558352073736,1.004587698785521,0.4673693042655347,-1.0065482401078727,1.2419230577438896,-0.9291684654932499,0.20708895200657235,-0.2160453670739934,2.3822637884516165,-0.1431453083943712,0.0,1.0,0.0,1.0,0.0,0.0,0.0,0.0,1.0,0.0,0.0,0.0,Medium,2.16
-1.671581979352564,-1.200632730217021,-0.7891329199891872,-0.5831255761996362,0.24178993884106165,-0.11335182142790726,0.5604702966454319,1.2419230577438896,1.0762311003195197,0.01833600095891534,0.2772088956520187,1.3201229930456644,-0.37205571627449546,0.0,1.0,0.0,0.0,0.0,1.0,0.0,0.0,0.0,0.0,1.0,0.0,High,1.57
0.5163525485958167,-0.2831854070761493,1.4169809006578689,1.2226007578165403,0.48475515126781515,1.5423211752299912,0.5604702966454319,-0.80520286161417,-0.9291684654932499,1.5148772556939114,-1.2025538925260177,1.6741699248476485,0.7397948362861079,1.0,0.0,0.0,0.0,0.0,0.0,0.0,1.0,1.0,0.0,0.0,0.0,Low,2.95
1.2456640579119436,0.6342619160647225,0.9299800572479228,1.583746024619776,0.20788781617686336,1.3693404143851362,0.5604702966454319,-0.80520286161417,-0.9291684654932499,1.1373713535985968,0.2772088956520187,0.25798219763971225,1.590033494126569,0.0,1.0,0.0,0.0,0.0,1.0,0.0,0.0,0.0,0.0,1.0,0.0,Medium,2.7
1.2456640579119436,1.5517092392055944,-0.36544218622253394,-0.5557660862903002,-1.1029942601721334,-0.7064287157531247,-0.2230389717312203,1.2419230577438896,-0.9291684654932499,-0.46702873030648856,-0.7092996298000055,-0.09606473416227178,-0.4374586899545307,0.0,1.0,0.0,0.0,0.0,0.0,1.0,0.0,0.0,0.0,1.0,0.0,High,1.24
1.2456640579119436,1.5517092392055944,-0.6819927344389989,-1.5735391109176,-0.15938517935195032,-0.7064287157531247,-1.0065482401078727,1.2419230577438896,-0.9291684654932499,-1.5590993756536478,-0.2160453670739934,-0.09606473416227178,-0.6663690978346549,0.0,1.0,0.0,0.0,1.0,0.0,0.0,0.0,0.0,0.0,1.0,0.0,High,0.99
-1.671581979352564,-1.200632730217021,0.5890794668609605,1.1241065941429307,0.7390210712493016,1.1716481162767303,-0.2230389717312203,1.2419230577438896,1.0762311003195197,0.01833600095891534,-0.2160453670739934,0.6120291294416963,0.38007848104591285,1.0,0.0,0.0,0.0,0.0,1.0,0.0,0.0,1.0,0.0,0.0,0.0,Medium,2.38
0.5163525485958167,-0.2831854070761493,-0.014801578967372954,0.5331416121012731,0.3660977219431214,-0.01450567237370427,0.5604702966454319,-0.80520286161417,-0.9291684654932499,0.7194183905644993,-0.2160453670739934,0.9660760612436803,0.5435859152460015,0.0,1.0,0.0,0.0,0.0,0.0,1.0,0.0,0.0,1.0,0.0,0.0,Medium,2.04
-0.2129589607203102,-1.200632730217021,-0.3362221356179371,-0.1234861457227913,0.021426141523773104,0.1955423943664768,-0.2230389717312203,-0.80520286161417,-0.9291684654932499,0.01833600095891534,1.756971683830055,-1.1582055295682239,0.9033022704861966,1.0,0.0,0.0,0.0,0.0,0.0,0.0,1.0,1.0,0.0,0.0,0.0,High,1.81
-0.9422704700364372,-1.200632730217021,-1.052113375430558,-1.0701244965858172,-0.9052318779643106,-1.0029671629157333,-1.0065482401078727,-0.80520286161417,1.0762311003195197,0.01833600095891534,-0.2160453670739934,-0.8041585977662399,-1.4512047819950809,0.0,1.0,0.0,0.0,0.0,0.0,0.0,1.0,1.0,0.0,0.0,0.0,High,1.28
0.5163525485958167,0.6342619160647225,-0.6284226416639047,-1.792415030192288,-1.8940437890034243,-1.299505610078342,-1.0065482401078727,-0.80520286161417,-0.9291684654932499,-1.8017817412863497,0.2772088956520187,-0.8041585977662399,-1.0260854530748502,0.0,1.0,0.0,0.0,1.0,0.0,0.0,0.0,0.0,0.0,1.0,0.0,High,0.69
0.5163525485958167,0.6342619160647225,0.043638522241820715,1.2827916356170799,0.7333707174719355,0.5415039160561871,0.5604702966454319,-0.80520286161417,-0.9291684654932499,0.490218378578058,-0.7092996298000055,1.6741699248476485,-0.01233936103430012,1.0,0.0,0.0,0.0,0.0,1.0,0.0,0.0,0.0,0.0,1.0,0.0,Medium,2.36
-0.2129589607203102,0.6342619160647225,-0.409272262129429,-0.23839600334200264,-0.3514972077824066,-0.6570056412260232,-0.2230389717312203,1.2419230577438896,-0.9291684654932499,-0.8580169860480641,0.2772088956520187,-0.8041585977662399,0.5762874020860191,0.0,1.0,0.0,1.0,0.0,0.0,0.0,0.0,0.0,1.0,0.0,0.0,High,1.44
1.2456640579119436,1.5517092392055944,-1.188473611585343,-1.890909193865898,-1.7301835294597998,-1.3365729159736681,-1.0065482401078727,-0.80520286161417,-0.9291684654932499,-1.69392291211626,0.7704631583780309,-0.8041585977662399,-1.1241899135949034,0.0,1.0,0.0,0.0,0.0,0.0,1.0,0.0,1.0,0.0,0.0,0.0,High,0.7
1.2456640579119436,0.6342619160647225,0.22382883430350092,0.44011934640953043,0.5469090428188449,0.3561673865795566,1.3439795650220843,1.2419230577438896,-0.9291684654932499,0.07226541554395999,-1.2025538925260177,-0.8041585977662399,-0.6990705846746729,0.0,1.0,0.0,0.0,0.0,1.0,0.0,0.0,0.0,1.0,0.0,0.0,Medium,2.22
1.2456640579119436,0.6342619160647225,0.3699290873264847,0.396344162554593,-0.2723922548992776,-0.1380633586914579,-1.0065482401078727,1.2419230577438896,-0.9291684654932499,-0.022111059979868366,0.7704631583780309,1.6741699248476485,-0.8952795057147792,0.0,0.0,1.0,1.0,0.0,0.0,0.0,0.0,1.0,0.0,0.0,0.0,High,1.66
-0.2129589607203102,-1.200632730217021,-0.4677123633386227,-0.29858688114254195,-0.2554411935671787,0.40559046110665786,0.5604702966454319,1.2419230577438896,-0.9291684654932499,0.01833600095891534,0.7704631583780309,-0.8041585977662399,0.21657104684582412,1.0,0.0,0.0,0.0,0.0,0.0,1.0,0.0,1.0,0.0,0.0,0.0,High,1.68
-0.9422704700364372,-1.200632730217021,0.944590082550221,0.6535233677023516,0.8859302694608268,1.4434750261757887,0.5604702966454319,-0.80520286161417,1.0762311003195197,0.01833600095891534,-1.2025538925260177,0.6120291294416963,-0.24124976891442437,1.0,0.0,0.0,0.0,0.0,0.0,1.0,0.0,0.0,1.0,0.0,0.0,Medium,2.53
1.2456640579119436,0.6342619160647225,-0.5845925657570097,-1.2890004158605055,-0.48145534466183326,-0.7558517902802261,-0.2230389717312203,-0.80520286161417,1.0762311003195197,-1.2894523027284233,0.7704631583780309,-0.09606473416227178,-0.6009661241546194,0.0,0.0,1.0,0.0,1.0,0.0,0.0,0.0,1.0,0.0,0.0,0.0,High,1.03
1.2456640579119436,1.5517092392055944,0.86179993917053,-0.2165084114145339,0.2135381699542298,-0.2616210450092115,-1.0065482401078727,-0.80520286161417,1.0762311003195197,0.35539484211544625,0.2772088956520187,-0.09606473416227178,-0.17584679523438881,0.0,1.0,0.0,0.0,1.0,0.0,0.0,0.0,1.0,0.0,0.0,0.0,Medium,1.95
-0.9422704700364372,-1.200632730217021,-0.13168178138575995,-0.10707045177718985,-1.0747424912853016,-1.089457543338161,-0.2230389717312203,-0.80520286161417,-0.9291684654932499,0.01833600095891534,0.2772088956520187,-0.8041585977662399,-0.6990705846746729,0.0,0.0,1.0,0.0,0.0,1.0,0.0,0.0,0.0,0.0,1.0,0.0,High,1.58
-0.2129589607203102,-0.2831854070761493,1.738401457308433,1.7150715761845885,1.801287581394178,2.6419845834579982,1.3439795650220843,-0.80520286161417,-0.9291684654932499,2.2024772916532336,-1.2025538925260177,0.25798219763971225,1.0668097046862852,0.0,1.0,0.0,1.0,0.0,0.0,0.0,0.0,0.0,1.0,0.0,0.0,Low,3.2
1.2456640579119436,0.6342619160647225,-1.1543835525466468,-1.7759993362466864,-0.9447843544058749,-1.6207555945045014,-1.0065482401078727,-0.80520286161417,1.0762311003195197,-1.69392291211626,-0.2160453670739934,-1.512252461370208,-1.582010729355152,1.0,0.0,0.0,0.0,0.0,1.0,0.0,0.0,1.0,0.0,0.0,0.0,High,0.78
-0.2129589607203102,-1.200632730217021,-0.9985432826554639,-0.8731361692385983,-0.7639730335301514,-0.953544088388632,-0.2230389717312203,-0.80520286161417,1.0762311003195197,0.01833600095891534,1.263717421104043,-0.09606473416227178,-1.1895928872749388,0.0,1.0,0.0,1.0,0.0,0.0,0.0,0.0,1.0,0.0,0.0,0.0,High,1.31
-0.9422704700364372,-0.2831854070761493,0.783879804224939,0.7465456333940943,1.117594774332848,0.8256865945870205,-0.2230389717312203,-0.80520286161417,-0.9291684654932499,1.002547817135985,-0.7092996298000055,1.3201229930456644,0.9687052441662318,0.0,1.0,0.0,1.0,0.0,0.0,0.0,0.0,0.0,1.0,0.0,0.0,Medium,2.39
0.5163525485958167,1.5517092392055944,-1.4465840585926144,-1.2890004158605055,-1.362910533930986,-1.2500825355512406,-1.0065482401078727,1.2419230577438896,-0.9291684654932499,-1.7613346803475662,-0.7092996298000055,-0.8041585977662399,-1.1241899135949034,1.0,0.0,0.0,1.0,0.0,0.0,0.0,0.0,1.0,0.0,0.0,0.0,High,0.75
0.5163525485958167,0.6342619160647225,-1.431974033290316,-2.1754478889229922,-1.4250644254820162,-2.213832488829719,-1.0065482401078727,1.2419230577438896,-0.9291684654932499,-1.9231229241027008,-0.2160453670739934,-1.1582055295682239,-1.2549958609549743,0.0,1.0,0.0,0.0,0.0,1.0,0.0,0.0,0.0,0.0,1.0,0.0,High,0.53
-0.9422704700364372,-1.200632730217021,0.1994787921330036,-0.30953067710627613,-0.7018191419791214,-0.311044119536313,1.3439795650220843,-0.80520286161417,-0.9291684654932499,0.01833600095891534,-0.2160453670739934,-0.09606473416227178,-0.07774233471433566,0.0,0.0,1.0,0.0,1.0,0.0,0.0,0.0,1.0,0.0,0.0,0.0,Medium,1.67
1.9749755672280704,1.5517092392055944,-0.17551185729265503,0.24313101906231144,-0.23849013223507934,-0.4593133431176175,1.3439795650220843,1.2419230577438896,-0.9291684654932499,-0.27827577925883157,0.7704631583780309,0.6120291294416963,0.24927253368584176,0.0,1.0,0.0,0.0,1.0,0.0,0.0,0.0,1.0,0.0,0.0,0.0,High,1.7
-0.2129589607203102,-0.2831854070761493,1.2952306898053823,1.8354533317856672,1.5300706000805926,1.319917339858035,1.3439795650220843,-0.80520286161417,-0.9291684654932499,1.6631831458027846,-1.2025538925260177,0.25798219763971225,1.7535409283266576,1.0,0.0,0.0,0.0,0.0,0.0,1.0,0.0,0.0,1.0,0.0,0.0,Low,2.94
1.2456640579119436,1.5517092392055944,0.7887498126590381,0.9161744708319772,1.3436089254275028,1.3446288771215857,1.3439795650220843,-0.80520286161417,1.0762311003195197,1.1238889999523358,-0.7092996298000055,1.3201229930456644,0.2819740205258594,0.0,0.0,1.0,0.0,0.0,0.0,0.0,1.0,1.0,0.0,0.0,0.0,Medium,2.71
-0.2129589607203102,-1.200632730217021,-1.738784564638582,-0.9114394551116685,-1.0464907223984696,-0.990611394283958,-1.0065482401078727,1.2419230577438896,1.0762311003195197,0.01833600095891534,-0.2160453670739934,0.6120291294416963,-1.4839062688350986,0.0,1.0,0.0,0.0,1.0,0.0,0.0,0.0,1.0,0.0,0.0,0.0,High,1.01
0.5163525485958167,0.6342619160647225,-0.6868627428730985,-0.3423620649974794,-0.19328730201614858,-0.7311402530166754,-0.2230389717312203,-0.80520286161417,1.0762311003195197,-0.5614052058303172,1.263717421104043,0.6120291294416963,0.21657104684582412,1.0,0.0,0.0,0.0,0.0,0.0,0.0,1.0,0.0,0.0,1.0,0.0,High,1.55
-0.2129589607203102,-0.2831854070761493,0.3942791294969821,0.40181606053646024,-0.2554411935671787,0.5909269905832883,-0.2230389717312203,-0.80520286161417,-0.9291684654932499,0.6520066223331928,-0.2160453670739934,1.3201229930456644,-0.04504084787431804,1.0,0.0,0.0,0.0,0.0,1.0,0.0,0.0,0.0,0.0,1.0,0.0,Medium,2.3
-0.9422704700364372,-1.200632730217021,0.267658910210396,0.05161458969695935,-0.04637810380462303,0.44265776700198406,-0.2230389717312203,-0.80520286161417,1.0762311003195197,0.01833600095891534,-0.2160453670739934,0.9660760612436803,0.4454814547259481,1.0,0.0,0.0,0.0,1.0,0.0,0.0,0.0,0.0,1.0,0.0,0.0,Medium,1.73
1.2456640579119436,1.5517092392055944,0.5939494752950597,0.2923781008991162,-0.5492595899902294,-0.3481114254316392,-1.0065482401078727,-0.80520286161417,1.0762311003195197,-0.27827577925883157,-0.7092996298000055,0.25798219763971225,-0.11044382155435328,0.0,1.0,0.0,0.0,0.0,1.0,0.0,0.0,0.0,0.0,1.0,0.0,Medium,1.9
-0.2129589607203102,-1.200632730217021,0.1361686824897104,0.44011934640953043,1.004587698785521,0.33145584931600597,-0.2230389717312203,1.2419230577438896,-0.9291684654932499,0.01833600095891534,0.2772088956520187,-0.09606473416227178,-0.37205571627449546,1.0,0.0,0.0,1.0,0.0,0.0,0.0,0.0,1.0,0.0,0.0,0.0,High,2.06
-0.2129589607203102,-1.200632730217021,0.18486876683070502,-0.8621923732748636,-0.6905184344243885,-1.0276787001792842,-0.2230389717312203,-0.80520286161417,1.0762311003195197,0.01833600095891534,1.756971683830055,-1.512252461370208,-0.04504084787431804,1.0,0.0,0.0,0.0,0.0,1.0,0.0,0.0,0.0,0.0,1.0,0.0,High,1.41
-0.2129589607203102,-0.2831854070761493,2.045211988656699,1.6603525963659165,1.6882805058468506,2.2465999872411873,0.5604702966454319,-0.80520286161417,1.0762311003195197,2.2429243525920173,-1.2025538925260177,1.3201229930456644,2.374869178286995,0.0,1.0,0.0,0.0,1.0,0.0,0.0,0.0,0.0,0.0,1.0,0.0,Low,3.4
0.5163525485958167,0.6342619160647225,0.6231695258996569,0.48389453026446827,0.1965871086221305,0.1337635512076,-1.0065482401078727,-0.80520286161417,1.0762311003195197,0.3688771957617072,-0.7092996298000055,-0.45011166596425584,0.5435859152460015,0.0,1.0,0.0,1.0,0.0,0.0,0.0,0.0,1.0,0.0,0.0,0.0,Medium,2.35
0.5163525485958167,0.6342619160647225,1.58256118741725,1.5454427387467056,0.05532826418797137,0.7515519827963681,1.3439795650220843,-0.80520286161417,-0.9291684654932499,0.9890654634897235,-1.2025538925260177,-0.8041585977662399,0.8051978099661431,0.0,1.0,0.0,0.0,0.0,0.0,1.0,0.0,1.0,0.0,0.0,0.0,Low,2.58
0.5163525485958167,1.5517092392055944,-0.375182203090733,0.5714448979743436,-0.35714756155977306,-0.4716691117493928,-1.0065482401078727,-0.80520286161417,1.0762311003195197,-0.39961696207518266,0.2772088956520187,-1.1582055295682239,0.9687052441662318,1.0,0.0,0.0,0.0,0.0,1.0,0.0,0.0,1.0,0.0,0.0,0.0,High,1.65
-0.9422704700364372,-1.200632730217021,0.608559500597358,0.5769167959562105,1.010238052562887,0.232609700261803,-0.2230389717312203,1.2419230577438896,-0.9291684654932499,0.01833600095891534,-1.2025538925260177,0.6120291294416963,-0.3393542294344775,0.0,1.0,0.0,0.0,0.0,1.0,0.0,0.0,0.0,1.0,0.0,0.0,Medium,2.27
-0.9422704700364372,-0.2831854070761493,0.2773989270785947,0.48389453026446827,0.021426141523773104,-0.8423421707026537,-0.2230389717312203,1.2419230577438896,-0.9291684654932499,-0.21086401102752536,-0.7092996298000055,0.25798219763971225,-0.7317720715146905,1.0,0.0,0.0,0.0,0.0,0.0,1.0,0.0,0.0,0.0,1.0,0.0,Medium,1.71
-1.671581979352564,-1.200632730217021,0.048508530675920244,0.05161458969695935,-1.0295396610663703,-0.37282296269518983,-0.2230389717312203,-0.80520286161417,-0.9291684654932499,0.01833600095891534,0.2772088956520187,-0.09606473416227178,-0.273951255754442,0.0,0.0,1.0,0.0,1.0,0.0,0.0,0.0,1.0,0.0,0.0,0.0,High,1.68
-0.9422704700364372,-0.2831854070761493,-1.3978839742516198,-1.0810682925495518,-1.6906310530182351,0.022561633521621906,-0.2230389717312203,1.2419230577438896,-0.9291684654932499,-1.8287464485788723,0.7704631583780309,-0.45011166596425584,-0.3393542294344775,0.0,1.0,0.0,0.0,0.0,1.0,0.0,0.0,1.0,0.0,0.0,0.0,High,0.59
1.2456640579119436,1.5517092392055944,-0.28752205127694247,0.09538977355189682,0.24744029261842768,-0.6940729471213493,-1.0065482401078727,-0.80520286161417,-0.9291684654932499,-0.7231934495854521,1.756971683830055,0.25798219763971225,0.4454814547259481,0.0,1.0,0.0,0.0,0.0,0.0,1.0,0.0,1.0,0.0,0.0,0.0,High,1.65
-0.2129589607203102,0.6342619160647225,-1.2030836368876414,-1.4586292532983887,-0.6848680806470224,-1.7319575121904798,-0.2230389717312203,-0.80520286161417,-0.9291684654932499,-1.2085581808508559,-0.2160453670739934,-0.09606473416227178,-1.941727084595347,1.0,0.0,0.0,0.0,0.0,1.0,0.0,0.0,0.0,0.0,1.0,0.0,High,0.98
0.5163525485958167,0.6342619160647225,1.9478118199747096,1.4852518609461667,1.756084751175247,0.7639077514281437,2.9109981017753888,-0.80520286161417,1.0762311003195197,1.1508537072448584,-1.2025538925260177,-0.45011166596425584,0.8051978099661431,0.0,1.0,0.0,0.0,0.0,0.0,1.0,0.0,1.0,0.0,0.0,0.0,Low,2.65
-0.2129589607203102,-0.2831854070761493,-0.9401031814462706,-0.13442994168652586,-0.9617354157379743,-0.7187844843849001,-0.2230389717312203,-0.80520286161417,-0.9291684654932499,-0.9928405225106764,-0.7092996298000055,0.9660760612436803,-1.3203988346350097,1.0,0.0,0.0,0.0,1.0,0.0,0.0,0.0,0.0,0.0,1.0,0.0,High,1.49
1.2456640579119436,1.5517092392055944,-1.5634642610110014,-1.8252464180834915,-1.1820992130552623,-1.9543613475624364,-1.0065482401078727,1.2419230577438896,1.0762311003195197,-2.0849111678578356,-0.7092996298000055,-1.512252461370208,-1.582010729355152,1.0,0.0,0.0,0.0,0.0,1.0,0.0,0.0,1.0,0.0,0.0,0.0,High,0.16
0.5163525485958167,-0.2831854070761493,1.4997710440375598,1.1624098800160014,1.168447958329145,1.1345808103814046,0.5604702966454319,1.2419230577438896,-0.9291684654932499,1.5283596093401723,-1.2025538925260177,2.0282168566496326,1.655436467806605,1.0,0.0,0.0,0.0,0.0,1.0,0.0,0.0,1.0,0.0,0.0,0.0,Low,2.86
-0.9422704700364372,-1.200632730217021,-0.15116181512215773,-0.16178943159586187,1.1232451281102143,0.9121769750094479,-1.0065482401078727,-0.80520286161417,1.0762311003195197,0.01833600095891534,-0.7092996298000055,-0.45011166596425584,1.00140673100625,0.0,1.0,0.0,0.0,0.0,1.0,0.0,0.0,0.0,1.0,0.0,0.0,Medium,2.17
0.5163525485958167,-0.2831854070761493,-1.3735339320811226,-0.7910576995105902,-1.0238893072890043,-0.4222460372222913,0.5604702966454319,-0.80520286161417,1.0762311003195197,-1.4647229001298192,-0.7092996298000055,-0.45011166596425584,-0.7317720715146905,1.0,0.0,0.0,0.0,0.0,1.0,0.0,0.0,1.0,0.0,0.0,0.0,High,0.77
-0.2129589607203102,-1.200632730217021,1.5338611030762554,1.8245095358219325,0.7277203636945687,2.6543403520897737,0.5604702966454319,-0.80520286161417,1.0762311003195197,0.01833600095891534,-1.2025538925260177,-0.8041585977662399,1.1976156520463563,1.0,0.0,0.0,0.0,1.0,0.0,0.0,0.0,0.0,1.0,0.0,0.0,Low,3.06
-1.671581979352564,-1.200632730217021,0.02902849693952247,-0.5557660862903002,0.1739856935126651,-1.0276787001792842,0.5604702966454319,-0.80520286161417,1.0762311003195197,0.01833600095891534,-0.2160453670739934,-1.1582055295682239,-0.24124976891442437,0.0,1.0,0.0,0.0,0.0,0.0,0.0,1.0,0.0,0.0,1.0,0.0,High,1.52
-1.671581979352564,-1.200632730217021,-0.34596215248613615,-0.3478339629793467,-0.4306021606655361,-0.6570056412260232,-1.0065482401078727,-0.80520286161417,1.0762311003195197,0.01833600095891534,-0.7092996298000055,-0.45011166596425584,0.24927253368584176,1.0,0.0,0.0,0.0,0.0,0.0,0.0,1.0,0.0,0.0,1.0,0.0,High,1.52
-0.2129589607203102,-0.2831854070761493,-1.6511244128247915,-1.5516515189901312,-1.7301835294597998,-1.2377267669194651,-1.0065482401078727,1.2419230577438896,-0.9291684654932499,-1.9500876313952233,1.263717421104043,-1.1582055295682239,0.1511680731657886,1.0,0.0,0.0,0.0,1.0,0.0,0.0,0.0,0.0,0.0,1.0,0.0,High,0.75
1.2456640579119436,0.6342619160647225,-2.401105711676109,-2.033178541394445,-2.419526690298496,-2.003784422089538,-1.0065482401078727,1.2419230577438896,-0.9291684654932499,-2.2601817652592313,0.7704631583780309,-1.512252461370208,-2.0398315451154003,1.0,0.0,0.0,0.0,0.0,0.0,1.0,0.0,0.0,0.0,1.0,0.0,High,0.28
-0.9422704700364372,-0.2831854070761493,0.6962196524111488,-0.2219803093964008,0.5017062125999141,0.18318662573470126,-0.2230389717312203,1.2419230577438896,-0.9291684654932499,-0.5614052058303172,-0.2160453670739934,0.9660760612436803,0.8378992968061614,0.0,1.0,0.0,0.0,0.0,0.0,1.0,0.0,1.0,0.0,0.0,0.0,Medium,1.74
-0.9422704700364372,-0.2831854070761493,0.23356885117169962,-0.490103310507894,-0.0802802264688213,0.25732123752535363,0.5604702966454319,-0.80520286161417,-0.9291684654932499,0.20708895200657235,0.7704631583780309,0.6120291294416963,0.3146755073658773,0.0,1.0,0.0,0.0,0.0,0.0,0.0,1.0,0.0,0.0,1.0,0.0,High,1.87
1.9749755672280704,1.5517092392055944,0.35531906202418617,0.6535233677023516,0.8294267316871631,0.8874654377458973,-0.2230389717312203,-0.80520286161417,-0.9291684654932499,0.07226541554395999,-0.7092996298000055,-0.09606473416227178,0.6743918626060726,0.0,1.0,0.0,0.0,0.0,1.0,0.0,0.0,0.0,0.0,1.0,0.0,Medium,2.37
1.2456640579119436,0.6342619160647225,-0.07811168861066581,0.11727736547936554,-0.10853199535565312,0.6032827592150639,-0.2230389717312203,-0.80520286161417,-0.9291684654932499,0.5711125004556254,-0.7092996298000055,-0.45011166596425584,0.21657104684582412,0.0,1.0,0.0,0.0,1.0,0.0,0.0,0.0,1.0,0.0,0.0,0.0,Medium,2.15
-0.9422704700364372,-0.2831854070761493,0.267658910210396,0.07350218162442808,0.038377202855872435,0.9863115868000999,-1.0065482401078727,1.2419230577438896,1.0762311003195197,0.5576301468093645,0.2772088956520187,0.9660760612436803,1.3284215994064275,0.0,1.0,0.0,0.0,1.0,0.0,0.0,0.0,0.0,1.0,0.0,0.0,Medium,2.05
-0.9422704700364372,-1.200632730217021,-0.18038186572675455,-1.869021601938429,-0.31194473134084233,-1.126524849233487,-1.0065482401078727,-0.80520286161417,1.0762311003195197,0.01833600095891534,-0.2160453670739934,-0.8041585977662399,-0.5682646373146018,0.0,0.0,1.0,0.0,0.0,1.0,0.0,0.0,1.0,0.0,0.0,0.0,High,1.1
1.2456640579119436,1.5517092392055944,0.11668864875331263,1.2226007578165403,0.7446714250266676,0.7391962141645926,-1.0065482401078727,-0.80520286161417,1.0762311003195197,1.0699595853672907,-0.7092996298000055,1.6741699248476485,0.2819740205258594,0.0,1.0,0.0,0.0,1.0,0.0,0.0,0.0,1.0,0.0,0.0,0.0,Medium,2.38
-1.671581979352564,-1.200632730217021,0.004678454769025167,0.24313101906231144,-0.01812633491779121,-0.15041912732323343,-1.0065482401078727,-0.80520286161417,1.0762311003195197,0.01833600095891534,0.7704631583780309,0.6120291294416963,0.3146755073658773,1.0,0.0,0.0,0.0,0.0,0.0,0.0,1.0,0.0,0.0,1.0,0.0,High,1.76
-0.9422704700364372,-0.2831854070761493,0.004678454769025167,1.4961956569099004,0.7616224863587674,0.6032827592150639,2.9109981017753888,1.2419230577438896,-0.9291684654932499,1.5283596093401723,-0.7092996298000055,0.6120291294416963,1.949749849366764,0.0,1.0,0.0,0.0,0.0,0.0,0.0,1.0,1.0,0.0,0.0,0.0,Low,2.98
1.2456640579119436,1.5517092392055944,-1.5926843116155982,-1.0974839864951533,-1.594575038803007,-0.6817171784895739,-0.2230389717312203,1.2419230577438896,-0.9291684654932499,-1.6669582048237377,2.2502259465560672,-1.1582055295682239,-1.2222943741149566,0.0,1.0,0.0,0.0,0.0,1.0,0.0,0.0,1.0,0.0,0.0,0.0,High,0.75
-0.2129589607203102,-0.2831854070761493,-1.6462544043906924,-1.0646525986039503,-1.159497797945797,-1.0029671629157333,-1.0065482401078727,1.2419230577438896,1.0762311003195197,-1.6130287902386926,1.756971683830055,-0.8041585977662399,-2.0398315451154003,0.0,1.0,0.0,0.0,1.0,0.0,0.0,0.0,0.0,0.0,1.0,0.0,High,0.66
-0.2129589607203102,0.6342619160647225,-1.2810037718332326,-0.8238890874017931,-1.470267255700947,-1.0647460060746101,1.3439795650220843,-0.80520286161417,1.0762311003195197,-0.5748875594765784,2.2502259465560672,-1.1582055295682239,-0.8298765320347437,0.0,1.0,0.0,0.0,1.0,0.0,0.0,0.0,1.0,0.0,0.0,0.0,High,1.22
0.5163525485958167,0.6342619160647225,-0.32161211031563885,-0.4463281266529562,-0.5944624202091605,0.2943885434206798,-0.2230389717312203,1.2419230577438896,-0.9291684654932499,-0.2513110719663091,1.756971683830055,-0.8041585977662399,-0.24124976891442437,1.0,0.0,0.0,0.0,0.0,0.0,1.0,0.0,1.0,0.0,0.0,0.0,High,1.56
-0.2129589607203102,0.6342619160647225,-0.7404328356481926,0.07897407960629536,0.021426141523773104,-0.10099605279613172,0.5604702966454319,-0.80520286161417,-0.9291684654932499,0.47673602493179706,-0.2160453670739934,0.25798219763971225,0.1838695600058062,1.0,0.0,0.0,0.0,0.0,0.0,1.0,0.0,0.0,0.0,1.0,0.0,High,2.04
-0.2129589607203102,-1.200632730217021,0.40401914636518077,0.6589952656842185,0.4904055050451816,-0.44695757448584195,1.3439795650220843,-0.80520286161417,-0.9291684654932499,0.01833600095891534,-0.2160453670739934,-0.45011166596425584,0.11846658632577067,1.0,0.0,0.0,0.0,0.0,1.0,0.0,0.0,1.0,0.0,0.0,0.0,Medium,2.04
-1.671581979352564,-1.200632730217021,-1.095943451337453,-0.5284065963809642,-0.3627979153371395,-0.5458037235400449,-1.0065482401078727,-0.80520286161417,-0.9291684654932499,0.01833600095891534,2.743480209282079,-1.1582055295682239,-0.04504084787431804,0.0,1.0,0.0,0.0,0.0,0.0,0.0,1.0,0.0,0.0,1.0,0.0,High,1.39
-0.9422704700364372,-0.2831854070761493,-1.295613797135531,-0.8129452914380589,-0.8939311704095777,-1.398351759132545,0.5604702966454319,-0.80520286161417,-0.9291684654932499,-1.3164170100209458,0.7704631583780309,0.25798219763971225,-2.0398315451154003,1.0,0.0,0.0,0.0,0.0,0.0,0.0,1.0,1.0,0.0,0.0,0.0,High,0.91
-1.671581979352564,-1.200632730217021,1.3001006982394816,1.2444883497440093,0.32089489172419067,0.5415039160561871,-1.0065482401078727,-0.80520286161417,-0.9291684654932499,0.01833600095891534,0.2772088956520187,1.3201229930456644,0.6416903757660544,0.0,1.0,0.0,0.0,0.0,0.0,1.0,0.0,1.0,0.0,0.0,0.0,Medium,2.23
1.9749755672280704,1.5517092392055944,-0.5943325826252087,-0.23292410536013536,0.8633288543513618,-0.28633258227276237,-1.0065482401078727,1.2419230577438896,1.0762311003195197,-0.305240486551354,-0.2160453670739934,-0.45011166596425584,-0.24124976891442437,1.0,0.0,0.0,0.0,0.0,0.0,1.0,0.0,1.0,0.0,0.0,0.0,High,1.87
-0.2129589607203102,-1.200632730217021,-0.10733173921526265,0.11180546749749827,-0.24414048601244578,0.1337635512076,1.3439795650220843,-0.80520286161417,1.0762311003195197,0.01833600095891534,-1.2025538925260177,-0.45011166596425584,1.3284215994064275,1.0,0.0,0.0,0.0,0.0,0.0,1.0,0.0,0.0,0.0,1.0,0.0,High,1.59
-0.2129589607203102,-0.2831854070761493,0.9105000235115246,2.0214978631691523,0.9537345147892232,1.4681865634393392,0.5604702966454319,-0.80520286161417,-0.9291684654932499,1.5283596093401723,-0.7092996298000055,0.9660760612436803,0.9360037573262142,0.0,1.0,0.0,0.0,1.0,0.0,0.0,0.0,1.0,0.0,0.0,0.0,Medium,2.88
-0.2129589607203102,0.6342619160647225,0.6816096271088499,1.310151125526416,0.47345444371308226,0.9245327436412231,-0.2230389717312203,1.2419230577438896,1.0762311003195197,0.7733478051495436,-1.2025538925260177,0.6120291294416963,0.870600783646179,0.0,1.0,0.0,0.0,0.0,1.0,0.0,0.0,1.0,0.0,0.0,0.0,Medium,2.57
1.2456640579119436,0.6342619160647225,-0.725822810345894,-0.5885974741815035,-1.3233580574894215,-0.9411883197568565,-1.0065482401078727,1.2419230577438896,1.0762311003195197,-1.087216998034505,0.2772088956520187,-0.45011166596425584,-0.9606824793948148,0.0,1.0,0.0,0.0,0.0,0.0,1.0,0.0,1.0,0.0,0.0,0.0,High,0.87
-0.2129589607203102,-0.2831854070761493,0.8374498970000327,-0.4518000246348235,-0.11983270291038602,-0.5458037235400449,-1.0065482401078727,-0.80520286161417,-0.9291684654932499,-0.31872284019761526,1.756971683830055,-0.09606473416227178,-0.04504084787431804,0.0,1.0,0.0,0.0,0.0,1.0,0.0,0.0,1.0,0.0,0.0,0.0,High,1.68
0.5163525485958167,-0.2831854070761493,0.3650590788923852,0.8942868789045081,0.45085302860361687,0.17083085710292617,-0.2230389717312203,-0.80520286161417,1.0762311003195197,-0.2647934256125703,-0.7092996298000055,-0.09606473416227178,1.1976156520463563,1.0,0.0,0.0,0.0,0.0,0.0,0.0,1.0,0.0,0.0,1.0,0.0,Medium,1.81
1.2456640579119436,1.5517092392055944,0.5062893234812695,0.029726997769490223,0.2248388775089623,-0.7064287157531247,-1.0065482401078727,-0.80520286161417,-0.9291684654932499,0.12619483012900493,-0.7092996298000055,-0.45011166596425584,-0.6663690978346549,1.0,0.0,0.0,0.0,1.0,0.0,0.0,0.0,1.0,0.0,0.0,0.0,Medium,1.71
1.2456640579119436,0.6342619160647225,1.0030301837594147,0.22124342713484232,0.7672728401361334,1.0480904299589766,-0.2230389717312203,-0.80520286161417,1.0762311003195197,0.7059360369182378,-0.2160453670739934,0.6120291294416963,-0.17584679523438881,0.0,0.0,1.0,0.0,1.0,0.0,0.0,0.0,0.0,0.0,1.0,0.0,Medium,2.23
1.2456640579119436,0.6342619160647225,0.6036894921632587,-0.3478339629793467,0.9141820383476585,-0.2492652763774362,2.1274888333987367,1.2419230577438896,-0.9291684654932499,0.3419124884691847,0.2772088956520187,-0.45011166596425584,0.9033022704861966,0.0,1.0,0.0,0.0,1.0,0.0,0.0,0.0,1.0,0.0,0.0,0.0,Medium,2.05
0.5163525485958167,1.5517092392055944,0.1751287499625063,-0.32594637105187796,-0.3514972077824066,-0.6322941039624724,-1.0065482401078727,-0.80520286161417,1.0762311003195197,-1.0332875834494601,-0.2160453670739934,0.6120291294416963,-0.20854828207440673,1.0,0.0,0.0,0.0,0.0,0.0,0.0,1.0,0.0,0.0,1.0,0.0,High,1.34
1.2456640579119436,0.6342619160647225,0.6572595849383526,-0.09065475783158801,0.46215373615834976,-0.36046719406341454,-0.2230389717312203,-0.80520286161417,1.0762311003195197,0.38235954940796874,-0.7092996298000055,-0.45011166596425584,0.08576509948575305,0.0,1.0,0.0,0.0,0.0,1.0,0.0,0.0,1.0,0.0,0.0,0.0,Medium,2.21
-1.671581979352564,-1.200632730217021,-0.11220174764936218,-0.030463880031048697,0.30394383039209133,-0.5581594921718203,-0.2230389717312203,-0.80520286161417,-0.9291684654932499,0.01833600095891534,0.2772088956520187,-0.45011166596425584,-0.20854828207440673,1.0,0.0,0.0,0.0,0.0,1.0,0.0,0.0,0.0,0.0,1.0,0.0,High,1.75
-0.2129589607203102,-0.2831854070761493,0.6036894921632587,-0.0031043901217126823,-0.09723128780092023,0.40559046110665786,0.5604702966454319,-0.80520286161417,-0.9291684654932499,-0.27827577925883157,-0.7092996298000055,2.3822637884516165,0.9687052441662318,0.0,1.0,0.0,0.0,0.0,1.0,0.0,0.0,1.0,0.0,0.0,0.0,Medium,1.83
-1.671581979352564,-1.200632730217021,0.12155865718741217,1.4852518609461667,1.8803925342773073,0.4920808415290853,-0.2230389717312203,-0.80520286161417,-0.9291684654932499,0.01833600095891534,-0.7092996298000055,-0.8041585977662399,1.00140673100625,0.0,1.0,0.0,0.0,0.0,0.0,1.0,0.0,0.0,0.0,1.0,0.0,Medium,2.44
1.2456640579119436,0.6342619160647225,-1.7193045309021844,-1.6063704988088034,-1.9957501569960188,-1.2130152296559147,-1.0065482401078727,1.2419230577438896,1.0762311003195197,-2.6376876673545455,1.263717421104043,-1.512252461370208,-2.0071300582753824,1.0,0.0,0.0,0.0,0.0,0.0,0.0,1.0,1.0,0.0,0.0,0.0,High,0.36
0.5163525485958167,1.5517092392055944,-0.07324168017656628,1.3758139013088226,0.30394383039209133,0.5785712219515132,0.5604702966454319,-0.80520286161417,1.0762311003195197,0.7868301587958052,0.7704631583780309,0.6120291294416963,0.5762874020860191,0.0,1.0,0.0,0.0,0.0,1.0,0.0,0.0,1.0,0.0,0.0,0.0,Medium,2.58
-0.2129589607203102,-0.2831854070761493,-1.3589239067788241,-1.1248434764044895,-1.266854519715758,-0.953544088388632,-0.2230389717312203,1.2419230577438896,-0.9291684654932499,-1.4647229001298192,-0.7092996298000055,-0.09606473416227178,-0.6663690978346549,0.0,1.0,0.0,0.0,0.0,0.0,0.0,1.0,0.0,0.0,1.0,0.0,High,0.89
-0.2129589607203102,-0.2831854070761493,-1.7582645983749798,-1.2288095380599662,-2.2952189071964364,-1.843159429876458,-1.0065482401078727,-0.80520286161417,1.0762311003195197,-2.6376876673545455,1.263717421104043,-1.512252461370208,-1.2549958609549743,1.0,0.0,0.0,0.0,1.0,0.0,0.0,0.0,1.0,0.0,0.0,0.0,High,0.22
-0.2129589607203102,-1.200632730217021,0.00954846320312435,-0.27122739123320594,0.8237763779097971,0.9863115868000999,-1.0065482401078727,1.2419230577438896,-0.9291684654932499,0.01833600095891534,-0.2160453670739934,0.9660760612436803,0.1511680731657886,0.0,1.0,0.0,0.0,0.0,0.0,1.0,0.0,1.0,0.0,0.0,0.0,Medium,1.94
1.9749755672280704,1.5517092392055944,0.5257693572176673,0.5769167959562105,1.484867769861662,0.9121769750094479,0.5604702966454319,-0.80520286161417,-0.9291684654932499,0.9216536952584176,-0.7092996298000055,-0.8041585977662399,-0.37205571627449546,1.0,0.0,0.0,0.0,0.0,1.0,0.0,0.0,0.0,1.0,0.0,0.0,Medium,2.65
-1.671581979352564,-1.200632730217021,0.8666699476046299,0.5386135100831403,0.47345444371308226,0.17083085710292617,0.5604702966454319,-0.80520286161417,-0.9291684654932499,0.01833600095891534,-0.2160453670739934,-0.09606473416227178,1.099511191526303,1.0,0.0,0.0,0.0,0.0,0.0,1.0,0.0,0.0,1.0,0.0,0.0,Medium,2.31
-0.2129589607203102,-1.200632730217021,1.4315909259601671,1.1459941860704,1.4057628169785323,0.9245327436412231,1.3439795650220843,-0.80520286161417,-0.9291684654932499,0.01833600095891534,-1.2025538925260177,0.9660760612436803,1.491929033606516,1.0,0.0,0.0,0.0,0.0,0.0,1.0,0.0,0.0,0.0,1.0,0.0,Low,2.68
-1.671581979352564,-1.200632730217021,0.9397200741161218,1.0529719203786574,1.2814550338764723,1.431119257544013,0.5604702966454319,-0.80520286161417,-0.9291684654932499,0.01833600095891534,-0.2160453670739934,2.0282168566496326,2.0151528230468,1.0,0.0,0.0,0.0,0.0,0.0,1.0,0.0,1.0,0.0,0.0,0.0,Medium,2.58
-0.9422704700364372,-1.200632730217021,0.1361686824897104,-0.5831255761996362,0.2135381699542298,-0.06392874690080598,-0.2230389717312203,1.2419230577438896,-0.9291684654932499,0.01833600095891534,0.7704631583780309,-0.09606473416227178,-1.058786939914868,1.0,0.0,0.0,0.0,0.0,1.0,0.0,0.0,0.0,0.0,1.0,0.0,High,1.57
-0.2129589607203102,-0.2831854070761493,-0.3995322452612303,-0.8621923732748636,0.6203636419246082,-0.9041210138615305,-1.0065482401078727,1.2419230577438896,-0.9291684654932499,-0.5748875594765784,-0.7092996298000055,-0.45011166596425584,-0.37205571627449546,1.0,0.0,0.0,0.0,0.0,0.0,0.0,1.0,0.0,0.0,1.0,0.0,High,1.53
-0.2129589607203102,-0.2831854070761493,-0.03428161270377073,-0.39160914683428416,0.4565033823809833,0.1337635512076,1.3439795650220843,1.2419230577438896,1.0762311003195197,-0.39961696207518266,1.263717421104043,-0.09606473416227178,-0.3393542294344775,1.0,0.0,0.0,0.0,0.0,0.0,0.0,1.0,1.0,0.0,0.0,0.0,Medium,1.84
0.5163525485958167,-0.2831854070761493,1.3244507404099788,1.786206249948863,1.5470216614126915,1.221071190803832,2.1274888333987367,-0.80520286161417,-0.9291684654932499,2.2024772916532336,-1.2025538925260177,-0.8041585977662399,1.230317138886374,1.0,0.0,0.0,0.0,1.0,0.0,0.0,0.0,1.0,0.0,0.0,0.0,Low,3.21
-0.2129589607203102,-1.200632730217021,1.0614702849686084,1.5399708407648387,1.27015432632174,1.6782346301795203,0.5604702966454319,-0.80520286161417,1.0762311003195197,0.01833600095891534,-0.7092996298000055,-0.45011166596425584,-0.07774233471433566,0.0,1.0,0.0,0.0,0.0,0.0,1.0,0.0,1.0,0.0,0.0,0.0,Medium,2.94
-0.9422704700364372,-1.200632730217021,-0.2339519585018487,-0.5557660862903002,-0.3740986228918724,-0.409890268590516,-1.0065482401078727,1.2419230577438896,1.0762311003195197,0.01833600095891534,1.756971683830055,0.25798219763971225,-1.2549958609549743,0.0,1.0,0.0,1.0,0.0,0.0,0.0,0.0,1.0,0.0,0.0,0.0,High,1.33
0.5163525485958167,-0.2831854070761493,-1.3735339320811226,-1.2944723138423726,-1.6962814067956016,-2.213832488829719,-1.0065482401078727,1.2419230577438896,1.0762311003195197,-2.0309817532727905,1.263717421104043,-1.1582055295682239,-1.3203988346350097,1.0,0.0,0.0,0.0,0.0,1.0,0.0,0.0,0.0,0.0,1.0,0.0,High,0.26
-1.671581979352564,-1.200632730217021,0.6377795512019551,0.3470970807177882,0.3660977219431214,0.6032827592150639,2.9109981017753888,-0.80520286161417,-0.9291684654932499,0.01833600095891534,-0.2160453670739934,-0.45011166596425584,0.4454814547259481,0.0,1.0,0.0,0.0,0.0,0.0,0.0,1.0,1.0,0.0,0.0,0.0,Medium,2.5
-0.2129589607203102,0.6342619160647225,-0.9206231477098724,-0.8786080672204651,-1.0634417837305687,-0.9782556256521826,-1.0065482401078727,1.2419230577438896,1.0762311003195197,-1.0332875834494601,1.263717421104043,-0.45011166596425584,-1.1568914004349211,0.0,1.0,0.0,0.0,1.0,0.0,0.0,0.0,0.0,0.0,1.0,0.0,High,1.16
-0.9422704700364372,-1.200632730217021,-2.2160453911803293,-1.5461796210082641,-1.2442531046062926,-1.707245974926929,-1.0065482401078727,-0.80520286161417,-0.9291684654932499,0.01833600095891534,0.2772088956520187,-1.512252461370208,-0.6009661241546194,0.0,1.0,0.0,1.0,0.0,0.0,0.0,0.0,1.0,0.0,0.0,0.0,High,0.71
-0.2129589607203102,-0.2831854070761493,-0.5845925657570097,-0.21103651343266663,0.21918852373159586,-0.44695757448584195,-0.2230389717312203,1.2419230577438896,-0.9291684654932499,-0.27827577925883157,1.263717421104043,-0.09606473416227178,1.2630186257263916,1.0,0.0,0.0,0.0,0.0,1.0,0.0,0.0,0.0,0.0,1.0,0.0,High,1.56
0.5163525485958167,-0.2831854070761493,0.3358390282877884,0.5167259181556716,0.6994685948077368,0.232609700261803,-0.2230389717312203,-0.80520286161417,-0.9291684654932499,1.016030170782246,-0.2160453670739934,-0.45011166596425584,0.6743918626060726,0.0,1.0,0.0,0.0,1.0,0.0,0.0,0.0,0.0,1.0,0.0,0.0,Medium,2.23
0.5163525485958167,-0.2831854070761493,0.8666699476046299,1.2444883497440093,0.9480841610118572,0.14611931983937554,1.3439795650220843,-0.80520286161417,-0.9291684654932499,1.002547817135985,-1.2025538925260177,-0.8041585977662399,-0.20854828207440673,1.0,0.0,0.0,0.0,0.0,0.0,1.0,0.0,1.0,0.0,0.0,0.0,Medium,2.58
-1.671581979352564,-1.200632730217021,0.004678454769025167,-0.5338784943628315,0.20788781617686336,-0.07628451553258109,-0.2230389717312203,1.2419230577438896,1.0762311003195197,0.01833600095891534,1.263717421104043,-0.45011166596425584,-0.01233936103430012,1.0,0.0,0.0,0.0,0.0,0.0,1.0,0.0,0.0,0.0,1.0,0.0,High,1.4
-1.671581979352564,-1.200632730217021,-0.27291202597464426,-0.2876430851788074,-0.775273741084884,0.1337635512076,-1.0065482401078727,-0.80520286161417,1.0762311003195197,0.01833600095891534,0.2772088956520187,0.6120291294416963,-1.3531003214750275,1.0,0.0,0.0,0.0,0.0,0.0,0.0,1.0,1.0,0.0,0.0,0.0,High,1.55
1.9749755672280704,1.5517092392055944,1.5484711283785544,1.7260153721483231,1.2588536187670072,1.5176096379664406,1.3439795650220843,-0.80520286161417,1.0762311003195197,2.027206694251838,-1.2025538925260177,2.0282168566496326,0.4454814547259481,0.0,1.0,0.0,0.0,0.0,0.0,0.0,1.0,0.0,1.0,0.0,0.0,Low,3.26
-0.9422704700364372,-1.200632730217021,0.618299517465557,0.67541095962982,1.5413713076353255,0.7639077514281437,-0.2230389717312203,-0.80520286161417,-0.9291684654932499,0.01833600095891534,-0.7092996298000055,-0.09606473416227178,0.8378992968061614,1.0,0.0,0.0,0.0,0.0,1.0,0.0,0.0,0.0,1.0,0.0,0.0,Low,2.52
-0.9422704700364372,-0.2831854070761493,0.5793394499927614,-0.05235147195851782,0.2587410001731606,-0.18748643321855962,0.5604702966454319,-0.80520286161417,1.0762311003195197,-0.04907576727239084,1.263717421104043,0.6120291294416963,-0.7644735583547082,1.0,0.0,0.0,0.0,1.0,0.0,0.0,0.0,1.0,0.0,0.0,0.0,Medium,1.91
0.5163525485958167,-0.2831854070761493,-1.3150938308719289,-1.2890004158605055,-1.5606729161388087,-0.9782556256521826,-1.0065482401078727,1.2419230577438896,1.0762311003195197,-1.8017817412863497,-1.2025538925260177,-1.1582055295682239,-1.1241899135949034,0.0,1.0,0.0,0.0,1.0,0.0,0.0,0.0,0.0,0.0,1.0,0.0,High,1.02
-0.2129589607203102,-0.2831854070761493,0.5793394499927614,0.3580408766815224,0.7729231939134994,1.9747730773421288,-1.0065482401078727,1.2419230577438896,-0.9291684654932499,1.0429948780747684,-0.2160453670739934,0.6120291294416963,-0.3066527425944599,1.0,0.0,0.0,0.0,0.0,0.0,1.0,0.0,1.0,0.0,0.0,0.0,Medium,2.58
0.5163525485958167,-0.2831854070761493,-0.044021629571969444,0.11180546749749827,0.6994685948077368,0.813330825955245,-1.0065482401078727,-0.80520286161417,-0.9291684654932499,0.3149477811766622,-0.7092996298000055,1.6741699248476485,0.2819740205258594,0.0,1.0,0.0,0.0,0.0,0.0,1.0,0.0,1.0,0.0,0.0,0.0,Medium,1.9
1.2456640579119436,0.6342619160647225,1.1345204114801002,1.950363189404879,0.2982934766147253,1.319917339858035,-0.2230389717312203,1.2419230577438896,1.0762311003195197,2.229441998945756,-1.2025538925260177,0.9660760612436803,2.0478543098868176,0.0,0.0,1.0,0.0,0.0,0.0,0.0,1.0,0.0,1.0,0.0,0.0,Low,3.06
1.9749755672280704,1.5517092392055944,1.5192510777739572,1.364870105345088,1.2814550338764723,0.9492442809047741,2.9109981017753888,1.2419230577438896,-0.9291684654932499,1.1508537072448584,-1.2025538925260177,0.25798219763971225,0.6743918626060726,0.0,1.0,0.0,1.0,0.0,0.0,0.0,0.0,1.0,0.0,0.0,0.0,Low,3.01
-0.9422704700364372,-1.200632730217021,-0.7063427766094962,-0.2931149831606747,-0.8204765713038151,-2.07791903388019,1.3439795650220843,1.2419230577438896,-0.9291684654932499,0.01833600095891534,0.7704631583780309,0.6120291294416963,-0.5682646373146018,1.0,0.0,0.0,0.0,0.0,1.0,0.0,0.0,1.0,0.0,0.0,0.0,High,1.13
0.5163525485958167,-0.2831854070761493,-1.811834691150074,-1.6227861927544047,-2.5042819969589916,-1.2500825355512406,-1.0065482401078727,-0.80520286161417,1.0762311003195197,-2.6242053137082846,0.2772088956520187,-1.1582055295682239,-2.0398315451154003,1.0,0.0,0.0,0.0,1.0,0.0,0.0,0.0,0.0,0.0,1.0,0.0,High,0.52
-0.2129589607203102,-1.200632730217021,1.8163215922540248,1.0420281244149228,1.2475529112122743,1.604100018388868,-0.2230389717312203,-0.80520286161417,-0.9291684654932499,0.01833600095891534,-0.7092996298000055,0.9660760612436803,0.6089888889260368,0.0,1.0,0.0,0.0,0.0,0.0,1.0,0.0,1.0,0.0,0.0,0.0,Low,2.92
-0.9422704700364372,-0.2831854070761493,0.004678454769025167,-0.9880460268578092,-0.4193014531108032,-0.6322941039624724,0.5604702966454319,-0.80520286161417,-0.9291684654932499,-0.12996988914995797,-0.2160453670739934,-0.45011166596425584,-0.8298765320347437,1.0,0.0,0.0,0.0,1.0,0.0,0.0,0.0,0.0,0.0,1.0,0.0,High,1.57
-0.2129589607203102,0.6342619160647225,-2.172215315273434,-1.8799653979021635,-1.4928686708104124,-2.2014767201979435,-1.0065482401078727,-0.80520286161417,-0.9291684654932499,-1.3838287782522516,0.2772088956520187,-1.512252461370208,-0.797175045194726,0.0,1.0,0.0,0.0,0.0,1.0,0.0,0.0,1.0,0.0,0.0,0.0,High,0.53
-1.671581979352564,-1.200632730217021,-0.2826520428428433,-0.8020014954743244,-0.696168788201755,-1.126524849233487,-0.2230389717312203,1.2419230577438896,1.0762311003195197,0.01833600095891534,0.7704631583780309,-1.512252461370208,-1.3858018083150454,1.0,0.0,0.0,0.0,1.0,0.0,0.0,0.0,1.0,0.0,0.0,0.0,High,1.31
-0.2129589607203102,-0.2831854070761493,0.2725289186444955,-0.1234861457227913,-0.32324543889557483,0.3561673865795566,0.5604702966454319,-0.80520286161417,1.0762311003195197,0.38235954940796874,-0.7092996298000055,-0.8041585977662399,-0.01233936103430012,1.0,0.0,0.0,0.0,1.0,0.0,0.0,0.0,1.0,0.0,0.0,0.0,Medium,2.16
1.2456640579119436,1.5517092392055944,1.6117812380218473,2.1199920268427617,0.998937345008154,1.6164557870206435,-1.0065482401078727,-0.80520286161417,1.0762311003195197,2.2429243525920173,-1.2025538925260177,0.9660760612436803,1.7535409283266576,0.0,1.0,0.0,0.0,0.0,1.0,0.0,0.0,0.0,1.0,0.0,0.0,Low,3.05
-1.671581979352564,-1.200632730217021,0.1751287499625063,0.396344162554593,-0.30064402378610944,0.3438116179477811,0.5604702966454319,1.2419230577438896,1.0762311003195197,0.01833600095891534,0.7704631583780309,-0.8041585977662399,0.6089888889260368,0.0,1.0,0.0,1.0,0.0,0.0,0.0,0.0,1.0,0.0,0.0,0.0,High,1.87
-0.2129589607203102,-0.2831854070761493,1.1199103861778013,2.590575253283341,2.0442527938209314,1.702946167443071,0.5604702966454319,-0.80520286161417,1.0762311003195197,2.1350655234219276,-1.2025538925260177,0.6120291294416963,1.7862424151666754,1.0,0.0,0.0,0.0,1.0,0.0,0.0,0.0,0.0,1.0,0.0,0.0,Low,3.1
-0.2129589607203102,0.6342619160647225,1.4608109765647637,0.5659729999924763,0.9085316845702925,1.282850033962709,2.1274888333987367,-0.80520286161417,1.0762311003195197,1.1913007681836416,-1.2025538925260177,0.9660760612436803,0.6743918626060726,0.0,1.0,0.0,0.0,0.0,0.0,1.0,0.0,1.0,0.0,0.0,0.0,Low,2.62
-0.9422704700364372,-1.200632730217021,-0.11707175608346136,0.28143430493538163,-0.36844826911450596,-0.16277489595500855,0.5604702966454319,1.2419230577438896,-0.9291684654932499,0.01833600095891534,0.7704631583780309,0.25798219763971225,-0.6663690978346549,1.0,0.0,0.0,0.0,0.0,0.0,1.0,0.0,1.0,0.0,0.0,0.0,High,1.49
-0.9422704700364372,-1.200632730217021,-2.084555163459644,-1.1248434764044895,-2.1483097089849106,-1.2871498414465667,-1.0065482401078727,1.2419230577438896,-0.9291684654932499,0.01833600095891534,-0.7092996298000055,-0.45011166596425584,-0.8625780188747614,1.0,0.0,0.0,0.0,0.0,0.0,0.0,1.0,1.0,0.0,0.0,0.0,High,0.72
-0.9422704700364372,-1.200632730217021,0.7156996861475462,0.8176803071583677,0.6881678872530039,-0.17513066458678408,0.5604702966454319,-0.80520286161417,1.0762311003195197,0.01833600095891534,-0.2160453670739934,-0.09606473416227178,0.21657104684582412,1.0,0.0,0.0,0.0,0.0,1.0,0.0,0.0,1.0,0.0,0.0,0.0,Medium,2.16
1.2456640579119436,1.5517092392055944,-0.6868627428730985,0.13916495740683427,0.2756920615052595,-0.6693614098577986,-0.2230389717312203,1.2419230577438896,1.0762311003195197,-0.022111059979868366,-0.2160453670739934,-0.8041585977662399,-0.6009661241546194,0.0,1.0,0.0,0.0,0.0,1.0,0.0,0.0,0.0,0.0,1.0,0.0,High,1.94
-0.9422704700364372,-1.200632730217021,-0.7891329199891872,-0.20009271746893206,-0.4362525144429021,-0.8546979393344291,-1.0065482401078727,1.2419230577438896,-0.9291684654932499,0.01833600095891534,-0.7092996298000055,0.9660760612436803,0.3146755073658773,1.0,0.0,0.0,0.0,1.0,0.0,0.0,0.0,1.0,0.0,0.0,0.0,High,1.38
-0.2129589607203102,-1.200632730217021,-1.052113375430558,-0.895023761166067,-1.0690921375079352,0.022561633521621906,-0.2230389717312203,1.2419230577438896,1.0762311003195197,0.01833600095891534,0.2772088956520187,-0.09606473416227178,-0.5028616636345662,1.0,0.0,0.0,0.0,1.0,0.0,0.0,0.0,0.0,0.0,1.0,0.0,High,1.1
-0.2129589607203102,-1.200632730217021,0.1264286656215117,0.5605011020106091,-0.6114134815412595,1.5052538693346655,-0.2230389717312203,-0.80520286161417,1.0762311003195197,0.01833600095891534,-0.2160453670739934,0.9660760612436803,0.7724963231261255,0.0,1.0,0.0,0.0,1.0,0.0,0.0,0.0,1.0,0.0,0.0,0.0,Medium,1.87
-0.2129589607203102,-1.200632730217021,0.6816096271088499,0.11180546749749827,0.01577578774640706,0.232609700261803,1.3439795650220843,1.2419230577438896,-0.9291684654932499,0.01833600095891534,-0.2160453670739934,-0.09606473416227178,0.7070933494460903,0.0,1.0,0.0,1.0,0.0,0.0,0.0,0.0,1.0,0.0,0.0,0.0,Medium,2.03
0.5163525485958167,0.6342619160647225,0.7059596692793472,-0.7199230257463163,-0.05767881135935592,-0.15041912732323343,1.3439795650220843,1.2419230577438896,-0.9291684654932499,0.490218378578058,0.2772088956520187,-1.1582055295682239,0.08576509948575305,0.0,1.0,0.0,0.0,0.0,1.0,0.0,0.0,0.0,1.0,0.0,0.0,Medium,2.03
-0.9422704700364372,-1.200632730217021,0.19460878369890408,0.21029963117110814,-0.24979083978981223,-0.8052748648073276,-0.2230389717312203,-0.80520286161417,-0.9291684654932499,0.01833600095891534,-1.2025538925260177,-0.45011166596425584,-0.7644735583547082,0.0,1.0,0.0,0.0,0.0,1.0,0.0,0.0,0.0,1.0,0.0,0.0,Medium,1.9
-0.9422704700364372,-0.2831854070761493,-0.23882196693594787,-0.4134967387617529,-0.3345461464503077,0.26967700615712914,-1.0065482401078727,1.2419230577438896,-0.9291684654932499,-0.19738165738126415,-0.7092996298000055,-0.45011166596425584,0.05306361264573542,1.0,0.0,0.0,0.0,1.0,0.0,0.0,0.0,0.0,1.0,0.0,0.0,Medium,1.81
0.5163525485958167,0.6342619160647225,-0.6819927344389989,-1.2671128239330367,-0.47015463710710037,-1.1141690806017115,0.5604702966454319,1.2419230577438896,-0.9291684654932499,-1.0063228761569376,-0.2160453670739934,-1.1582055295682239,-0.7317720715146905,0.0,1.0,0.0,1.0,0.0,0.0,0.0,0.0,0.0,0.0,1.0,0.0,High,1.25
0.5163525485958167,1.5517092392055944,1.597171212719549,1.7205434741664563,1.4622663547521961,2.728474963880426,-0.2230389717312203,-0.80520286161417,-0.9291684654932499,1.9597949260205318,-1.2025538925260177,-0.45011166596425584,0.7724963231261255,1.0,0.0,0.0,0.0,0.0,0.0,0.0,1.0,0.0,1.0,0.0,0.0,Low,3.31
-0.9422704700364372,-1.200632730217021,1.0663402934027075,0.8888149809226412,1.8125882889489109,1.011023124063651,-0.2230389717312203,1.2419230577438896,-0.9291684654932499,0.01833600095891534,-1.2025538925260177,0.6120291294416963,0.5108844284059836,0.0,1.0,0.0,1.0,0.0,0.0,0.0,0.0,0.0,1.0,0.0,0.0,Low,2.82
0.5163525485958167,1.5517092392055944,-0.21934193319955012,0.32520948879031947,-0.6848680806470224,1.0357346613272016,-0.2230389717312203,-0.80520286161417,-0.9291684654932499,0.3014654275304013,1.263717421104043,-0.09606473416227178,-0.01233936103430012,0.0,1.0,0.0,0.0,0.0,0.0,1.0,0.0,0.0,1.0,0.0,0.0,High,2.05
0.5163525485958167,0.6342619160647225,-1.2420437043604369,-0.9442708430028717,-1.2386027508289261,-0.7434960216484507,-1.0065482401078727,1.2419230577438896,1.0762311003195197,-1.8557111558713946,-0.2160453670739934,-1.1582055295682239,-1.8436226240752938,0.0,1.0,0.0,1.0,0.0,0.0,0.0,0.0,0.0,0.0,1.0,0.0,High,0.68
-0.2129589607203102,-1.200632730217021,-0.8427030127642813,-1.0974839864951533,-1.797987774788196,-1.4477748336596465,-0.2230389717312203,1.2419230577438896,1.0762311003195197,0.01833600095891534,1.263717421104043,-0.45011166596425584,-0.8952795057147792,1.0,0.0,0.0,1.0,0.0,0.0,0.0,0.0,0.0,0.0,1.0,0.0,High,0.8
1.2456640579119436,0.6342619160647225,1.7140514151379358,1.6384650044384481,1.3831614018690674,1.702946167443071,0.5604702966454319,-0.80520286161417,-0.9291684654932499,2.5665008401022864,-1.2025538925260177,0.6120291294416963,1.2630186257263916,1.0,0.0,0.0,0.0,0.0,1.0,0.0,0.0,0.0,1.0,0.0,0.0,Low,3.14
1.2456640579119436,1.5517092392055944,-0.409272262129429,-0.9552146389666063,-0.9673857695153407,-0.1257075900596828,-0.2230389717312203,-0.80520286161417,-0.9291684654932499,-0.27827577925883157,-0.7092996298000055,0.6120291294416963,-0.5028616636345662,0.0,1.0,0.0,0.0,0.0,0.0,1.0,0.0,0.0,0.0,1.0,0.0,High,1.56
-1.671581979352564,-1.200632730217021,-1.008283299523663,-0.13990183966839276,0.15703463218056618,-0.5458037235400449,-0.2230389717312203,-0.80520286161417,-0.9291684654932499,0.01833600095891534,-0.2160453670739934,-0.09606473416227178,-0.11044382155435328,1.0,0.0,0.0,1.0,0.0,0.0,0.0,0.0,0.0,0.0,1.0,0.0,High,1.77
0.5163525485958167,1.5517092392055944,-0.9206231477098724,-1.1084277824588877,-0.9617354157379743,-0.7434960216484507,-1.0065482401078727,1.2419230577438896,-0.9291684654932499,-1.2490052417896396,1.756971683830055,-0.8041585977662399,-0.6009661241546194,0.0,1.0,0.0,0.0,1.0,0.0,0.0,0.0,1.0,0.0,0.0,0.0,High,1.14
-0.9422704700364372,-0.2831854070761493,0.301748969249092,0.37445657062712423,0.7051189485851037,0.6527058337421652,-0.2230389717312203,-0.80520286161417,-0.9291684654932499,0.1531595374215274,-1.2025538925260177,1.3201229930456644,-0.01233936103430012,0.0,1.0,0.0,0.0,0.0,0.0,1.0,0.0,0.0,0.0,1.0,0.0,Medium,2.07
1.2456640579119436,0.6342619160647225,-0.574852548888811,-1.3656069876066463,-1.7075821143503342,-1.2377267669194651,-1.0065482401078727,1.2419230577438896,-0.9291684654932499,-2.152322936089142,1.263717421104043,-1.1582055295682239,-0.7644735583547082,0.0,1.0,0.0,0.0,0.0,0.0,1.0,0.0,1.0,0.0,0.0,0.0,High,0.69
1.9749755672280704,1.5517092392055944,0.42836918853567807,0.3033218968628504,0.049677910410604924,0.5044366101608608,-0.2230389717312203,-0.80520286161417,-0.9291684654932499,0.4497713176392746,-1.2025538925260177,1.3201229930456644,0.3473769942058949,0.0,0.0,1.0,0.0,0.0,0.0,1.0,0.0,0.0,1.0,0.0,0.0,Medium,2.21
-0.2129589607203102,-0.2831854070761493,1.0127702006276138,0.27049050897164745,0.3265452455015571,0.22025393163002746,-1.0065482401078727,-0.80520286161417,1.0762311003195197,0.7194183905644993,-1.2025538925260177,1.3201229930456644,-0.01233936103430012,1.0,0.0,0.0,0.0,0.0,1.0,0.0,0.0,0.0,1.0,0.0,0.0,Medium,2.34
-0.2129589607203102,0.6342619160647225,2.3568925284390647,1.7095996782027216,1.3888117556464334,1.2457827280673825,1.3439795650220843,1.2419230577438896,-0.9291684654932499,1.8789008041429645,-0.7092996298000055,0.25798219763971225,0.7724963231261255,1.0,0.0,0.0,0.0,0.0,0.0,1.0,0.0,0.0,1.0,0.0,0.0,Low,2.97
-0.9422704700364372,-0.2831854070761493,-0.7842629115550876,-0.5995412701452381,-0.029427042472524097,-0.7682075589120015,-1.0065482401078727,-0.80520286161417,1.0762311003195197,-0.6962287422929295,-0.7092996298000055,-0.45011166596425584,-1.7782196503952583,0.0,1.0,0.0,0.0,0.0,0.0,0.0,1.0,0.0,0.0,1.0,0.0,High,1.59
1.2456640579119436,0.6342619160647225,-0.7599128693845904,-0.9442708430028717,-0.5379588824354969,-1.670178669031603,1.3439795650220843,-0.80520286161417,-0.9291684654932499,-0.8175699251092804,-0.2160453670739934,-0.45011166596425584,-0.07774233471433566,0.0,1.0,0.0,0.0,0.0,1.0,0.0,0.0,0.0,0.0,1.0,0.0,High,1.1
-0.2129589607203102,0.6342619160647225,0.511159331915369,1.0201405324874544,0.6429650570340733,0.8998212063776724,-1.0065482401078727,-0.80520286161417,-0.9291684654932499,1.258712536414948,-0.2160453670739934,-0.09606473416227178,1.0341082178462677,1.0,0.0,0.0,0.0,1.0,0.0,0.0,0.0,0.0,0.0,1.0,0.0,Medium,2.53
-1.671581979352564,-1.200632730217021,1.1588704536505976,1.0201405324874544,0.4113005521620526,0.4550135356337596,0.5604702966454319,-0.80520286161417,1.0762311003195197,0.01833600095891534,-1.2025538925260177,1.3201229930456644,1.2630186257263916,0.0,1.0,0.0,0.0,0.0,1.0,0.0,0.0,1.0,0.0,0.0,0.0,Medium,2.48
-0.9422704700364372,-0.2831854070761493,-0.7891329199891872,0.08444597758816225,-0.3627979153371395,-1.0029671629157333,-1.0065482401078727,-0.80520286161417,-0.9291684654932499,-0.305240486551354,2.2502259465560672,-0.8041585977662399,-0.07774233471433566,1.0,0.0,0.0,0.0,0.0,1.0,0.0,0.0,1.0,0.0,0.0,0.0,High,1.49
-0.9422704700364372,-0.2831854070761493,0.9835501500230166,0.5714448979743436,1.6543783831826528,0.5785712219515132,-1.0065482401078727,-0.80520286161417,1.0762311003195197,0.3688771957617072,-0.7092996298000055,0.9660760612436803,2.2113617440869064,1.0,0.0,0.0,0.0,0.0,0.0,0.0,1.0,1.0,0.0,0.0,0.0,Medium,2.4
-0.9422704700364372,-1.200632730217021,0.8764099644728283,0.45653504035513226,1.5244202463032266,0.813330825955245,2.9109981017753888,-0.80520286161417,1.0762311003195197,0.01833600095891534,-0.7092996298000055,1.3201229930456644,0.7724963231261255,0.0,1.0,0.0,0.0,0.0,0.0,1.0,0.0,0.0,1.0,0.0,0.0,Low,2.51
-0.2129589607203102,-1.200632730217021,0.16051872466020772,-0.2931149831606747,0.30394383039209133,1.1345808103814046,1.3439795650220843,-0.80520286161417,1.0762311003195197,0.01833600095891534,-1.2025538925260177,-1.1582055295682239,0.870600783646179,1.0,0.0,0.0,0.0,1.0,0.0,0.0,0.0,1.0,0.0,0.0,0.0,Medium,2.04
-0.9422704700364372,-0.2831854070761493,0.014418471637223882,0.423703652463929,0.5525593965962117,0.6156385278468389,2.1274888333987367,-0.80520286161417,-0.9291684654932499,0.6250419150406703,-0.2160453670739934,-0.45011166596425584,0.11846658632577067,0.0,0.0,1.0,0.0,1.0,0.0,0.0,0.0,0.0,0.0,1.0,0.0,Medium,2.25
-0.2129589607203102,-1.200632730217021,1.3488007825804762,1.3539263093813534,0.8802799156834606,1.2581384966991582,0.5604702966454319,-0.80520286161417,-0.9291684654932499,0.01833600095891534,-0.7092996298000055,0.9660760612436803,1.00140673100625,0.0,1.0,0.0,0.0,0.0,0.0,0.0,1.0,0.0,0.0,1.0,0.0,Low,2.66
-1.671581979352564,-1.200632730217021,-0.12194176451756089,-0.30953067710627613,0.1739856935126651,-0.11335182142790726,-1.0065482401078727,-0.80520286161417,-0.9291684654932499,0.01833600095891534,-0.2160453670739934,0.6120291294416963,0.41277996788593047,1.0,0.0,0.0,0.0,1.0,0.0,0.0,0.0,1.0,0.0,0.0,0.0,High,1.76
-0.2129589607203102,0.6342619160647225,-2.0602051212891466,-1.80883072413789,-1.718882821905067,-2.213832488829719,-1.0065482401078727,1.2419230577438896,-0.9291684654932499,-2.2601817652592313,3.2367344720080915,-1.512252461370208,-0.797175045194726,1.0,0.0,0.0,1.0,0.0,0.0,0.0,0.0,0.0,0.0,1.0,0.0,High,0.21
-0.2129589607203102,0.6342619160647225,0.004678454769025167,1.2444883497440093,1.0215387601176198,1.7400134733383972,1.3439795650220843,-0.80520286161417,-0.9291684654932499,1.5957713775714788,-1.2025538925260177,1.3201229930456644,1.7862424151666754,0.0,1.0,0.0,0.0,1.0,0.0,0.0,0.0,1.0,0.0,0.0,0.0,Low,2.79
1.2456640579119436,0.6342619160647225,-0.5553725151524128,-0.572181780235902,0.09488074062953608,-0.7064287157531247,-0.2230389717312203,-0.80520286161417,1.0762311003195197,-0.8714993396943254,1.263717421104043,0.25798219763971225,-2.0398315451154003,1.0,0.0,0.0,0.0,0.0,1.0,0.0,0.0,0.0,0.0,1.0,0.0,High,1.53
-0.2129589607203102,-0.2831854070761493,0.048508530675920244,-0.10159855379532257,-0.10288164157828668,-0.28633258227276237,-1.0065482401078727,-0.80520286161417,1.0762311003195197,-0.4535463766602273,0.2772088956520187,-0.8041585977662399,-0.11044382155435328,0.0,1.0,0.0,1.0,0.0,0.0,0.0,0.0,1.0,0.0,0.0,0.0,High,1.8
1.9749755672280704,1.5517092392055944,0.7010896608452479,-0.13990183966839276,0.7446714250266676,-0.19984220185033472,0.5604702966454319,1.2419230577438896,-0.9291684654932499,0.12619483012900493,0.2772088956520187,-0.09606473416227178,-0.07774233471433566,1.0,0.0,0.0,0.0,0.0,1.0,0.0,0.0,0.0,1.0,0.0,0.0,Medium,2.06
-0.2129589607203102,0.6342619160647225,0.17025874152840678,0.3799284686089915,0.6938182410303708,-0.01450567237370427,-0.2230389717312203,1.2419230577438896,-0.9291684654932499,-0.4535463766602273,-0.2160453670739934,-0.45011166596425584,-0.273951255754442,1.0,0.0,0.0,1.0,0.0,0.0,0.0,0.0,0.0,0.0,1.0,0.0,Medium,1.9
-1.671581979352564,-1.200632730217021,-1.8751448007933669,-1.0755963945676845,-0.7639730335301514,-0.48402488038116814,-1.0065482401078727,1.2419230577438896,1.0762311003195197,0.01833600095891534,0.2772088956520187,0.6120291294416963,-1.058786939914868,1.0,0.0,0.0,0.0,1.0,0.0,0.0,0.0,1.0,0.0,0.0,0.0,High,0.95
-0.2129589607203102,-1.200632730217021,-1.368663923647023,-0.6816197398732461,-1.4194140717046497,-1.1388806178652624,-1.0065482401078727,1.2419230577438896,1.0762311003195197,0.01833600095891534,3.7299887347341034,-0.8041585977662399,-0.7644735583547082,1.0,0.0,0.0,1.0,0.0,0.0,0.0,0.0,1.0,0.0,0.0,0.0,High,0.5
-0.2129589607203102,0.6342619160647225,-0.04889163800606897,-0.4791595145441595,1.4001124632011663,0.7391962141645926,-1.0065482401078727,1.2419230577438896,-0.9291684654932499,-0.5614052058303172,2.2502259465560672,0.6120291294416963,0.11846658632577067,1.0,0.0,0.0,1.0,0.0,0.0,0.0,0.0,0.0,0.0,1.0,0.0,High,1.76
-1.671581979352564,-1.200632730217021,-0.09759172234706358,0.6206919798111483,0.08923038685216964,0.8503981318505711,0.5604702966454319,1.2419230577438896,-0.9291684654932499,0.01833600095891534,2.2502259465560672,-0.09606473416227178,-0.3066527425944599,0.0,1.0,0.0,1.0,0.0,0.0,0.0,0.0,1.0,0.0,0.0,0.0,High,1.7
-0.2129589607203102,-0.2831854070761493,0.019288480071323413,0.5714448979743436,-0.47015463710710037,-0.990611394283958,2.9109981017753888,-0.80520286161417,1.0762311003195197,-0.27827577925883157,-0.7092996298000055,-0.8041585977662399,-0.9279809925547969,0.0,1.0,0.0,0.0,0.0,1.0,0.0,0.0,1.0,0.0,0.0,0.0,Medium,1.76
1.2456640579119436,1.5517092392055944,-0.6722527175708002,-0.2219803093964008,-0.20458800957088147,-0.6693614098577986,-1.0065482401078727,1.2419230577438896,1.0762311003195197,0.28798307388413974,0.2772088956520187,-0.45011166596425584,0.9687052441662318,0.0,1.0,0.0,1.0,0.0,0.0,0.0,0.0,0.0,1.0,0.0,0.0,High,1.95
-1.671581979352564,-1.200632730217021,0.3163589945513906,0.0680302836425608,0.8915806232381935,-0.7064287157531247,2.9109981017753888,1.2419230577438896,1.0762311003195197,0.01833600095891534,1.263717421104043,1.6741699248476485,-0.24124976891442437,1.0,0.0,0.0,0.0,0.0,0.0,0.0,1.0,1.0,0.0,0.0,0.0,High,1.82
-0.9422704700364372,-1.200632730217021,-1.2566537296627354,-1.0865401905314191,-1.3064069961573224,-0.4222460372222913,-0.2230389717312203,1.2419230577438896,-0.9291684654932499,0.01833600095891534,-0.7092996298000055,-0.8041585977662399,-0.6990705846746729,0.0,1.0,0.0,0.0,0.0,1.0,0.0,0.0,0.0,0.0,1.0,0.0,High,1.05
1.9749755672280704,1.5517092392055944,0.004678454769025167,-1.4969325391714592,-1.4589665481462142,-1.4724863709231972,-1.0065482401078727,-0.80520286161417,-0.9291684654932499,-1.2894523027284233,0.2772088956520187,-0.45011166596425584,0.41277996788593047,0.0,1.0,0.0,0.0,1.0,0.0,0.0,0.0,0.0,0.0,1.0,0.0,High,0.76
0.5163525485958167,0.6342619160647225,0.05824854754411896,-0.019520084067314526,0.46215373615834976,-0.28633258227276237,-1.0065482401078727,1.2419230577438896,-0.9291684654932499,-0.022111059979868366,-0.7092996298000055,2.0282168566496326,-0.4047572031145131,1.0,0.0,0.0,1.0,0.0,0.0,0.0,0.0,0.0,0.0,1.0,0.0,Medium,1.91
-0.9422704700364372,-1.200632730217021,-0.03428161270377073,-0.45727192261669075,-0.5831617126544276,-0.5705152608035956,-1.0065482401078727,-0.80520286161417,-0.9291684654932499,0.01833600095891534,0.7704631583780309,-0.8041585977662399,-0.5682646373146018,0.0,1.0,0.0,0.0,0.0,1.0,0.0,0.0,0.0,0.0,1.0,0.0,High,1.46
0.5163525485958167,1.5517092392055944,1.4705509934329626,1.1295784921247984,1.6035251991863553,1.8512153910243752,-0.2230389717312203,-0.80520286161417,1.0762311003195197,2.539536132809764,-1.2025538925260177,-0.09606473416227178,1.655436467806605,0.0,1.0,0.0,0.0,0.0,0.0,1.0,0.0,0.0,1.0,0.0,0.0,Low,3.17
1.2456640579119436,1.5517092392055944,-0.019671587401472138,0.28143430493538163,-0.10288164157828668,-1.3365729159736681,0.5604702966454319,-0.80520286161417,-0.9291684654932499,-1.019805229803199,-0.2160453670739934,-0.8041585977662399,-1.549309242515134,0.0,1.0,0.0,1.0,0.0,0.0,0.0,0.0,1.0,0.0,0.0,0.0,High,1.56
0.5163525485958167,-0.2831854070761493,0.150778707792009,-0.33141826903374483,-0.5662106513223287,-0.8670537079662043,-1.0065482401078727,-0.80520286161417,1.0762311003195197,-0.035593413626129604,0.2772088956520187,-0.09606473416227178,-1.3203988346350097,0.0,1.0,0.0,0.0,0.0,1.0,0.0,0.0,0.0,0.0,1.0,0.0,Medium,2.01
0.5163525485958167,0.6342619160647225,-1.3735339320811226,-1.1795624562231615,-1.8375402512297607,-1.1883036923923638,-0.2230389717312203,1.2419230577438896,1.0762311003195197,-1.626511143884954,0.7704631583780309,-1.512252461370208,-1.3531003214750275,1.0,0.0,0.0,0.0,0.0,0.0,1.0,0.0,0.0,0.0,1.0,0.0,High,0.92
-0.2129589607203102,-1.200632730217021,-1.2712637549650339,-1.0810682925495518,-1.453316194368848,-0.2492652763774362,-0.2230389717312203,-0.80520286161417,1.0762311003195197,0.01833600095891534,-0.2160453670739934,-0.45011166596425584,-0.9933839662348324,0.0,1.0,0.0,0.0,0.0,0.0,1.0,0.0,0.0,0.0,1.0,0.0,High,1.07
-1.671581979352564,-1.200632730217021,0.150778707792009,0.5769167959562105,0.8972309770155596,0.6279942964786145,2.1274888333987367,-0.80520286161417,1.0762311003195197,0.01833600095891534,-0.2160453670739934,-0.45011166596425584,0.6743918626060726,0.0,1.0,0.0,0.0,1.0,0.0,0.0,0.0,0.0,1.0,0.0,0.0,Medium,2.23
-0.2129589607203102,0.6342619160647225,0.628039534333756,0.3580408766815224,0.5751608117056767,0.07198470804872319,0.5604702966454319,-0.80520286161417,1.0762311003195197,0.39584190305422967,-0.7092996298000055,-0.45011166596425584,-0.20854828207440673,0.0,0.0,1.0,0.0,0.0,0.0,0.0,1.0,1.0,0.0,0.0,0.0,Medium,2.12
-0.9422704700364372,-1.200632730217021,-1.6170343537860956,-1.3273037017335758,-1.6002253925803733,-2.213832488829719,-1.0065482401078727,1.2419230577438896,-0.9291684654932499,0.01833600095891534,-0.2160453670739934,-1.512252461370208,-0.8298765320347437,1.0,0.0,0.0,0.0,0.0,1.0,0.0,0.0,1.0,0.0,0.0,0.0,High,0.61
-0.2129589607203102,0.6342619160647225,-0.8134829621596845,-1.2835285178786382,-1.764085652123998,-0.7805633275437769,-1.0065482401078727,1.2419230577438896,-0.9291684654932499,-2.111875875150358,-0.2160453670739934,-0.45011166596425584,-2.0398315451154003,1.0,0.0,0.0,0.0,1.0,0.0,0.0,0.0,0.0,0.0,1.0,0.0,High,0.83
1.2456640579119436,1.5517092392055944,-1.768004615243179,-1.1905062521868959,-1.5719736236935415,-1.8308036612446827,-1.0065482401078727,1.2419230577438896,-0.9291684654932499,-1.7748170339938272,0.7704631583780309,-1.512252461370208,-1.3203988346350097,1.0,0.0,0.0,0.0,0.0,0.0,0.0,1.0,1.0,0.0,0.0,0.0,High,0.78
-0.2129589607203102,-1.200632730217021,-1.1836036031512434,-0.7527544136375196,-0.3175950851182088,-1.398351759132545,0.5604702966454319,-0.80520286161417,1.0762311003195197,0.01833600095891534,2.2502259465560672,-0.45011166596425584,-0.47016017679454863,1.0,0.0,0.0,0.0,0.0,1.0,0.0,0.0,1.0,0.0,0.0,0.0,High,0.97
0.5163525485958167,0.6342619160647225,-0.40440225369532984,-0.23839600334200264,-0.8826304628548453,-1.3612844532372188,-1.0065482401078727,1.2419230577438896,1.0762311003195197,-1.0602522907419827,-0.7092996298000055,-0.09606473416227178,-0.20854828207440673,0.0,1.0,0.0,0.0,0.0,0.0,0.0,1.0,1.0,0.0,0.0,0.0,High,1.33
-0.9422704700364372,-1.200632730217021,-1.4222340164221172,-1.1576748642956927,-1.4250644254820162,-1.8555151985082334,-0.2230389717312203,1.2419230577438896,-0.9291684654932499,0.01833600095891534,1.756971683830055,-1.1582055295682239,-1.0914884267548857,1.0,0.0,0.0,0.0,0.0,1.0,0.0,0.0,0.0,0.0,1.0,0.0,High,0.88
1.9749755672280704,1.5517092392055944,-1.0277633332600606,-0.9442708430028717,-1.5437218548067095,-1.4971979081867477,-1.0065482401078727,-0.80520286161417,-0.9291684654932499,-0.9119464006331091,0.7704631583780309,-0.09606473416227178,-1.3203988346350097,1.0,0.0,0.0,0.0,0.0,0.0,1.0,0.0,1.0,0.0,0.0,0.0,High,1.02
-1.671581979352564,-1.200632730217021,-0.29726206814514156,-0.7801139035468556,-0.8430779864132805,-0.8052748648073276,-1.0065482401078727,-0.80520286161417,-0.9291684654932499,0.01833600095891534,-0.2160453670739934,-1.1582055295682239,-0.6990705846746729,0.0,1.0,0.0,0.0,0.0,1.0,0.0,0.0,0.0,1.0,0.0,0.0,High,1.29
1.2456640579119436,0.6342619160647225,-0.10246173078116311,0.21577152915297543,-0.023776688695157654,-0.7805633275437769,0.5604702966454319,-0.80520286161417,-0.9291684654932499,-0.44006402301396635,-0.2160453670739934,0.9660760612436803,0.6743918626060726,0.0,1.0,0.0,1.0,0.0,0.0,0.0,0.0,0.0,0.0,1.0,0.0,High,1.77
-0.9422704700364372,-0.2831854070761493,-0.009931570533273424,0.04614269171509207,0.8689792081287278,-0.0021499037419291703,-1.0065482401078727,-0.80520286161417,1.0762311003195197,0.18012424471404986,1.263717421104043,0.25798219763971225,-0.4374586899545307,0.0,1.0,0.0,1.0,0.0,0.0,0.0,0.0,1.0,0.0,0.0,0.0,High,2.07
0.5163525485958167,-0.2831854070761493,1.8504116512927204,1.6603525963659165,1.7334833360657813,1.529965406598216,0.5604702966454319,-0.80520286161417,-0.9291684654932499,2.2024772916532336,-1.2025538925260177,0.25798219763971225,2.1132572835668526,1.0,0.0,0.0,0.0,0.0,0.0,0.0,1.0,1.0,0.0,0.0,0.0,Low,3.32
0.5163525485958167,0.6342619160647225,-2.488765863489899,-1.890909193865898,-1.7866870672334634,-0.6817171784895739,-1.0065482401078727,-0.80520286161417,1.0762311003195197,-2.300628826198015,3.2367344720080915,-1.512252461370208,-0.797175045194726,1.0,0.0,0.0,0.0,0.0,0.0,0.0,1.0,1.0,0.0,0.0,0.0,High,0.39
-0.2129589607203102,0.6342619160647225,-1.3297038561742272,-1.518820131098928,-1.0408403686211032,-2.213832488829719,0.5604702966454319,-0.80520286161417,1.0762311003195197,-1.626511143884954,0.2772088956520187,-1.1582055295682239,-2.0398315451154003,1.0,0.0,0.0,1.0,0.0,0.0,0.0,0.0,1.0,0.0,0.0,0.0,High,0.79
0.5163525485958167,-0.2831854070761493,-0.09759172234706358,-0.16178943159586187,0.12878286329373434,-0.11335182142790726,0.5604702966454319,-0.80520286161417,-0.9291684654932499,-0.17041695008874166,-0.2160453670739934,-0.45011166596425584,-0.24124976891442437,0.0,1.0,0.0,1.0,0.0,0.0,0.0,0.0,1.0,0.0,0.0,0.0,Medium,1.76
-0.2129589607203102,0.6342619160647225,0.9689401247207183,0.5659729999924763,0.2869927690599924,0.64035006511039,2.1274888333987367,-0.80520286161417,-0.9291684654932499,1.0834419390135517,-0.7092996298000055,0.6120291294416963,-0.1431453083943712,0.0,1.0,0.0,0.0,0.0,0.0,1.0,0.0,1.0,0.0,0.0,0.0,Medium,2.32
1.2456640579119436,1.5517092392055944,-1.378403940515222,-1.8197745201016242,-0.5153574673260315,-2.07791903388019,-1.0065482401078727,1.2419230577438896,1.0762311003195197,-2.004017045980268,2.743480209282079,-1.512252461370208,-2.0398315451154003,0.0,1.0,0.0,0.0,0.0,0.0,0.0,1.0,0.0,0.0,1.0,0.0,High,0.41
0.5163525485958167,-0.2831854070761493,1.1540004452164978,1.4852518609461667,1.117594774332848,1.1840038849085057,2.9109981017753888,-0.80520286161417,1.0762311003195197,1.5553243166326947,-1.2025538925260177,0.9660760612436803,1.5246305204465338,1.0,0.0,0.0,0.0,0.0,0.0,1.0,0.0,0.0,0.0,1.0,0.0,Low,2.95
0.5163525485958167,-0.2831854070761493,0.944590082550221,0.8286241031221023,0.5808111654830435,0.8503981318505711,-1.0065482401078727,-0.80520286161417,-0.9291684654932499,0.908171341612156,-0.2160453670739934,1.6741699248476485,0.7397948362861079,1.0,0.0,0.0,0.0,0.0,0.0,0.0,1.0,1.0,0.0,0.0,0.0,Medium,2.47
-0.2129589607203102,-1.200632730217021,-1.6511244128247915,-0.8457766793292623,-1.2329523970515597,-1.4601306022914218,-1.0065482401078727,1.2419230577438896,-0.9291684654932499,0.01833600095891534,-0.7092996298000055,-0.09606473416227178,-1.1241899135949034,1.0,0.0,0.0,0.0,0.0,1.0,0.0,0.0,1.0,0.0,0.0,0.0,High,0.97
0.5163525485958167,0.6342619160647225,1.261140630766686,0.8942868789045081,1.2193011423254425,1.7523692419701726,2.1274888333987367,-0.80520286161417,1.0762311003195197,1.6631831458027846,-1.2025538925260177,0.9660760612436803,-0.01233936103430012,1.0,0.0,0.0,0.0,0.0,0.0,1.0,0.0,0.0,0.0,1.0,0.0,Medium,2.81
-0.2129589607203102,-0.2831854070761493,0.37479909576058396,0.7191861434847583,1.117594774332848,-0.644649872594248,0.5604702966454319,-0.80520286161417,1.0762311003195197,0.4093242567004906,-0.2160453670739934,-0.8041585977662399,0.5435859152460015,1.0,0.0,0.0,1.0,0.0,0.0,0.0,0.0,1.0,0.0,0.0,0.0,Medium,2.21
-0.9422704700364372,-0.2831854070761493,0.9981601753253148,0.05161458969695935,0.4678040899357162,0.31910008068423046,0.5604702966454319,-0.80520286161417,1.0762311003195197,1.0834419390135517,-0.7092996298000055,2.3822637884516165,-0.17584679523438881,0.0,0.0,1.0,0.0,0.0,1.0,0.0,0.0,1.0,0.0,0.0,0.0,Medium,2.41
-0.2129589607203102,-1.200632730217021,0.3601890704582857,0.7957927152308986,0.7955246090229652,1.1716481162767303,0.5604702966454319,-0.80520286161417,1.0762311003195197,0.01833600095891534,-0.2160453670739934,0.25798219763971225,0.478182941565966,0.0,1.0,0.0,0.0,0.0,1.0,0.0,0.0,0.0,1.0,0.0,0.0,Medium,2.49
1.2456640579119436,1.5517092392055944,-0.5018024223773191,-1.7048646624824129,-1.0408403686211032,-0.6817171784895739,-1.0065482401078727,-0.80520286161417,1.0762311003195197,-1.518652314714864,0.2772088956520187,-0.45011166596425584,-0.01233936103430012,0.0,1.0,0.0,0.0,0.0,0.0,0.0,1.0,0.0,0.0,1.0,0.0,High,1.05
0.5163525485958167,-0.2831854070761493,-0.5456324982842141,-1.7048646624824129,-0.8487283401906469,-1.0400344688110594,-1.0065482401078727,-0.80520286161417,-0.9291684654932499,-1.7882993876400888,0.7704631583780309,0.25798219763971225,-0.4374586899545307,0.0,1.0,0.0,0.0,1.0,0.0,0.0,0.0,1.0,0.0,0.0,0.0,High,0.75
0.5163525485958167,0.6342619160647225,2.13287214047049,1.8682847196768708,1.5583223689674244,2.2713115245047373,0.5604702966454319,-0.80520286161417,1.0762311003195197,2.1081008161294053,-1.2025538925260177,2.0282168566496326,1.2630186257263916,0.0,1.0,0.0,0.0,0.0,1.0,0.0,0.0,1.0,0.0,0.0,0.0,Low,3.38
-0.2129589607203102,-1.200632730217021,1.6020412211536483,0.7246580414666252,0.7503217788040345,-0.039217209637254904,0.5604702966454319,-0.80520286161417,-0.9291684654932499,0.01833600095891534,-0.7092996298000055,1.6741699248476485,0.9687052441662318,0.0,1.0,0.0,0.0,1.0,0.0,0.0,0.0,1.0,0.0,0.0,0.0,Medium,2.3
0.5163525485958167,1.5517092392055944,-1.0472433669964585,-0.7527544136375196,-0.12548305668775206,-0.07628451553258109,0.5604702966454319,1.2419230577438896,1.0762311003195197,0.004853647312654105,1.756971683830055,-0.8041585977662399,-0.24124976891442437,0.0,1.0,0.0,0.0,1.0,0.0,0.0,0.0,0.0,0.0,1.0,0.0,High,1.3
-0.2129589607203102,-1.200632730217021,-0.808612953725585,-0.45727192261669075,-0.11418234913301957,0.2449654688935781,-1.0065482401078727,-0.80520286161417,1.0762311003195197,0.01833600095891534,0.7704631583780309,0.25798219763971225,-0.273951255754442,1.0,0.0,0.0,0.0,0.0,0.0,1.0,0.0,1.0,0.0,0.0,0.0,High,1.78
-1.671581979352564,-1.200632730217021,0.5062893234812695,0.8833430829407743,0.19093675484476405,0.232609700261803,0.5604702966454319,-0.80520286161417,1.0762311003195197,0.01833600095891534,-0.7092996298000055,1.3201229930456644,0.5762874020860191,0.0,1.0,0.0,0.0,0.0,0.0,0.0,1.0,0.0,0.0,1.0,0.0,Medium,2.13
0.5163525485958167,1.5517092392055944,0.048508530675920244,-0.3423620649974794,0.6034125805925085,1.295205802594484,-1.0065482401078727,-0.80520286161417,-0.9291684654932499,-0.10300518185743578,-0.2160453670739934,-0.09606473416227178,0.21657104684582412,1.0,0.0,0.0,0.0,0.0,0.0,0.0,1.0,0.0,1.0,0.0,0.0,Medium,2.09
1.2456640579119436,1.5517092392055944,-0.7940029284232867,-0.7418106176737851,-0.37974897666923846,-0.6199383353306971,-0.2230389717312203,1.2419230577438896,1.0762311003195197,-0.9119464006331091,0.2772088956520187,-0.45011166596425584,-1.1895928872749388,1.0,0.0,0.0,0.0,0.0,0.0,1.0,0.0,0.0,1.0,0.0,0.0,High,1.24
-0.9422704700364372,-1.200632730217021,-1.738784564638582,-1.245225232005568,-1.1029942601721334,-2.1644094143026176,0.5604702966454319,1.2419230577438896,1.0762311003195197,0.01833600095891534,0.2772088956520187,-0.8041585977662399,-0.6663690978346549,1.0,0.0,0.0,1.0,0.0,0.0,0.0,0.0,0.0,0.0,1.0,0.0,High,0.68
0.5163525485958167,-0.2831854070761493,2.2400123260206772,2.0543292510603552,1.445315293420097,1.8512153910243752,0.5604702966454319,1.2419230577438896,1.0762311003195197,1.8249713895579194,-1.2025538925260177,1.3201229930456644,2.0478543098868176,1.0,0.0,0.0,0.0,1.0,0.0,0.0,0.0,0.0,1.0,0.0,0.0,Low,3.16
0.5163525485958167,0.6342619160647225,2.3568925284390647,2.06527304702409,1.8182386427262769,1.3075615712262594,0.5604702966454319,-0.80520286161417,1.0762311003195197,2.0946184624831434,-1.2025538925260177,1.6741699248476485,1.7535409283266576,0.0,1.0,0.0,0.0,0.0,0.0,0.0,1.0,0.0,1.0,0.0,0.0,Low,3.34
0.5163525485958167,1.5517092392055944,0.06798856441231803,-1.1467310683319583,-0.1424341180198514,0.1337635512076,0.5604702966454319,-0.80520286161417,-0.9291684654932499,-0.31872284019761526,0.2772088956520187,-0.45011166596425584,-0.6009661241546194,1.0,0.0,0.0,0.0,0.0,1.0,0.0,0.0,0.0,0.0,1.0,0.0,High,1.63
-0.9422704700364372,-0.2831854070761493,-0.7647828778186899,-0.7855858015287229,-1.877092727671325,-0.9041210138615305,-0.2230389717312203,1.2419230577438896,-0.9291684654932499,-1.5456170220073866,0.2772088956520187,-0.45011166596425584,-0.8952795057147792,0.0,1.0,0.0,0.0,0.0,1.0,0.0,0.0,0.0,0.0,1.0,0.0,High,0.98
-0.2129589607203102,-0.2831854070761493,-0.6819927344389989,-1.0099336187852783,-0.5944624202091605,-1.0647460060746101,-1.0065482401078727,-0.80520286161417,1.0762311003195197,-1.1141817053270275,0.2772088956520187,-1.1582055295682239,-0.8952795057147792,1.0,0.0,0.0,0.0,0.0,0.0,0.0,1.0,1.0,0.0,0.0,0.0,High,1.12
0.5163525485958167,0.6342619160647225,-1.7095645140339852,-1.2890004158605055,-1.0408403686211032,-0.6075825666989217,-0.2230389717312203,1.2419230577438896,1.0762311003195197,-1.4242758391910357,2.743480209282079,-1.1582055295682239,-1.2549958609549743,0.0,1.0,0.0,0.0,0.0,0.0,0.0,1.0,1.0,0.0,0.0,0.0,High,0.87
0.5163525485958167,0.6342619160647225,0.07772858128051709,-0.33141826903374483,-1.052141076175836,0.4673693042655347,-1.0065482401078727,-0.80520286161417,1.0762311003195197,0.38235954940796874,1.263717421104043,-0.8041585977662399,-0.7644735583547082,0.0,1.0,0.0,0.0,1.0,0.0,0.0,0.0,0.0,0.0,1.0,0.0,High,1.74
-0.2129589607203102,0.6342619160647225,1.3585407994486751,0.6535233677023516,0.5582097503735778,0.05962893941694764,0.5604702966454319,-0.80520286161417,1.0762311003195197,1.016030170782246,-0.2160453670739934,0.25798219763971225,1.3284215994064275,1.0,0.0,0.0,1.0,0.0,0.0,0.0,0.0,0.0,0.0,1.0,0.0,Medium,2.62
-0.2129589607203102,-0.2831854070761493,1.655611313928742,2.639822335120146,1.970798194715169,1.5917442497570928,-1.0065482401078727,-0.80520286161417,-0.9291684654932499,1.9463125723742702,-1.2025538925260177,2.0282168566496326,2.767287020367207,1.0,0.0,0.0,0.0,1.0,0.0,0.0,0.0,0.0,1.0,0.0,0.0,Low,3.16
-0.9422704700364372,-1.200632730217021,-0.409272262129429,-0.20009271746893206,0.010125433969040615,-0.0021499037419291703,-0.2230389717312203,-0.80520286161417,-0.9291684654932499,0.01833600095891534,0.7704631583780309,-0.45011166596425584,-0.6663690978346549,0.0,1.0,0.0,0.0,1.0,0.0,0.0,0.0,0.0,0.0,1.0,0.0,High,1.56
1.9749755672280704,1.5517092392055944,0.7887498126590381,0.15558065135243612,0.6599161183661721,0.12140778257582446,0.5604702966454319,1.2419230577438896,1.0762311003195197,0.24753601294535635,-1.2025538925260177,-0.8041585977662399,0.8051978099661431,1.0,0.0,0.0,0.0,1.0,0.0,0.0,0.0,1.0,0.0,0.0,0.0,Medium,2.09
1.2456640579119436,1.5517092392055944,-0.16577184042445597,-0.7199230257463163,-0.7696233873075179,0.022561633521621906,-1.0065482401078727,-0.80520286161417,-0.9291684654932499,-0.6153346204153621,0.7704631583780309,0.9660760612436803,0.41277996788593047,0.0,1.0,0.0,0.0,0.0,1.0,0.0,0.0,0.0,0.0,1.0,0.0,High,1.68
1.2456640579119436,0.6342619160647225,0.00954846320312435,-0.2493397993057368,-0.1819865944614157,0.3067443120524549,2.1274888333987367,-0.80520286161417,1.0762311003195197,0.04530070825143781,-0.7092996298000055,0.6120291294416963,-0.3393542294344775,1.0,0.0,0.0,0.0,0.0,0.0,1.0,0.0,0.0,0.0,1.0,0.0,Medium,1.98
-1.671581979352564,-1.200632730217021,0.5939494752950597,1.2171288598346734,-0.19328730201614858,0.09669624531227382,-1.0065482401078727,-0.80520286161417,1.0762311003195197,0.01833600095891534,-1.2025538925260177,0.9660760612436803,-0.8298765320347437,0.0,1.0,0.0,0.0,1.0,0.0,0.0,0.0,0.0,1.0,0.0,0.0,Medium,2.09
-0.2129589607203102,-1.200632730217021,-1.2810037718332326,-0.9661584349303405,-0.5605602975449623,-2.1767651829343926,-1.0065482401078727,1.2419230577438896,1.0762311003195197,0.01833600095891534,0.7704631583780309,-1.512252461370208,0.08576509948575305,0.0,1.0,0.0,0.0,0.0,0.0,1.0,0.0,1.0,0.0,0.0,0.0,High,1.06
-0.2129589607203102,0.6342619160647225,-0.5358924814160151,-0.9716303329122077,-0.24979083978981223,0.022561633521621906,-1.0065482401078727,-0.80520286161417,-0.9291684654932499,-0.9793581688644152,-0.2160453670739934,-0.09606473416227178,-0.5028616636345662,0.0,1.0,0.0,0.0,0.0,1.0,0.0,0.0,1.0,0.0,0.0,0.0,High,1.4
-1.671581979352564,-1.200632730217021,-0.18038186572675455,-1.0099336187852783,-0.0802802264688213,-1.5960440572409509,-0.2230389717312203,1.2419230577438896,1.0762311003195197,0.01833600095891534,2.743480209282079,0.25798219763971225,-0.8625780188747614,0.0,1.0,0.0,0.0,0.0,0.0,0.0,1.0,0.0,0.0,1.0,0.0,High,1.24
1.9749755672280704,1.5517092392055944,0.2286988427376001,0.5167259181556716,0.1457339246258333,-0.01450567237370427,2.1274888333987367,1.2419230577438896,-0.9291684654932499,0.8272772197345886,-0.2160453670739934,-0.09606473416227178,0.478182941565966,0.0,1.0,0.0,0.0,0.0,0.0,1.0,0.0,1.0,0.0,0.0,0.0,Medium,2.32
-0.2129589607203102,-0.2831854070761493,-0.8767930718029774,-0.9442708430028717,-0.8995815241869441,-2.152053645670842,-0.2230389717312203,-0.80520286161417,-0.9291684654932499,-1.7613346803475662,0.7704631583780309,-1.1582055295682239,-1.3531003214750275,0.0,1.0,0.0,0.0,0.0,0.0,0.0,1.0,0.0,0.0,1.0,0.0,High,0.83
0.5163525485958167,0.6342619160647225,-1.7923546574136762,-2.2629982566328675,-2.4421281054079613,-2.213832488829719,-1.0065482401078727,1.2419230577438896,-0.9291684654932499,-2.3141111798442764,3.2367344720080915,-1.1582055295682239,0.38007848104591285,0.0,1.0,0.0,0.0,0.0,1.0,0.0,0.0,1.0,0.0,0.0,0.0,High,0.2
1.2456640579119436,1.5517092392055944,0.03389850537362166,-0.4518000246348235,-1.249903458383659,-0.6570056412260232,-1.0065482401078727,1.2419230577438896,-0.9291684654932499,-1.7882993876400888,1.756971683830055,-0.45011166596425584,-1.0914884267548857,0.0,1.0,0.0,0.0,0.0,0.0,1.0,0.0,0.0,0.0,1.0,0.0,High,0.82
0.5163525485958167,-0.2831854070761493,-1.0764634176010552,-1.2342814360418335,-1.1142949677268659,-1.2871498414465667,-1.0065482401078727,-0.80520286161417,1.0762311003195197,-1.626511143884954,0.7704631583780309,-1.512252461370208,-0.797175045194726,1.0,0.0,0.0,0.0,0.0,0.0,0.0,1.0,0.0,0.0,1.0,0.0,High,1.03
-0.9422704700364372,-0.2831854070761493,-1.2128236537558403,-1.5297639270626624,-0.8430779864132805,0.022561633521621906,-1.0065482401078727,-0.80520286161417,1.0762311003195197,-1.1411464126195499,1.756971683830055,-1.1582055295682239,-0.1431453083943712,0.0,1.0,0.0,0.0,1.0,0.0,0.0,0.0,1.0,0.0,0.0,0.0,High,0.92
-0.2129589607203102,0.6342619160647225,0.43810920540387716,0.01331130382388877,0.9254827459023914,-0.48402488038116814,-0.2230389717312203,-0.80520286161417,-0.9291684654932499,0.07226541554395999,-1.2025538925260177,0.6120291294416963,1.00140673100625,1.0,0.0,0.0,0.0,0.0,1.0,0.0,0.0,1.0,0.0,0.0,0.0,Medium,1.87
-0.2129589607203102,0.6342619160647225,0.2286988427376001,1.0037248385418522,0.1965871086221305,-0.026861441005479807,-0.2230389717312203,1.2419230577438896,1.0762311003195197,0.08574776919022152,0.2772088956520187,0.25798219763971225,1.00140673100625,1.0,0.0,0.0,0.0,1.0,0.0,0.0,0.0,0.0,0.0,1.0,0.0,Medium,1.99
0.5163525485958167,-0.2831854070761493,-0.6673827091367006,-0.51746280041723,-0.3967000380013378,0.18318662573470126,-1.0065482401078727,-0.80520286161417,-0.9291684654932499,0.3688771957617072,0.2772088956520187,-0.8041585977662399,-0.273951255754442,0.0,1.0,0.0,0.0,1.0,0.0,0.0,0.0,0.0,0.0,1.0,0.0,High,1.77
-0.2129589607203102,0.6342619160647225,0.628039534333756,0.4127598565001944,0.23048923128632876,0.6279942964786145,-0.2230389717312203,1.2419230577438896,1.0762311003195197,0.530665439516842,-1.2025538925260177,-0.45011166596425584,0.5108844284059836,1.0,0.0,0.0,0.0,1.0,0.0,0.0,0.0,1.0,0.0,0.0,0.0,Medium,2.16
1.2456640579119436,1.5517092392055944,0.6426495596360543,1.0748595123061264,0.35479701438838895,1.0728019672225277,-0.2230389717312203,-0.80520286161417,1.0762311003195197,1.272194890061209,-0.7092996298000055,0.25798219763971225,-0.797175045194726,0.0,1.0,0.0,0.0,1.0,0.0,0.0,0.0,1.0,0.0,0.0,0.0,Medium,2.67
-0.2129589607203102,-0.2831854070761493,-1.1154234850738511,-0.42444053472548743,0.5017062125999141,-0.039217209637254904,-1.0065482401078727,-0.80520286161417,1.0762311003195197,0.12619483012900493,-0.2160453670739934,-0.09606473416227178,-0.47016017679454863,0.0,1.0,0.0,0.0,1.0,0.0,0.0,0.0,0.0,0.0,1.0,0.0,High,1.91
-1.671581979352564,-1.200632730217021,-0.00019155366507436305,-0.29858688114254195,0.33219559927892317,-0.1380633586914579,0.5604702966454319,-0.80520286161417,-0.9291684654932499,0.01833600095891534,1.263717421104043,-0.09606473416227178,0.020362125805717505,1.0,0.0,0.0,0.0,0.0,0.0,1.0,0.0,0.0,0.0,1.0,0.0,High,1.5
-0.2129589607203102,-0.2831854070761493,-0.9011431139734747,0.2595467130079129,0.3773984294978543,-1.0400344688110594,0.5604702966454319,1.2419230577438896,-0.9291684654932499,0.16664189106778893,-0.2160453670739934,-0.8041585977662399,0.38007848104591285,1.0,0.0,0.0,0.0,0.0,1.0,0.0,0.0,0.0,0.0,1.0,0.0,High,1.78
-0.9422704700364372,-0.2831854070761493,1.655611313928742,2.1309358228064963,1.5470216614126915,1.295205802594484,0.5604702966454319,-0.80520286161417,-0.9291684654932499,1.6766654994490462,-1.2025538925260177,0.6120291294416963,2.669182559847155,1.0,0.0,0.0,0.0,1.0,0.0,0.0,0.0,0.0,1.0,0.0,0.0,Low,3.06
-1.671581979352564,-1.200632730217021,-0.6722527175708002,-0.6433164540001756,-0.758322679752785,-0.8176306334391028,-1.0065482401078727,1.2419230577438896,1.0762311003195197,0.01833600095891534,-1.2025538925260177,-0.8041585977662399,-0.17584679523438881,0.0,1.0,0.0,1.0,0.0,0.0,0.0,0.0,0.0,0.0,1.0,0.0,High,1.32
-1.671581979352564,-1.200632730217021,-1.3248338477401278,-1.5954267028450688,-1.0012878921795385,-1.7196017435587043,-1.0065482401078727,-0.80520286161417,1.0762311003195197,0.01833600095891534,1.263717421104043,-1.1582055295682239,-0.47016017679454863,1.0,0.0,0.0,0.0,0.0,1.0,0.0,0.0,0.0,0.0,1.0,0.0,High,0.97
1.2456640579119436,0.6342619160647225,-1.5780742863132997,-1.5899548048632017,-1.6002253925803733,-1.9049382730353348,-1.0065482401078727,-0.80520286161417,-0.9291684654932499,-1.5456170220073866,1.263717421104043,-0.45011166596425584,-1.2222943741149566,0.0,1.0,0.0,0.0,0.0,1.0,0.0,0.0,0.0,0.0,1.0,0.0,High,0.59
-0.2129589607203102,-0.2831854070761493,-0.36544218622253394,-0.23839600334200264,-0.48145534466183326,-0.32339988816808835,-1.0065482401078727,-0.80520286161417,-0.9291684654932499,-0.4535463766602273,-1.2025538925260177,-0.45011166596425584,0.5435859152460015,0.0,1.0,0.0,0.0,0.0,1.0,0.0,0.0,0.0,0.0,1.0,0.0,Medium,1.8
1.9749755672280704,1.5517092392055944,-2.1381252562347375,-2.323189134433407,-2.0635544023244154,-0.5828710294353712,-1.0065482401078727,1.2419230577438896,1.0762311003195197,-2.3141111798442764,1.263717421104043,-1.512252461370208,-1.549309242515134,0.0,1.0,0.0,0.0,0.0,1.0,0.0,0.0,0.0,0.0,1.0,0.0,High,0.34
-0.9422704700364372,-1.200632730217021,0.5452493909540651,1.0201405324874544,0.2756920615052595,0.232609700261803,0.5604702966454319,-0.80520286161417,-0.9291684654932499,0.01833600095891534,0.2772088956520187,0.25798219763971225,1.1976156520463563,0.0,0.0,1.0,0.0,0.0,0.0,1.0,0.0,1.0,0.0,0.0,0.0,Medium,2.36
-1.671581979352564,-1.200632730217021,0.4088891547992803,1.0146686345055866,0.35479701438838895,0.33145584931600597,2.1274888333987367,1.2419230577438896,1.0762311003195197,0.01833600095891534,-0.2160453670739934,-0.8041585977662399,0.8378992968061614,0.0,1.0,0.0,0.0,0.0,1.0,0.0,0.0,1.0,0.0,0.0,0.0,Medium,2.15
0.5163525485958167,0.6342619160647225,-0.34109214405203664,-0.10159855379532257,-0.3967000380013378,-0.6817171784895739,-1.0065482401078727,-0.80520286161417,1.0762311003195197,-0.21086401102752536,-0.2160453670739934,-0.09606473416227178,0.24927253368584176,1.0,0.0,0.0,0.0,1.0,0.0,0.0,0.0,1.0,0.0,0.0,0.0,High,1.63
1.9749755672280704,1.5517092392055944,-0.8378330043301818,-0.8074733934561916,-0.7922248024169833,-0.32339988816808835,-1.0065482401078727,1.2419230577438896,-0.9291684654932499,-1.4377581928372967,2.743480209282079,-0.8041585977662399,-1.8109211372352758,1.0,0.0,0.0,0.0,0.0,0.0,0.0,1.0,1.0,0.0,0.0,0.0,High,1.05
-0.9422704700364372,-1.200632730217021,1.4072408837896697,1.7205434741664563,1.3266578640954039,1.6411673242841942,1.3439795650220843,-0.80520286161417,-0.9291684654932499,0.01833600095891534,-0.7092996298000055,0.6120291294416963,1.7862424151666754,1.0,0.0,0.0,0.0,0.0,0.0,0.0,1.0,1.0,0.0,0.0,0.0,Low,3.04
-1.671581979352564,-1.200632730217021,-1.008283299523663,-0.20009271746893206,-1.006938245956905,-0.5458037235400449,-0.2230389717312203,-0.80520286161417,-0.9291684654932499,0.01833600095891534,0.2772088956520187,-0.8041585977662399,-0.5682646373146018,1.0,0.0,0.0,0.0,0.0,1.0,0.0,0.0,0.0,0.0,1.0,0.0,High,1.31
-1.671581979352564,-1.200632730217021,1.2416605970302879,0.8669273889951721,-0.1311334104651185,0.9121769750094479,-0.2230389717312203,-0.80520286161417,-0.9291684654932499,0.01833600095891534,0.2772088956520187,1.6741699248476485,0.7070933494460903,1.0,0.0,0.0,0.0,1.0,0.0,0.0,0.0,0.0,1.0,0.0,0.0,Medium,2.24
0.5163525485958167,-0.2831854070761493,-0.1462918066880582,-0.7746420055649884,-0.07462987269145485,-0.33575565679986386,-0.2230389717312203,-0.80520286161417,1.0762311003195197,-0.15693459644248042,-0.2160453670739934,-1.512252461370208,0.11846658632577067,0.0,1.0,0.0,0.0,1.0,0.0,0.0,0.0,1.0,0.0,0.0,0.0,High,1.76
-0.2129589607203102,-0.2831854070761493,0.48680928974487175,0.4455912443913977,0.2982934766147253,0.022561633521621906,2.9109981017753888,-0.80520286161417,1.0762311003195197,0.1936065983603114,-0.7092996298000055,1.3201229930456644,0.8051978099661431,0.0,1.0,0.0,0.0,0.0,0.0,0.0,1.0,1.0,0.0,0.0,0.0,Medium,2.01
-0.2129589607203102,-1.200632730217021,0.8277098801318337,1.1459941860704,0.9198323921250254,1.7523692419701726,2.9109981017753888,-0.80520286161417,-0.9291684654932499,0.01833600095891534,-0.7092996298000055,3.444404583857568,1.655436467806605,1.0,0.0,0.0,1.0,0.0,0.0,0.0,0.0,1.0,0.0,0.0,0.0,Low,2.66
-0.9422704700364372,-1.200632730217021,0.47219926444257315,0.6261638777930156,1.2645039725443732,1.0851577358543028,-0.2230389717312203,-0.80520286161417,-0.9291684654932499,0.01833600095891534,-1.2025538925260177,2.0282168566496326,0.38007848104591285,0.0,1.0,0.0,0.0,0.0,1.0,0.0,0.0,0.0,0.0,1.0,0.0,Medium,2.39
-0.9422704700364372,-0.2831854070761493,0.41862917166747937,0.8122084091765001,-0.45885392955236787,-0.990611394283958,0.5604702966454319,1.2419230577438896,-0.9291684654932499,0.07226541554395999,-0.2160453670739934,0.9660760612436803,0.41277996788593047,0.0,1.0,0.0,0.0,0.0,1.0,0.0,0.0,0.0,0.0,1.0,0.0,Medium,2.07
1.9749755672280704,1.5517092392055944,-0.34596215248613615,0.5276697141194058,0.8746295619060946,0.10905201394404936,-0.2230389717312203,-0.80520286161417,-0.9291684654932499,-0.10300518185743578,-0.7092996298000055,-0.09606473416227178,-0.6009661241546194,0.0,1.0,0.0,0.0,1.0,0.0,0.0,0.0,0.0,0.0,1.0,0.0,Medium,2.03
1.2456640579119436,0.6342619160647225,-0.8670530549347787,-0.9661584349303405,-0.679217726869656,-0.9411883197568565,-1.0065482401078727,1.2419230577438896,1.0762311003195197,-0.5748875594765784,-1.2025538925260177,-0.45011166596425584,-0.17584679523438881,0.0,1.0,0.0,0.0,0.0,0.0,0.0,1.0,1.0,0.0,0.0,0.0,High,1.45
0.5163525485958167,-0.2831854070761493,-0.22421194163364963,-0.09612665581345528,0.1344332170711004,0.3932346924748828,-0.2230389717312203,-0.80520286161417,1.0762311003195197,-0.4535463766602273,-0.2160453670739934,-0.8041585977662399,0.1511680731657886,0.0,1.0,0.0,0.0,0.0,0.0,0.0,1.0,1.0,0.0,0.0,0.0,High,1.5
-0.2129589607203102,-1.200632730217021,-2.2160453911803293,-2.1043132151587183,-2.1031068787659795,-1.5836882886091754,-1.0065482401078727,-0.80520286161417,1.0762311003195197,0.01833600095891534,3.2367344720080915,-1.512252461370208,-1.9744285714353647,0.0,1.0,0.0,0.0,0.0,1.0,0.0,0.0,1.0,0.0,0.0,0.0,High,0.34
-1.671581979352564,-1.200632730217021,-2.0602051212891466,-1.4531573553165216,-0.8204765713038151,-2.213832488829719,-0.2230389717312203,-0.80520286161417,-0.9291684654932499,0.01833600095891534,1.263717421104043,-1.1582055295682239,-1.1241899135949034,1.0,0.0,0.0,0.0,0.0,0.0,1.0,0.0,1.0,0.0,0.0,0.0,High,0.65
-0.2129589607203102,-1.200632730217021,0.2822689355126942,0.3470970807177882,0.34349630683365606,0.5291481474244115,0.5604702966454319,-0.80520286161417,1.0762311003195197,0.01833600095891534,0.2772088956520187,0.6120291294416963,0.020362125805717505,0.0,1.0,0.0,0.0,0.0,1.0,0.0,0.0,0.0,1.0,0.0,0.0,High,1.89
-0.2129589607203102,0.6342619160647225,0.35531906202418617,0.3580408766815224,-0.19893765579351502,0.08434047668049872,-1.0065482401078727,-0.80520286161417,-0.9291684654932499,-0.10300518185743578,-0.2160453670739934,-0.8041585977662399,-0.24124976891442437,0.0,0.0,1.0,1.0,0.0,0.0,0.0,0.0,1.0,0.0,0.0,0.0,Medium,1.9
1.9749755672280704,1.5517092392055944,-0.7501728525163913,-1.1740905582412942,-1.0747424912853016,-0.644649872594248,-1.0065482401078727,1.2419230577438896,1.0762311003195197,-1.0602522907419827,1.756971683830055,-0.8041585977662399,-0.47016017679454863,0.0,0.0,1.0,0.0,0.0,0.0,0.0,1.0,1.0,0.0,0.0,0.0,High,0.93
0.5163525485958167,1.5517092392055944,-0.41414227056352854,-2.027706643412578,-1.1199453215042323,-0.7311402530166754,-0.2230389717312203,1.2419230577438896,1.0762311003195197,-1.0602522907419827,-0.2160453670739934,-1.1582055295682239,-0.6990705846746729,0.0,1.0,0.0,0.0,1.0,0.0,0.0,0.0,0.0,0.0,1.0,0.0,High,1.14
1.2456640579119436,1.5517092392055944,1.2806206645030842,0.33615328475405365,1.0893430054460163,1.6411673242841942,2.1274888333987367,-0.80520286161417,1.0762311003195197,1.366571365585038,-1.2025538925260177,0.6120291294416963,-0.4374586899545307,1.0,0.0,0.0,0.0,0.0,1.0,0.0,0.0,1.0,0.0,0.0,0.0,Low,2.9
1.9749755672280704,1.5517092392055944,1.9965119043157042,1.3484544113994865,1.7334833360657813,1.8759269282879263,1.3439795650220843,-0.80520286161417,-0.9291684654932499,2.4181949499934134,-0.7092996298000055,1.6741699248476485,1.7208394414866401,1.0,0.0,0.0,0.0,0.0,0.0,1.0,0.0,0.0,1.0,0.0,0.0,Low,3.11
0.5163525485958167,1.5517092392055944,-0.10246173078116311,-1.0920120885132862,-0.8430779864132805,-0.8299864020708784,1.3439795650220843,-0.80520286161417,-0.9291684654932499,-1.1681111199120722,1.263717421104043,-0.45011166596425584,-0.9279809925547969,1.0,0.0,0.0,0.0,1.0,0.0,0.0,0.0,1.0,0.0,0.0,0.0,High,1.15
-1.671581979352564,-1.200632730217021,-0.5358924814160151,-0.435384330689222,-0.8261269250811816,0.05962893941694764,-1.0065482401078727,-0.80520286161417,1.0762311003195197,0.01833600095891534,-0.2160453670739934,0.25798219763971225,-0.6990705846746729,0.0,1.0,0.0,1.0,0.0,0.0,0.0,0.0,1.0,0.0,0.0,0.0,High,1.45
-0.2129589607203102,-1.200632730217021,-0.08785170547886487,-0.5393503923446988,-0.4871056984391997,0.9616000495365492,-1.0065482401078727,-0.80520286161417,-0.9291684654932499,0.01833600095891534,-0.2160453670739934,-0.09606473416227178,-0.8298765320347437,0.0,1.0,0.0,0.0,1.0,0.0,0.0,0.0,1.0,0.0,0.0,0.0,High,1.48
-0.9422704700364372,-0.2831854070761493,0.5160293403494686,0.024255099787623333,0.24744029261842768,0.9121769750094479,-0.2230389717312203,-0.80520286161417,1.0762311003195197,0.47673602493179706,0.7704631583780309,0.9660760612436803,0.38007848104591285,0.0,1.0,0.0,0.0,0.0,0.0,0.0,1.0,0.0,0.0,1.0,0.0,Medium,2.26
-0.2129589607203102,-0.2831854070761493,0.9494600909843202,-0.035935778012915975,0.5017062125999141,0.3932346924748828,0.5604702966454319,-0.80520286161417,-0.9291684654932499,0.39584190305422967,0.2772088956520187,-0.45011166596425584,-0.07774233471433566,1.0,0.0,0.0,0.0,1.0,0.0,0.0,0.0,1.0,0.0,0.0,0.0,Medium,2.22
-0.2129589607203102,-1.200632730217021,0.004678454769025167,0.07350218162442808,0.7616224863587674,0.6774173710057158,-0.2230389717312203,-0.80520286161417,1.0762311003195197,0.01833600095891534,-0.7092996298000055,0.6120291294416963,1.2630186257263916,0.0,0.0,1.0,0.0,0.0,1.0,0.0,0.0,0.0,1.0,0.0,0.0,Medium,2.42
1.2456640579119436,1.5517092392055944,0.004678454769025167,-0.33141826903374483,0.2248388775089623,-0.01450567237370427,-0.2230389717312203,1.2419230577438896,-0.9291684654932499,0.20708895200657235,1.263717421104043,-0.09606473416227178,-1.2549958609549743,1.0,0.0,0.0,0.0,1.0,0.0,0.0,0.0,0.0,0.0,1.0,0.0,High,1.9
0.5163525485958167,0.6342619160647225,0.8958899982092264,0.40728795851832755,0.5921118730377763,0.6032827592150639,0.5604702966454319,-0.80520286161417,1.0762311003195197,0.9755831098434625,-1.2025538925260177,1.6741699248476485,-0.07774233471433566,1.0,0.0,0.0,0.0,0.0,1.0,0.0,0.0,0.0,0.0,1.0,0.0,Medium,2.34
-0.2129589607203102,-0.2831854070761493,-0.409272262129429,0.15558065135243612,0.049677910410604924,0.9368885122729986,-1.0065482401078727,-0.80520286161417,-0.9291684654932499,-0.2513110719663091,-0.2160453670739934,0.6120291294416963,-0.7644735583547082,0.0,0.0,1.0,0.0,1.0,0.0,0.0,0.0,0.0,0.0,1.0,0.0,High,1.91
-0.9422704700364372,-1.200632730217021,-1.0910734429033537,-1.6775051725730767,-1.3346587650441541,-1.6454671317680523,-1.0065482401078727,1.2419230577438896,-0.9291684654932499,0.01833600095891534,2.2502259465560672,-1.512252461370208,-0.9279809925547969,1.0,0.0,0.0,0.0,0.0,0.0,1.0,0.0,0.0,0.0,1.0,0.0,High,0.85
-0.9422704700364372,-1.200632730217021,0.8764099644728283,0.5495573060468745,-0.14808447179721784,1.2087154221720564,-0.2230389717312203,1.2419230577438896,-0.9291684654932499,0.01833600095891534,-0.7092996298000055,0.25798219763971225,1.3611230862464452,0.0,1.0,0.0,0.0,0.0,1.0,0.0,0.0,0.0,1.0,0.0,0.0,Medium,2.18
-0.9422704700364372,-1.200632730217021,0.2530488849080974,0.08991787557002953,0.1739856935126651,0.20789816299825234,2.1274888333987367,-0.80520286161417,-0.9291684654932499,0.01833600095891534,-0.7092996298000055,1.6741699248476485,0.5762874020860191,1.0,0.0,0.0,0.0,0.0,1.0,0.0,0.0,1.0,0.0,0.0,0.0,Medium,2.07
0.5163525485958167,1.5517092392055944,-0.044021629571969444,0.029726997769490223,-0.4532035757750014,-1.0276787001792842,0.5604702966454319,-0.80520286161417,1.0762311003195197,-0.2917581329050928,1.263717421104043,-0.09606473416227178,-0.9606824793948148,0.0,1.0,0.0,0.0,0.0,1.0,0.0,0.0,0.0,0.0,1.0,0.0,High,1.32
0.5163525485958167,0.6342619160647225,-1.6413843959565928,-1.1248434764044895,-1.504169378365145,-1.1388806178652624,-0.2230389717312203,1.2419230577438896,1.0762311003195197,-1.154628766265811,0.7704631583780309,-1.1582055295682239,-1.1895928872749388,0.0,1.0,0.0,0.0,0.0,1.0,0.0,0.0,0.0,0.0,1.0,0.0,High,1.12
1.2456640579119436,0.6342619160647225,0.7059596692793472,1.0146686345055866,0.3152445379468242,0.3067443120524549,-0.2230389717312203,-0.80520286161417,1.0762311003195197,1.0834419390135517,-0.2160453670739934,0.25798219763971225,-0.01233936103430012,1.0,0.0,0.0,0.0,0.0,0.0,0.0,1.0,0.0,0.0,1.0,0.0,Medium,2.54
-0.2129589607203102,-1.200632730217021,-0.8427030127642813,-1.113899680440755,-0.600112773986527,-0.3851787313269652,-1.0065482401078727,-0.80520286161417,1.0762311003195197,0.01833600095891534,0.7704631583780309,0.25798219763971225,-0.24124976891442437,1.0,0.0,0.0,0.0,0.0,0.0,0.0,1.0,1.0,0.0,0.0,0.0,High,0.94
-0.9422704700364372,-0.2831854070761493,2.3568925284390647,1.255432145707744,0.6881678872530039,1.2581384966991582,0.5604702966454319,-0.80520286161417,1.0762311003195197,1.5688066702789563,-0.2160453670739934,0.25798219763971225,0.8051978099661431,0.0,1.0,0.0,0.0,0.0,1.0,0.0,0.0,1.0,0.0,0.0,0.0,Low,2.93
0.5163525485958167,-0.2831854070761493,1.6069112295877475,1.2827916356170799,1.1006437130007491,0.9245327436412231,0.5604702966454319,-0.80520286161417,-0.9291684654932499,1.9597949260205318,-1.2025538925260177,0.6120291294416963,0.3473769942058949,1.0,0.0,0.0,1.0,0.0,0.0,0.0,0.0,1.0,0.0,0.0,0.0,Low,2.77
1.2456640579119436,0.6342619160647225,0.048508530675920244,-0.2165084114145339,0.9254827459023914,0.9492442809047741,1.3439795650220843,1.2419230577438896,1.0762311003195197,0.18012424471404986,1.263717421104043,0.25798219763971225,0.6089888889260368,0.0,1.0,0.0,1.0,0.0,0.0,0.0,0.0,1.0,0.0,0.0,0.0,High,1.98
-0.2129589607203102,0.6342619160647225,-1.5926843116155982,-1.0865401905314191,-1.7584352983466316,-0.5087364176447188,-0.2230389717312203,1.2419230577438896,-0.9291684654932499,-0.8714993396943254,1.756971683830055,-1.1582055295682239,-0.07774233471433566,0.0,1.0,0.0,0.0,0.0,0.0,0.0,1.0,0.0,0.0,1.0,0.0,High,1.12
-0.2129589607203102,-1.200632730217021,1.2416605970302879,1.364870105345088,0.5751608117056767,1.4434750261757887,0.5604702966454319,1.2419230577438896,1.0762311003195197,0.01833600095891534,-0.2160453670739934,3.090357652055584,0.478182941565966,0.0,1.0,0.0,0.0,1.0,0.0,0.0,0.0,1.0,0.0,0.0,0.0,Medium,2.55
1.2456640579119436,1.5517092392055944,0.150778707792009,-0.06876716590411927,-0.294993670008743,0.022561633521621906,-0.2230389717312203,1.2419230577438896,-0.9291684654932499,0.3149477811766622,-0.2160453670739934,-0.45011166596425584,0.3146755073658773,1.0,0.0,0.0,0.0,1.0,0.0,0.0,0.0,1.0,0.0,0.0,0.0,Medium,2.13
-0.9422704700364372,-1.200632730217021,1.4851610187352609,1.6931839842571201,1.315357156540671,1.6535230929159697,-0.2230389717312203,-0.80520286161417,1.0762311003195197,0.01833600095891534,-1.2025538925260177,-0.09606473416227178,0.5108844284059836,1.0,0.0,0.0,0.0,1.0,0.0,0.0,0.0,0.0,0.0,1.0,0.0,Medium,2.96
1.9749755672280704,1.5517092392055944,0.2968789608149928,-0.35877775894308084,0.027076495301139546,0.4673693042655347,0.5604702966454319,1.2419230577438896,-0.9291684654932499,-0.35916990113639896,-0.2160453670739934,0.25798219763971225,-1.2222943741149566,0.0,1.0,0.0,0.0,0.0,0.0,0.0,1.0,1.0,0.0,0.0,0.0,Medium,1.79
-0.9422704700364372,-1.200632730217021,0.7205696945816461,-0.11801424774092402,-0.040727750027256586,0.12140778257582446,-0.2230389717312203,1.2419230577438896,-0.9291684654932499,0.01833600095891534,-0.7092996298000055,-0.09606473416227178,-0.8298765320347437,0.0,1.0,0.0,1.0,0.0,0.0,0.0,0.0,1.0,0.0,0.0,0.0,Medium,2.08
-0.9422704700364372,-1.200632730217021,1.5630811536808527,0.9763653486325161,1.4679167085295628,1.282850033962709,0.5604702966454319,-0.80520286161417,-0.9291684654932499,0.01833600095891534,-1.2025538925260177,0.9660760612436803,1.0668097046862852,0.0,1.0,0.0,0.0,0.0,0.0,1.0,0.0,0.0,1.0,0.0,0.0,Low,2.73
0.5163525485958167,1.5517092392055944,-0.1462918066880582,-0.3423620649974794,0.42825161349415153,-0.2739768136409871,-1.0065482401078727,-0.80520286161417,-0.9291684654932499,-0.23782871832004784,-1.2025538925260177,-1.1582055295682239,-0.3393542294344775,0.0,1.0,0.0,0.0,0.0,1.0,0.0,0.0,0.0,0.0,1.0,0.0,Medium,1.79
-0.2129589607203102,-1.200632730217021,-0.21934193319955012,-0.4518000246348235,0.08358003307480319,-1.0276787001792842,-1.0065482401078727,-0.80520286161417,-0.9291684654932499,0.01833600095891534,0.2772088956520187,-0.8041585977662399,0.11846658632577067,1.0,0.0,0.0,1.0,0.0,0.0,0.0,0.0,0.0,0.0,1.0,0.0,High,1.55
0.5163525485958167,-0.2831854070761493,0.8277098801318337,0.6152200818292811,1.1232451281102143,0.7268404455328175,0.5604702966454319,-0.80520286161417,-0.9291684654932499,0.7463830978570212,0.2772088956520187,-0.45011166596425584,0.478182941565966,1.0,0.0,0.0,0.0,0.0,0.0,0.0,1.0,1.0,0.0,0.0,0.0,Medium,2.41
-0.9422704700364372,-0.2831854070761493,-0.32161211031563885,-1.0920120885132862,-1.086043198840034,-0.6817171784895739,-1.0065482401078727,-0.80520286161417,-0.9291684654932499,-0.5883699131228397,1.263717421104043,-0.45011166596425584,0.24927253368584176,1.0,0.0,0.0,0.0,1.0,0.0,0.0,0.0,1.0,0.0,0.0,0.0,High,1.46
-0.2129589607203102,-1.200632730217021,0.9884201584571164,0.5495573060468745,0.6316643494793404,0.6279942964786145,0.5604702966454319,-0.80520286161417,1.0762311003195197,0.01833600095891534,-0.7092996298000055,0.9660760612436803,1.2630186257263916,0.0,1.0,0.0,0.0,0.0,0.0,1.0,0.0,0.0,0.0,1.0,0.0,Medium,2.24
-0.2129589607203102,0.6342619160647225,1.1734804789528959,0.9052306748682427,0.8802799156834606,0.8503981318505711,-0.2230389717312203,-0.80520286161417,-0.9291684654932499,1.0969242926598133,-0.2160453670739934,-0.09606473416227178,0.41277996788593047,1.0,0.0,0.0,0.0,1.0,0.0,0.0,0.0,1.0,0.0,0.0,0.0,Medium,2.48
1.2456640579119436,1.5517092392055944,-0.4190122789976281,-0.9716303329122077,-0.05202845758198948,0.17083085710292617,-0.2230389717312203,-0.80520286161417,1.0762311003195197,-1.2085581808508559,-0.7092996298000055,-0.09606473416227178,-1.0260854530748502,0.0,1.0,0.0,0.0,0.0,0.0,1.0,0.0,0.0,0.0,1.0,0.0,High,1.24
1.9749755672280704,1.5517092392055944,-0.06837167174246675,0.08991787557002953,0.993286991230788,-0.22455373911388535,0.5604702966454319,-0.80520286161417,-0.9291684654932499,0.22057130565283387,-0.2160453670739934,-0.09606473416227178,-1.058786939914868,0.0,1.0,0.0,0.0,0.0,0.0,1.0,0.0,1.0,0.0,0.0,0.0,High,1.79
-0.9422704700364372,-0.2831854070761493,0.004678454769025167,0.15010875337056884,0.5073565663772805,-0.15041912732323343,0.5604702966454319,-0.80520286161417,1.0762311003195197,-0.022111059979868366,0.7704631583780309,0.25798219763971225,0.9687052441662318,1.0,0.0,0.0,1.0,0.0,0.0,0.0,0.0,0.0,1.0,0.0,0.0,Medium,2.08
-0.2129589607203102,-0.2831854070761493,2.084172056129495,1.4414766770912284,2.0612038551530314,1.282850033962709,-1.0065482401078727,-0.80520286161417,-0.9291684654932499,2.1081008161294053,-1.2025538925260177,1.6741699248476485,0.870600783646179,1.0,0.0,0.0,0.0,0.0,0.0,0.0,1.0,1.0,0.0,0.0,0.0,Low,3.14
-1.671581979352564,-1.200632730217021,-1.1982136284535418,-0.38066535087055,0.6825175334756379,-0.9288325511250811,-0.2230389717312203,1.2419230577438896,-0.9291684654932499,0.01833600095891534,0.7704631583780309,0.6120291294416963,-1.4185032951550631,1.0,0.0,0.0,0.0,1.0,0.0,0.0,0.0,1.0,0.0,0.0,0.0,High,1.48
-0.2129589607203102,-1.200632730217021,0.5647294246904632,0.6371076737567498,1.1966997272159767,0.8627539004823462,-1.0065482401078727,-0.80520286161417,1.0762311003195197,0.01833600095891534,-1.2025538925260177,1.3201229930456644,1.1322126783663204,1.0,0.0,0.0,0.0,1.0,0.0,0.0,0.0,1.0,0.0,0.0,0.0,Medium,2.67
-0.9422704700364372,-1.200632730217021,0.49654930661307045,0.45653504035513226,-0.03507739624989054,-0.0021499037419291703,-1.0065482401078727,-0.80520286161417,1.0762311003195197,0.01833600095891534,-1.2025538925260177,-0.8041585977662399,-0.8625780188747614,1.0,0.0,0.0,0.0,1.0,0.0,0.0,0.0,0.0,0.0,1.0,0.0,Medium,1.98
1.2456640579119436,1.5517092392055944,0.7497897451862425,0.27596240695351437,0.1965871086221305,0.40559046110665786,-0.2230389717312203,-0.80520286161417,-0.9291684654932499,0.20708895200657235,0.2772088956520187,-0.8041585977662399,0.21657104684582412,1.0,0.0,0.0,0.0,0.0,1.0,0.0,0.0,0.0,0.0,1.0,0.0,Medium,2.12
1.9749755672280704,1.5517092392055944,0.004678454769025167,-0.16726132957772877,-0.6057631277638931,-0.039217209637254904,-1.0065482401078727,1.2419230577438896,-0.9291684654932499,-0.5209581448915335,0.2772088956520187,0.25798219763971225,-0.37205571627449546,0.0,1.0,0.0,0.0,1.0,0.0,0.0,0.0,1.0,0.0,0.0,0.0,High,1.38
0.5163525485958167,0.6342619160647225,-1.2371736959263375,-0.8457766793292623,-1.2103509819420941,-1.7813805867175811,-0.2230389717312203,1.2419230577438896,-0.9291684654932499,-1.4916876074223415,-0.2160453670739934,-0.8041585977662399,-0.47016017679454863,0.0,1.0,0.0,0.0,0.0,1.0,0.0,0.0,0.0,0.0,1.0,0.0,High,1.07
0.5163525485958167,-0.2831854070761493,-0.988803265787265,-0.9661584349303405,-1.6002253925803733,-0.18748643321855962,-1.0065482401078727,-0.80520286161417,-0.9291684654932499,-1.3164170100209458,3.2367344720080915,-1.1582055295682239,-0.17584679523438881,0.0,1.0,0.0,0.0,1.0,0.0,0.0,0.0,0.0,0.0,1.0,0.0,High,0.97
-0.9422704700364372,-0.2831854070761493,0.3894091210628825,0.2267153251167096,0.185286401067398,0.8874654377458973,-0.2230389717312203,-0.80520286161417,-0.9291684654932499,0.7329007442107602,0.2772088956520187,0.25798219763971225,1.1322126783663204,0.0,1.0,0.0,0.0,0.0,1.0,0.0,0.0,1.0,0.0,0.0,0.0,Medium,2.12
-0.9422704700364372,-0.2831854070761493,0.7156996861475462,1.091275206251728,0.47345444371308226,0.08434047668049872,-0.2230389717312203,1.2419230577438896,1.0762311003195197,0.6520066223331928,-0.7092996298000055,-0.8041585977662399,0.6089888889260368,0.0,1.0,0.0,0.0,1.0,0.0,0.0,0.0,0.0,1.0,0.0,0.0,Medium,2.22
0.5163525485958167,-0.2831854070761493,-1.0667234007328565,0.1282211614431001,-0.13678376424248495,0.022561633521621906,0.5604702966454319,1.2419230577438896,-0.9291684654932499,-0.7231934495854521,1.756971683830055,-0.09606473416227178,-1.058786939914868,0.0,1.0,0.0,1.0,0.0,0.0,0.0,0.0,1.0,0.0,0.0,0.0,High,1.69
0.5163525485958167,-0.2831854070761493,1.1540004452164978,1.2718478396533455,1.959497487160436,1.628811555652419,-0.2230389717312203,-0.80520286161417,1.0762311003195197,1.811489035911658,-1.2025538925260177,-0.09606473416227178,0.6416903757660544,1.0,0.0,0.0,0.0,0.0,1.0,0.0,0.0,1.0,0.0,0.0,0.0,Low,3.01
-0.9422704700364372,-1.200632730217021,-0.5164124476796172,-0.4518000246348235,-0.8430779864132805,-0.4963806490129435,2.9109981017753888,-0.80520286161417,-0.9291684654932499,0.01833600095891534,0.2772088956520187,-1.1582055295682239,-0.6990705846746729,1.0,0.0,0.0,0.0,0.0,0.0,1.0,0.0,0.0,0.0,1.0,0.0,High,1.27
-0.9422704700364372,-1.200632730217021,0.7790097957908391,1.200713165889072,1.6939308596242175,0.9368885122729986,-0.2230389717312203,-0.80520286161417,-0.9291684654932499,0.01833600095891534,-1.2025538925260177,0.6120291294416963,1.9824513362067824,1.0,0.0,0.0,0.0,0.0,0.0,0.0,1.0,1.0,0.0,0.0,0.0,Medium,2.61
0.5163525485958167,1.5517092392055944,-0.4823223886409209,-0.09065475783158801,-0.00682562736305872,-0.08864028416435663,-1.0065482401078727,-0.80520286161417,-0.9291684654932499,0.22057130565283387,1.756971683830055,-1.1582055295682239,-0.20854828207440673,0.0,1.0,0.0,0.0,0.0,0.0,1.0,0.0,0.0,0.0,1.0,0.0,High,1.83
0.5163525485958167,-0.2831854070761493,-1.2566537296627354,-1.3273037017335758,-1.4024630103725506,-1.262438304183016,-1.0065482401078727,1.2419230577438896,-0.9291684654932499,-2.35455824078306,-0.7092996298000055,-1.512252461370208,-1.2222943741149566,1.0,0.0,0.0,0.0,0.0,1.0,0.0,0.0,0.0,0.0,1.0,0.0,High,0.62
1.9749755672280704,1.5517092392055944,-0.3849222199589317,0.06255838566069352,-0.9786864770700732,-0.16277489595500855,-1.0065482401078727,1.2419230577438896,-0.9291684654932499,-0.49399343759901104,0.2772088956520187,-1.1582055295682239,0.8051978099661431,0.0,1.0,0.0,0.0,1.0,0.0,0.0,0.0,1.0,0.0,0.0,0.0,High,1.61
-1.671581979352564,-1.200632730217021,0.21408881743530186,0.13916495740683427,0.04402755663323888,0.15847508847115063,0.5604702966454319,1.2419230577438896,1.0762311003195197,0.01833600095891534,1.756971683830055,0.25798219763971225,0.478182941565966,0.0,1.0,0.0,0.0,0.0,0.0,1.0,0.0,1.0,0.0,0.0,0.0,High,1.87
-0.2129589607203102,-0.2831854070761493,-0.9401031814462706,-0.895023761166067,-0.5492595899902294,-2.040851727984864,-1.0065482401078727,1.2419230577438896,1.0762311003195197,-1.1006993516807664,0.7704631583780309,-1.1582055295682239,-1.3858018083150454,0.0,1.0,0.0,0.0,0.0,0.0,1.0,0.0,0.0,0.0,1.0,0.0,High,1.16
-0.9422704700364372,-1.200632730217021,-0.38005221152483254,-0.3478339629793467,-0.2723922548992776,-0.08864028416435663,0.5604702966454319,-0.80520286161417,-0.9291684654932499,0.01833600095891534,1.263717421104043,-0.8041585977662399,0.1838695600058062,0.0,1.0,0.0,0.0,0.0,1.0,0.0,0.0,0.0,0.0,1.0,0.0,High,1.51
-0.9422704700364372,-1.200632730217021,-0.4725823717727222,-1.2671128239330367,-0.7357212646433197,-0.9782556256521826,-1.0065482401078727,1.2419230577438896,-0.9291684654932499,0.01833600095891534,-0.2160453670739934,-0.45011166596425584,-0.9606824793948148,0.0,1.0,0.0,0.0,1.0,0.0,0.0,0.0,0.0,0.0,1.0,0.0,High,1.43
-0.2129589607203102,-1.200632730217021,1.2027005295574924,1.1405222880885322,1.5470216614126915,1.8388596223925997,0.5604702966454319,-0.80520286161417,1.0762311003195197,0.01833600095891534,-0.7092996298000055,-0.8041585977662399,1.491929033606516,1.0,0.0,0.0,0.0,0.0,0.0,1.0,0.0,0.0,0.0,1.0,0.0,Medium,2.78
-1.671581979352564,-1.200632730217021,-1.4660640923290122,-1.1740905582412942,-1.5550225623614424,-0.6817171784895739,-0.2230389717312203,-0.80520286161417,-0.9291684654932499,0.01833600095891534,0.7704631583780309,0.25798219763971225,-0.01233936103430012,1.0,0.0,0.0,0.0,1.0,0.0,0.0,0.0,1.0,0.0,0.0,0.0,High,1.08
0.5163525485958167,1.5517092392055944,-0.39466223682713075,0.0680302836425608,-0.3345461464503077,-0.4716691117493928,-0.2230389717312203,1.2419230577438896,-0.9291684654932499,-0.4535463766602273,-0.2160453670739934,0.6120291294416963,-0.01233936103430012,1.0,0.0,0.0,0.0,0.0,0.0,1.0,0.0,0.0,0.0,1.0,0.0,High,1.55
-0.9422704700364372,-0.2831854070761493,0.3309690198536889,0.6535233677023516,0.8915806232381935,0.7639077514281437,-0.2230389717312203,-0.80520286161417,1.0762311003195197,0.530665439516842,0.2772088956520187,1.3201229930456644,0.38007848104591285,0.0,1.0,0.0,0.0,0.0,1.0,0.0,0.0,1.0,0.0,0.0,0.0,Medium,2.11
1.2456640579119436,0.6342619160647225,-1.6462544043906924,-0.8731361692385983,-0.6396652504280913,-1.0400344688110594,-1.0065482401078727,1.2419230577438896,-0.9291684654932499,-1.518652314714864,1.756971683830055,-0.8041585977662399,0.05306361264573542,1.0,0.0,0.0,0.0,1.0,0.0,0.0,0.0,0.0,0.0,1.0,0.0,High,0.73
-0.2129589607203102,-0.2831854070761493,-0.8329629958960822,-0.13990183966839276,-0.36844826911450596,-0.23690950774566089,0.5604702966454319,1.2419230577438896,-0.9291684654932499,-0.49399343759901104,-1.2025538925260177,0.25798219763971225,-0.6663690978346549,1.0,0.0,0.0,1.0,0.0,0.0,0.0,0.0,1.0,0.0,0.0,0.0,High,1.63
0.5163525485958167,-0.2831854070761493,-0.07324168017656628,-0.0031043901217126823,0.5356083352641123,-0.23690950774566089,-0.2230389717312203,1.2419230577438896,-0.9291684654932499,-0.11648753550369671,-0.7092996298000055,-1.512252461370208,0.7397948362861079,0.0,1.0,0.0,0.0,1.0,0.0,0.0,0.0,0.0,0.0,1.0,0.0,Medium,2.01
-0.2129589607203102,-0.2831854070761493,0.18973877526480454,0.5659729999924763,-0.14808447179721784,1.2581384966991582,0.5604702966454319,1.2419230577438896,1.0762311003195197,0.5441477931631029,-1.2025538925260177,-0.8041585977662399,0.020362125805717505,1.0,0.0,0.0,0.0,0.0,0.0,1.0,0.0,1.0,0.0,0.0,0.0,Medium,2.1
-1.671581979352564,-1.200632730217021,-0.4969324139432195,0.20482773318924086,-0.41365109933343674,-0.32339988816808835,-0.2230389717312203,-0.80520286161417,-0.9291684654932499,0.01833600095891534,-0.2160453670739934,0.9660760612436803,1.230317138886374,1.0,0.0,0.0,0.0,1.0,0.0,0.0,0.0,0.0,0.0,1.0,0.0,High,1.57
1.2456640579119436,1.5517092392055944,2.1669621995091854,1.9230036994955428,2.4962810960102404,1.5052538693346655,0.5604702966454319,-0.80520286161417,1.0762311003195197,1.851936096850442,-1.2025538925260177,2.0282168566496326,0.9360037573262142,0.0,1.0,0.0,0.0,1.0,0.0,0.0,0.0,0.0,1.0,0.0,0.0,Low,3.34
-0.2129589607203102,0.6342619160647225,0.6621295933724524,0.33615328475405365,1.0836926516686494,0.22025393163002746,0.5604702966454319,1.2419230577438896,-0.9291684654932499,1.3126419509999931,-1.2025538925260177,1.6741699248476485,0.478182941565966,0.0,1.0,0.0,0.0,0.0,0.0,0.0,1.0,1.0,0.0,0.0,0.0,Medium,2.55
1.2456640579119436,0.6342619160647225,1.5923012042854492,0.8012646132127663,0.9141820383476585,1.4064077202804623,-0.2230389717312203,-0.80520286161417,-0.9291684654932499,1.6227360848640011,-1.2025538925260177,0.25798219763971225,1.9170483625267465,1.0,0.0,0.0,0.0,1.0,0.0,0.0,0.0,1.0,0.0,0.0,0.0,Low,2.78
0.5163525485958167,-0.2831854070761493,-1.0764634176010552,-1.4805168452258577,-1.086043198840034,-1.3612844532372188,-0.2230389717312203,1.2419230577438896,-0.9291684654932499,-1.6534758511774763,-0.7092996298000055,-0.8041585977662399,0.08576509948575305,0.0,1.0,0.0,0.0,0.0,1.0,0.0,0.0,0.0,0.0,1.0,0.0,High,0.71
-0.2129589607203102,-1.200632730217021,0.42349918010157855,0.7082423475210237,-0.10853199535565312,0.022561633521621906,-0.2230389717312203,-0.80520286161417,1.0762311003195197,0.01833600095891534,-0.2160453670739934,0.25798219763971225,0.7724963231261255,0.0,1.0,0.0,0.0,0.0,0.0,0.0,1.0,0.0,0.0,1.0,0.0,Medium,2.04
1.2456640579119436,1.5517092392055944,-0.5505025067183137,0.15558065135243612,-0.3514972077824066,-0.7434960216484507,-1.0065482401078727,-0.80520286161417,-0.9291684654932499,-0.44006402301396635,-0.2160453670739934,0.25798219763971225,-1.1241899135949034,0.0,1.0,0.0,1.0,0.0,0.0,0.0,0.0,1.0,0.0,0.0,0.0,High,1.67
-0.9422704700364372,-0.2831854070761493,-1.7485245815067807,-1.5516515189901312,-0.617063835318626,-0.6817171784895739,-0.2230389717312203,-0.80520286161417,1.0762311003195197,-1.2220405344971172,1.263717421104043,-0.8041585977662399,-0.5682646373146018,1.0,0.0,0.0,1.0,0.0,0.0,0.0,0.0,0.0,0.0,1.0,0.0,High,1.07
-1.671581979352564,-1.200632730217021,-1.7436545730726816,-0.6980354338188476,-1.249903458383659,-1.8925825044035596,-0.2230389717312203,1.2419230577438896,-0.9291684654932499,0.01833600095891534,0.2772088956520187,-1.1582055295682239,-1.0914884267548857,0.0,1.0,0.0,0.0,0.0,1.0,0.0,0.0,1.0,0.0,0.0,0.0,High,0.86
-0.2129589607203102,-0.2831854070761493,-1.1202934935079505,-1.0372931086946142,-1.566323269916175,-2.1644094143026176,-0.2230389717312203,1.2419230577438896,-0.9291684654932499,-1.4377581928372967,0.7704631583780309,-0.45011166596425584,-1.4839062688350986,0.0,1.0,0.0,0.0,0.0,1.0,0.0,0.0,0.0,1.0,0.0,0.0,High,0.71
0.5163525485958167,0.6342619160647225,0.11668864875331263,0.3470970807177882,0.060978617965337815,0.15847508847115063,-0.2230389717312203,1.2419230577438896,-0.9291684654932499,-0.39961696207518266,0.2772088956520187,0.25798219763971225,0.41277996788593047,0.0,1.0,0.0,0.0,0.0,0.0,1.0,0.0,1.0,0.0,0.0,0.0,Medium,1.84
1.2456640579119436,0.6342619160647225,0.043638522241820715,0.8997587768863757,0.4226012597167851,-0.3851787313269652,0.5604702966454319,-0.80520286161417,-0.9291684654932499,1.326124304646254,0.2772088956520187,0.25798219763971225,0.08576509948575305,1.0,0.0,0.0,0.0,0.0,1.0,0.0,0.0,1.0,0.0,0.0,0.0,Medium,2.44
1.2456640579119436,0.6342619160647225,-1.0180233163918617,-0.4518000246348235,-1.4250644254820162,-0.5705152608035956,-1.0065482401078727,-0.80520286161417,-0.9291684654932499,-1.3568640709597295,-0.2160453670739934,-0.45011166596425584,-1.680115189875205,1.0,0.0,0.0,0.0,0.0,1.0,0.0,0.0,0.0,0.0,1.0,0.0,High,0.93
-0.2129589607203102,0.6342619160647225,-0.47745238020682174,0.01878320180575605,0.49605585882254805,0.6897731396374913,1.3439795650220843,-0.80520286161417,1.0762311003195197,0.04530070825143781,-0.2160453670739934,-0.09606473416227178,-1.0914884267548857,1.0,0.0,0.0,1.0,0.0,0.0,0.0,0.0,1.0,0.0,0.0,0.0,Medium,1.91
-1.671581979352564,-1.200632730217021,0.7156996861475462,0.07350218162442808,1.5357209538579586,0.47972507289731026,-0.2230389717312203,-0.80520286161417,1.0762311003195197,0.01833600095891534,-0.7092996298000055,0.25798219763971225,1.6227349809665867,0.0,1.0,0.0,0.0,1.0,0.0,0.0,0.0,1.0,0.0,0.0,0.0,Medium,2.37
1.2456640579119436,1.5517092392055944,0.9640701162866191,0.8997587768863757,1.7617351049526133,1.529965406598216,0.5604702966454319,-0.80520286161417,1.0762311003195197,1.5553243166326947,-1.2025538925260177,-0.09606473416227178,0.478182941565966,0.0,1.0,0.0,0.0,0.0,1.0,0.0,0.0,0.0,0.0,1.0,0.0,Low,2.87
-0.2129589607203102,-0.2831854070761493,-0.27778203440874377,-0.38066535087055,-0.27804260867664404,-0.5952267980671464,-0.2230389717312203,-0.80520286161417,1.0762311003195197,-0.21086401102752536,0.7704631583780309,-0.09606473416227178,-0.797175045194726,1.0,0.0,0.0,0.0,0.0,1.0,0.0,0.0,1.0,0.0,0.0,0.0,High,1.38
-0.2129589607203102,0.6342619160647225,0.6767396186747506,0.15558065135243612,0.08923038685216964,0.9986673554318753,-0.2230389717312203,-0.80520286161417,-0.9291684654932499,-0.14345224279621918,0.2772088956520187,0.25798219763971225,-0.01233936103430012,0.0,1.0,0.0,0.0,1.0,0.0,0.0,0.0,0.0,1.0,0.0,0.0,High,1.9
-0.2129589607203102,-1.200632730217021,1.6263912633241455,1.6548806983840496,1.2984060952085719,1.1098692731178534,-0.2230389717312203,-0.80520286161417,1.0762311003195197,0.01833600095891534,-1.2025538925260177,0.9660760612436803,2.1132572835668526,1.0,0.0,0.0,0.0,0.0,0.0,1.0,0.0,0.0,1.0,0.0,0.0,Low,2.78
1.9749755672280704,1.5517092392055944,0.7790097957908391,0.39087226457272567,0.5695104579283107,-0.7805633275437769,-0.2230389717312203,1.2419230577438896,-0.9291684654932499,0.8407595733808502,-0.7092996298000055,2.0282168566496326,-0.5355631504745841,1.0,0.0,0.0,0.0,0.0,0.0,0.0,1.0,1.0,0.0,0.0,0.0,Medium,2.33
-0.9422704700364372,-1.200632730217021,0.004678454769025167,-1.3163599057698416,-1.249903458383659,-1.1141690806017115,-0.2230389717312203,1.2419230577438896,1.0762311003195197,0.01833600095891534,0.2772088956520187,-0.09606473416227178,-1.7128166767152226,0.0,1.0,0.0,0.0,0.0,1.0,0.0,0.0,0.0,0.0,1.0,0.0,High,1.24
-1.671581979352564,-1.200632730217021,1.0663402934027075,-0.46821571858042493,0.5299579814867459,0.7762635200599187,1.3439795650220843,-0.80520286161417,1.0762311003195197,0.01833600095891534,0.7704631583780309,-0.45011166596425584,-0.24124976891442437,0.0,0.0,1.0,0.0,0.0,1.0,0.0,0.0,0.0,1.0,0.0,0.0,Medium,2.01
0.5163525485958167,-0.2831854070761493,-0.4725823717727222,-0.16726132957772877,-0.9560850619606078,0.22025393163002746,0.5604702966454319,-0.80520286161417,-0.9291684654932499,-0.5074757912452723,-0.2160453670739934,-0.45011166596425584,-0.01233936103430012,1.0,0.0,0.0,0.0,0.0,0.0,1.0,0.0,0.0,0.0,1.0,0.0,High,1.44
-1.671581979352564,-1.200632730217021,-1.6462544043906924,-1.3601350896247792,-1.5267707934746106,-1.670178669031603,-1.0065482401078727,1.2419230577438896,1.0762311003195197,0.01833600095891534,3.2367344720080915,-1.512252461370208,-0.797175045194726,0.0,1.0,0.0,0.0,1.0,0.0,0.0,0.0,0.0,0.0,1.0,0.0,High,0.58
-0.9422704700364372,-1.200632730217021,0.5598594162563637,-0.5612379842721675,0.5243076277093799,0.31910008068423046,2.1274888333987367,1.2419230577438896,1.0762311003195197,0.01833600095891534,1.756971683830055,0.6120291294416963,-0.273951255754442,1.0,0.0,0.0,0.0,0.0,0.0,1.0,0.0,0.0,0.0,1.0,0.0,High,1.85
1.2456640579119436,0.6342619160647225,0.4819392813107722,-0.13442994168652586,-0.23849013223507934,0.6156385278468389,0.5604702966454319,1.2419230577438896,-0.9291684654932499,0.01833600095891534,-0.7092996298000055,0.25798219763971225,1.1649141652063388,0.0,1.0,0.0,0.0,0.0,0.0,0.0,1.0,0.0,1.0,0.0,0.0,Medium,2.03
0.5163525485958167,-0.2831854070761493,1.981901879013406,0.9763653486325161,1.5470216614126915,1.628811555652419,-1.0065482401078727,-0.80520286161417,1.0762311003195197,2.027206694251838,-1.2025538925260177,-0.09606473416227178,1.0668097046862852,1.0,0.0,0.0,0.0,0.0,0.0,1.0,0.0,0.0,1.0,0.0,0.0,Low,3.29
0.5163525485958167,1.5517092392055944,-0.8865330886711764,-1.3874945795341151,-0.8487283401906469,0.17083085710292617,-1.0065482401078727,-0.80520286161417,-0.9291684654932499,-1.8557111558713946,0.7704631583780309,-0.45011166596425584,-1.6474137030351872,0.0,1.0,0.0,0.0,1.0,0.0,0.0,0.0,1.0,0.0,0.0,0.0,High,1.1
-0.2129589607203102,-0.2831854070761493,-1.368663923647023,-0.10707045177718985,0.12313250951636791,-0.8299864020708784,1.3439795650220843,1.2419230577438896,-0.9291684654932499,-0.547922852184056,-0.2160453670739934,-0.8041585977662399,-1.1895928872749388,0.0,1.0,0.0,0.0,0.0,0.0,0.0,1.0,0.0,0.0,1.0,0.0,High,1.58
-0.2129589607203102,0.6342619160647225,2.2400123260206772,1.1186346961610638,0.9085316845702925,1.99948461460568,-0.2230389717312203,-0.80520286161417,-0.9291684654932499,1.5553243166326947,-1.2025538925260177,1.6741699248476485,0.8378992968061614,1.0,0.0,0.0,0.0,0.0,1.0,0.0,0.0,1.0,0.0,0.0,0.0,Low,2.98
-0.9422704700364372,-0.2831854070761493,-0.8524430296324801,-0.5065190044534955,-1.379861595263085,-0.3975344999587407,0.5604702966454319,-0.80520286161417,1.0762311003195197,-0.5748875594765784,0.7704631583780309,-0.45011166596425584,-1.4185032951550631,0.0,1.0,0.0,0.0,0.0,0.0,0.0,1.0,0.0,0.0,1.0,0.0,High,1.51
0.5163525485958167,0.6342619160647225,0.8666699476046299,1.4469485750730962,-0.10288164157828668,-0.026861441005479807,-0.2230389717312203,1.2419230577438896,-0.9291684654932499,0.2340536592990948,0.2772088956520187,2.0282168566496326,0.8051978099661431,0.0,1.0,0.0,0.0,0.0,0.0,1.0,0.0,0.0,1.0,0.0,0.0,Medium,2.12
1.2456640579119436,0.6342619160647225,-1.1836036031512434,0.15010875337056884,-1.097343906394767,-0.6199383353306971,-1.0065482401078727,-0.80520286161417,1.0762311003195197,-0.305240486551354,-0.7092996298000055,-0.09606473416227178,-0.9933839662348324,1.0,0.0,0.0,0.0,0.0,0.0,1.0,0.0,0.0,0.0,1.0,0.0,High,1.54
0.5163525485958167,-0.2831854070761493,-1.729044547770383,-1.7705274382648195,-2.4251770440758627,-1.2747940728147915,-1.0065482401078727,1.2419230577438896,-0.9291684654932499,-2.071428814211574,1.756971683830055,-1.1582055295682239,-1.6474137030351872,0.0,1.0,0.0,0.0,0.0,0.0,0.0,1.0,1.0,0.0,0.0,0.0,High,0.39
1.2456640579119436,1.5517092392055944,-0.10733173921526265,0.4182317544820617,-0.36844826911450596,0.1337635512076,-1.0065482401078727,1.2419230577438896,-0.9291684654932499,-0.1838993037350029,1.756971683830055,-0.45011166596425584,-0.6009661241546194,0.0,1.0,0.0,0.0,0.0,0.0,1.0,0.0,1.0,0.0,0.0,0.0,High,1.53
-0.9422704700364372,-0.2831854070761493,-0.27778203440874377,-1.0372931086946142,0.049677910410604924,-0.3481114254316392,-0.2230389717312203,-0.80520286161417,1.0762311003195197,-0.8175699251092804,0.2772088956520187,-0.8041585977662399,-1.1895928872749388,0.0,1.0,0.0,0.0,1.0,0.0,0.0,0.0,1.0,0.0,0.0,0.0,High,1.58
-1.671581979352564,-1.200632730217021,0.004678454769025167,-0.21103651343266663,0.21918852373159586,-0.44695757448584195,-0.2230389717312203,1.2419230577438896,-0.9291684654932499,0.01833600095891534,-0.7092996298000055,-0.09606473416227178,1.0668097046862852,0.0,1.0,0.0,0.0,1.0,0.0,0.0,0.0,0.0,1.0,0.0,0.0,Medium,1.97
-0.2129589607203102,0.6342619160647225,-0.3118720934474398,-0.45727192261669075,-0.447553221997635,-0.15041912732323343,-1.0065482401078727,-0.80520286161417,1.0762311003195197,-0.7097110959391908,-0.2160453670739934,-1.1582055295682239,0.6416903757660544,0.0,1.0,0.0,0.0,0.0,0.0,1.0,0.0,1.0,0.0,0.0,0.0,High,1.21
0.5163525485958167,1.5517092392055944,-0.6576426922685016,-0.10707045177718985,-0.696168788201755,-0.1257075900596828,-0.2230389717312203,1.2419230577438896,-0.9291684654932499,-0.6962287422929295,1.756971683830055,-0.09606473416227178,0.6089888889260368,1.0,0.0,0.0,0.0,0.0,0.0,1.0,0.0,1.0,0.0,0.0,0.0,High,1.57
-1.671581979352564,-1.200632730217021,-1.855664767056969,-1.3984383754978496,-1.4759176094783133,-1.8184478926129075,-1.0065482401078727,1.2419230577438896,1.0762311003195197,0.01833600095891534,1.756971683830055,-1.1582055295682239,-2.0398315451154003,1.0,0.0,0.0,0.0,0.0,1.0,0.0,0.0,1.0,0.0,0.0,0.0,High,0.54
0.5163525485958167,-0.2831854070761493,-0.7112127850435958,-0.867664271256731,0.20788781617686336,-0.4716691117493928,-0.2230389717312203,1.2419230577438896,1.0762311003195197,-1.0063228761569376,2.743480209282079,-0.09606473416227178,-1.4185032951550631,0.0,1.0,0.0,1.0,0.0,0.0,0.0,0.0,1.0,0.0,0.0,0.0,High,1.42
0.5163525485958167,1.5517092392055944,1.2660106392007853,1.1131627981791963,0.5751608117056767,0.7762635200599187,0.5604702966454319,-0.80520286161417,-0.9291684654932499,1.2182654754761642,-0.2160453670739934,0.6120291294416963,2.1786602572468885,1.0,0.0,0.0,0.0,0.0,0.0,1.0,0.0,1.0,0.0,0.0,0.0,Low,2.64
-0.2129589607203102,0.6342619160647225,-1.0862034344692542,-1.409382171461584,-0.6453156042054577,-1.7319575121904798,-1.0065482401078727,1.2419230577438896,-0.9291684654932499,-1.5590993756536478,1.263717421104043,-1.1582055295682239,-1.4185032951550631,1.0,0.0,0.0,0.0,1.0,0.0,0.0,0.0,0.0,0.0,1.0,0.0,High,0.68
1.2456640579119436,1.5517092392055944,-1.0277633332600606,-1.1357872723682239,-0.8939311704095777,-1.1883036923923638,-1.0065482401078727,1.2419230577438896,-0.9291684654932499,-1.2085581808508559,2.2502259465560672,-0.45011166596425584,-1.8109211372352758,1.0,0.0,0.0,0.0,0.0,1.0,0.0,0.0,1.0,0.0,0.0,0.0,High,1.0
-0.9422704700364372,-0.2831854070761493,-2.3280555851646167,-1.8471340100109601,-1.7527849445692654,-2.016140190721313,-1.0065482401078727,1.2419230577438896,1.0762311003195197,-2.4354523626606275,1.263717421104043,-1.1582055295682239,-0.8298765320347437,1.0,0.0,0.0,0.0,1.0,0.0,0.0,0.0,1.0,0.0,0.0,0.0,High,0.18
0.5163525485958167,0.6342619160647225,-0.38979222839303124,-0.7691701075831211,-0.26109154734454515,0.6279942964786145,-1.0065482401078727,-0.80520286161417,1.0762311003195197,-0.2917581329050928,0.7704631583780309,-1.1582055295682239,-0.3393542294344775,1.0,0.0,0.0,0.0,0.0,1.0,0.0,0.0,1.0,0.0,0.0,0.0,High,1.49
-0.9422704700364372,-0.2831854070761493,1.738401457308433,0.7957927152308986,0.8237763779097971,1.0975135044860784,-0.2230389717312203,-0.80520286161417,-0.9291684654932499,1.002547817135985,0.2772088956520187,1.6741699248476485,0.9687052441662318,1.0,0.0,0.0,0.0,0.0,1.0,0.0,0.0,1.0,0.0,0.0,0.0,Medium,2.68
0.5163525485958167,1.5517092392055944,0.5939494752950597,0.00783940584202149,0.7616224863587674,-0.5581594921718203,0.5604702966454319,1.2419230577438896,-0.9291684654932499,-0.2917581329050928,-0.7092996298000055,0.25798219763971225,-1.516607755675116,1.0,0.0,0.0,0.0,1.0,0.0,0.0,0.0,0.0,0.0,1.0,0.0,Medium,1.92
-0.2129589607203102,-0.2831854070761493,-0.9060131224075741,0.06255838566069352,0.4395523210488844,1.2087154221720564,-0.2230389717312203,-0.80520286161417,1.0762311003195197,0.11271247648274399,-0.7092996298000055,-0.45011166596425584,-0.01233936103430012,1.0,0.0,0.0,0.0,0.0,1.0,0.0,0.0,1.0,0.0,0.0,0.0,Medium,2.18
1.2456640579119436,0.6342619160647225,-0.19012188259495327,0.024255099787623333,0.010125433969040615,-0.4593133431176175,-1.0065482401078727,-0.80520286161417,-0.9291684654932499,-0.035593413626129604,-0.2160453670739934,0.25798219763971225,0.41277996788593047,0.0,1.0,0.0,0.0,1.0,0.0,0.0,0.0,1.0,0.0,0.0,0.0,High,1.75
-0.2129589607203102,-0.2831854070761493,-0.3605721777884344,-0.33689016701561214,-0.910882231741677,-0.7187844843849001,0.5604702966454319,1.2419230577438896,1.0762311003195197,-0.7231934495854521,0.7704631583780309,-0.09606473416227178,-1.0260854530748502,0.0,1.0,0.0,0.0,0.0,0.0,1.0,0.0,1.0,0.0,0.0,0.0,High,1.26
-0.2129589607203102,-0.2831854070761493,-0.5797225573229101,-0.26028359526947137,-0.13678376424248495,-0.07628451553258109,1.3439795650220843,1.2419230577438896,1.0762311003195197,-1.0737346443882438,0.7704631583780309,-1.1582055295682239,0.38007848104591285,1.0,0.0,0.0,0.0,1.0,0.0,0.0,0.0,1.0,0.0,0.0,0.0,High,1.48
0.5163525485958167,0.6342619160647225,-0.6966027597412975,-0.9278551490572703,-0.9560850619606078,-1.5095536768185234,0.5604702966454319,1.2419230577438896,-0.9291684654932499,-0.9523934615718928,-0.7092996298000055,-0.8041585977662399,-1.3203988346350097,0.0,1.0,0.0,0.0,0.0,0.0,0.0,1.0,0.0,0.0,1.0,0.0,High,1.1
-0.9422704700364372,-0.2831854070761493,-1.3881439573834207,-1.245225232005568,-1.1990502743873612,-1.3736402218689943,-0.2230389717312203,-0.80520286161417,-0.9291684654932499,-1.4242758391910357,0.2772088956520187,-0.45011166596425584,-1.1568914004349211,0.0,1.0,0.0,0.0,0.0,0.0,0.0,1.0,0.0,0.0,1.0,0.0,High,0.85
0.5163525485958167,1.5517092392055944,-1.0862034344692542,-1.6501456826637408,0.04402755663323888,-1.5589767513456245,-1.0065482401078727,-0.80520286161417,-0.9291684654932499,-1.936605277748962,0.2772088956520187,-0.09606473416227178,-0.01233936103430012,0.0,1.0,0.0,0.0,0.0,0.0,1.0,0.0,1.0,0.0,0.0,0.0,High,0.89
-0.2129589607203102,-0.2831854070761493,1.3439307741463768,1.7807343519669951,0.5243076277093799,1.7647250106019483,-1.0065482401078727,-0.80520286161417,-0.9291684654932499,2.3373008281158456,-1.2025538925260177,3.090357652055584,0.7397948362861079,0.0,1.0,0.0,0.0,0.0,0.0,0.0,1.0,0.0,1.0,0.0,0.0,Low,3.16
-0.2129589607203102,0.6342619160647225,0.4088891547992803,-0.41896863674362017,0.021426141523773104,0.09669624531227382,-0.2230389717312203,-0.80520286161417,1.0762311003195197,0.4093242567004906,-0.7092996298000055,0.25798219763971225,0.11846658632577067,1.0,0.0,0.0,0.0,0.0,0.0,0.0,1.0,1.0,0.0,0.0,0.0,Medium,1.93
0.5163525485958167,-0.2831854070761493,0.5355093740858663,1.0146686345055866,0.6147132881472414,0.4550135356337596,-1.0065482401078727,1.2419230577438896,1.0762311003195197,0.7194183905644993,-0.2160453670739934,0.6120291294416963,0.8378992968061614,1.0,0.0,0.0,0.0,1.0,0.0,0.0,0.0,1.0,0.0,0.0,0.0,Medium,2.2
-0.2129589607203102,-0.2831854070761493,-1.0910734429033537,-0.435384330689222,-0.8204765713038151,-0.7929190961755522,0.5604702966454319,-0.80520286161417,1.0762311003195197,-1.1815934735583336,1.263717421104043,-0.8041585977662399,-0.5682646373146018,0.0,1.0,0.0,1.0,0.0,0.0,0.0,0.0,0.0,1.0,0.0,0.0,High,1.28
-0.9422704700364372,-0.2831854070761493,-0.07811168861066581,-0.08518285984972072,-0.6114134815412595,-0.0021499037419291703,-1.0065482401078727,-0.80520286161417,-0.9291684654932499,-0.6288169740616234,1.756971683830055,-0.09606473416227178,-0.6009661241546194,0.0,1.0,0.0,0.0,0.0,1.0,0.0,0.0,0.0,0.0,1.0,0.0,High,1.48
-0.9422704700364372,-1.200632730217021,0.35531906202418617,1.3265668194720175,0.9085316845702925,1.023378892695426,1.3439795650220843,-0.80520286161417,-0.9291684654932499,0.01833600095891534,-0.7092996298000055,1.6741699248476485,0.21657104684582412,0.0,1.0,0.0,1.0,0.0,0.0,0.0,0.0,0.0,1.0,0.0,0.0,Medium,2.57
-1.671581979352564,-1.200632730217021,1.577691178983151,1.6384650044384481,1.5413713076353255,1.6905903988112958,0.5604702966454319,-0.80520286161417,1.0762311003195197,0.01833600095891534,-0.7092996298000055,0.6120291294416963,1.6227349809665867,0.0,1.0,0.0,0.0,0.0,0.0,1.0,0.0,1.0,0.0,0.0,0.0,Low,3.04
0.5163525485958167,0.6342619160647225,-0.6284226416639047,-0.577653678217769,-0.3175950851182088,-0.3481114254316392,-0.2230389717312203,1.2419230577438896,-0.9291684654932499,-0.4130993157214439,0.2772088956520187,-0.8041585977662399,-0.4047572031145131,1.0,0.0,0.0,0.0,0.0,1.0,0.0,0.0,0.0,1.0,0.0,0.0,High,1.67
1.2456640579119436,0.6342619160647225,1.8650216765950194,1.6603525963659165,0.7164196561398358,1.8512153910243752,-0.2230389717312203,1.2419230577438896,-0.9291684654932499,0.9755831098434625,-1.2025538925260177,-0.09606473416227178,-0.07774233471433566,1.0,0.0,0.0,0.0,1.0,0.0,0.0,0.0,0.0,1.0,0.0,0.0,Low,2.75
-0.2129589607203102,0.6342619160647225,1.5241210862080572,1.6767682903115186,2.569735695116004,1.7523692419701726,2.1274888333987367,-0.80520286161417,-0.9291684654932499,1.9328302187280093,-1.2025538925260177,2.0282168566496326,2.2113617440869064,1.0,0.0,0.0,0.0,0.0,0.0,0.0,1.0,0.0,1.0,0.0,0.0,Low,3.23
-0.9422704700364372,-1.200632730217021,-1.4806741176313105,-1.168618660259427,-0.7526723259754186,-0.9041210138615305,0.5604702966454319,-0.80520286161417,1.0762311003195197,0.01833600095891534,-0.7092996298000055,-0.8041585977662399,-1.1568914004349211,1.0,0.0,0.0,0.0,1.0,0.0,0.0,0.0,0.0,0.0,1.0,0.0,High,0.99
-0.9422704700364372,-0.2831854070761493,-0.009931570533273424,0.5769167959562105,0.42825161349415153,-0.7805633275437769,-0.2230389717312203,-0.80520286161417,1.0762311003195197,0.01833600095891534,0.2772088956520187,0.25798219763971225,-0.7644735583547082,0.0,0.0,1.0,0.0,0.0,1.0,0.0,0.0,1.0,0.0,0.0,0.0,High,1.86
-0.9422704700364372,-1.200632730217021,0.793619821093138,0.6425795717386171,0.24178993884106165,-0.16277489595500855,0.5604702966454319,-0.80520286161417,-0.9291684654932499,0.01833600095891534,-1.2025538925260177,-0.09606473416227178,0.11846658632577067,1.0,0.0,0.0,0.0,0.0,1.0,0.0,0.0,1.0,0.0,0.0,0.0,Medium,2.19
-0.2129589607203102,0.6342619160647225,-0.925493156143972,-0.6542602499639101,-0.775273741084884,-1.4477748336596465,-0.2230389717312203,1.2419230577438896,1.0762311003195197,-1.626511143884954,0.7704631583780309,-0.09606473416227178,-1.6147122161951695,1.0,0.0,0.0,0.0,0.0,0.0,1.0,0.0,1.0,0.0,0.0,0.0,High,0.86
1.2456640579119436,1.5517092392055944,-0.13168178138575995,-0.9278551490572703,-0.6622666655375566,-1.0647460060746101,-1.0065482401078727,1.2419230577438896,-0.9291684654932499,-1.1950758272045947,0.7704631583780309,-0.8041585977662399,-1.0260854530748502,0.0,1.0,0.0,0.0,0.0,0.0,0.0,1.0,0.0,0.0,1.0,0.0,High,1.21
-0.9422704700364372,-1.200632730217021,2.3422825031367664,1.7369591681120577,1.8464904116131087,1.394051951648687,2.1274888333987367,-0.80520286161417,-0.9291684654932499,0.01833600095891534,-1.2025538925260177,-0.8041585977662399,0.6743918626060726,0.0,1.0,0.0,1.0,0.0,0.0,0.0,0.0,0.0,1.0,0.0,0.0,Low,3.31
-0.2129589607203102,0.6342619160647225,-0.18038186572675455,0.31426569282658495,-0.7413716184206861,-0.11335182142790726,0.5604702966454319,1.2419230577438896,-0.9291684654932499,0.08574776919022152,1.756971683830055,-0.45011166596425584,0.05306361264573542,1.0,0.0,0.0,0.0,1.0,0.0,0.0,0.0,0.0,0.0,1.0,0.0,High,1.71
-0.9422704700364372,-1.200632730217021,0.038768513807721186,-0.23292410536013536,-0.012475981140424763,0.04727317078517254,0.5604702966454319,-0.80520286161417,1.0762311003195197,0.01833600095891534,-1.2025538925260177,0.25798219763971225,1.1976156520463563,0.0,1.0,0.0,0.0,0.0,1.0,0.0,0.0,1.0,0.0,0.0,0.0,High,1.7
-0.2129589607203102,-1.200632730217021,1.2270505717279896,0.34162518273592096,1.287105387653839,0.07198470804872319,-1.0065482401078727,-0.80520286161417,-0.9291684654932499,0.01833600095891534,-0.2160453670739934,-0.45011166596425584,0.5435859152460015,0.0,1.0,0.0,0.0,0.0,1.0,0.0,0.0,1.0,0.0,0.0,0.0,Medium,2.27
-0.2129589607203102,-1.200632730217021,0.004678454769025167,0.00783940584202149,-0.029427042472524097,0.6156385278468389,1.3439795650220843,-0.80520286161417,-0.9291684654932499,0.01833600095891534,0.2772088956520187,0.6120291294416963,-0.6336676109946373,0.0,0.0,1.0,0.0,1.0,0.0,0.0,0.0,0.0,0.0,1.0,0.0,Medium,1.76
-1.671581979352564,-1.200632730217021,0.852059922302331,0.2267153251167096,1.2984060952085719,1.6905903988112958,-0.2230389717312203,-0.80520286161417,-0.9291684654932499,0.01833600095891534,-0.7092996298000055,0.25798219763971225,0.3146755073658773,1.0,0.0,0.0,1.0,0.0,0.0,0.0,0.0,1.0,0.0,0.0,0.0,Medium,2.68
0.5163525485958167,0.6342619160647225,-1.4514540670267138,-0.9552146389666063,-1.6793303454635025,-1.8184478926129075,-1.0065482401078727,-0.80520286161417,1.0762311003195197,-1.6669582048237377,1.756971683830055,-1.1582055295682239,-0.9606824793948148,0.0,1.0,0.0,1.0,0.0,0.0,0.0,0.0,1.0,0.0,0.0,0.0,High,0.73
1.9749755672280704,1.5517092392055944,0.628039534333756,0.8669273889951721,1.473567062306929,1.1469365790131796,-0.2230389717312203,1.2419230577438896,1.0762311003195197,1.4070184265238215,-1.2025538925260177,0.6120291294416963,-0.37205571627449546,0.0,1.0,0.0,0.0,1.0,0.0,0.0,0.0,1.0,0.0,0.0,0.0,Medium,2.67
-0.9422704700364372,-1.200632730217021,1.3488007825804762,1.8354533317856672,1.1006437130007491,0.47972507289731026,2.9109981017753888,1.2419230577438896,-0.9291684654932499,0.01833600095891534,-1.2025538925260177,-0.09606473416227178,0.478182941565966,0.0,1.0,0.0,0.0,0.0,0.0,1.0,0.0,0.0,1.0,0.0,0.0,Low,2.69
-0.9422704700364372,-0.2831854070761493,0.3601890704582857,0.5714448979743436,-0.04637810380462303,-0.33575565679986386,-1.0065482401078727,-0.80520286161417,1.0762311003195197,1.0295125244285075,-0.7092996298000055,0.6120291294416963,-0.6990705846746729,1.0,0.0,0.0,0.0,1.0,0.0,0.0,0.0,0.0,0.0,1.0,0.0,Medium,2.13
0.5163525485958167,0.6342619160647225,-0.4482323296022249,-0.5119909024353628,-1.052141076175836,-1.0276787001792842,0.5604702966454319,1.2419230577438896,-0.9291684654932499,-1.5860640829461703,1.263717421104043,-0.8041585977662399,-0.5682646373146018,0.0,1.0,0.0,0.0,0.0,0.0,1.0,0.0,1.0,0.0,0.0,0.0,High,1.16
0.5163525485958167,1.5517092392055944,-1.022893324825961,-1.0537088026402157,-1.1086446139494999,-0.311044119536313,-1.0065482401078727,-0.80520286161417,-0.9291684654932499,-0.9523934615718928,0.7704631583780309,-1.512252461370208,0.6743918626060726,1.0,0.0,0.0,0.0,0.0,0.0,1.0,0.0,0.0,0.0,1.0,0.0,High,1.4
-0.2129589607203102,0.6342619160647225,0.3407090367218879,0.5112540201738043,0.9367834534571243,0.3685231552113317,-1.0065482401078727,-0.80520286161417,1.0762311003195197,1.0564772317210298,-0.7092996298000055,0.9660760612436803,-0.1431453083943712,1.0,0.0,0.0,1.0,0.0,0.0,0.0,0.0,0.0,1.0,0.0,0.0,Medium,2.27
-0.9422704700364372,-1.200632730217021,0.511159331915369,1.1350503901066653,1.0667415903365505,0.64035006511039,0.5604702966454319,-0.80520286161417,1.0762311003195197,0.01833600095891534,-1.2025538925260177,0.25798219763971225,1.491929033606516,1.0,0.0,0.0,0.0,0.0,0.0,1.0,0.0,0.0,1.0,0.0,0.0,Medium,2.63
0.5163525485958167,0.6342619160647225,-1.3735339320811226,-1.0974839864951533,-1.905344496558157,-1.4107075277643204,-1.0065482401078727,-0.80520286161417,-0.9291684654932499,-2.1253582287966193,0.2772088956520187,-0.45011166596425584,-1.6147122161951695,1.0,0.0,0.0,0.0,0.0,0.0,0.0,1.0,0.0,0.0,1.0,0.0,High,0.58
0.5163525485958167,-0.2831854070761493,0.9202400403797237,0.8395678990858361,0.7955246090229652,0.8256865945870205,-0.2230389717312203,-0.80520286161417,1.0762311003195197,0.5845948541018869,-0.2160453670739934,-0.09606473416227178,-0.1431453083943712,0.0,1.0,0.0,0.0,1.0,0.0,0.0,0.0,1.0,0.0,0.0,0.0,Medium,2.55
1.2456640579119436,1.5517092392055944,0.7108296777134471,0.6206919798111483,0.32089489172419067,0.4550135356337596,1.3439795650220843,1.2419230577438896,-0.9291684654932499,1.2317478291224258,-0.7092996298000055,-0.8041585977662399,1.7862424151666754,0.0,1.0,0.0,0.0,0.0,1.0,0.0,0.0,1.0,0.0,0.0,0.0,Medium,2.27
0.5163525485958167,-0.2831854070761493,0.18973877526480454,-0.11254234975905673,0.6034125805925085,1.295205802594484,0.5604702966454319,1.2419230577438896,1.0762311003195197,0.7598654515032827,-0.7092996298000055,-1.1582055295682239,1.7208394414866401,1.0,0.0,0.0,0.0,0.0,1.0,0.0,0.0,1.0,0.0,0.0,0.0,Medium,2.32
0.5163525485958167,0.6342619160647225,0.13129867405561088,0.04067079373322478,0.32089489172419067,-0.18748643321855962,1.3439795650220843,-0.80520286161417,1.0762311003195197,-0.008628706333607131,0.2772088956520187,-0.8041585977662399,0.24927253368584176,0.0,1.0,0.0,0.0,0.0,0.0,1.0,0.0,1.0,0.0,0.0,0.0,Medium,1.84
-0.2129589607203102,-1.200632730217021,-0.15603182355625725,-0.9169113530935357,-0.7018191419791214,-0.644649872594248,-1.0065482401078727,1.2419230577438896,1.0762311003195197,0.01833600095891534,-0.2160453670739934,-0.8041585977662399,-0.37205571627449546,0.0,1.0,0.0,0.0,0.0,0.0,1.0,0.0,1.0,0.0,0.0,0.0,High,1.43
-0.9422704700364372,-0.2831854070761493,0.43810920540387716,0.6808828576116877,0.7842239014682323,0.4673693042655347,-0.2230389717312203,-0.80520286161417,-0.9291684654932499,0.7194183905644993,-0.7092996298000055,1.3201229930456644,0.6416903757660544,0.0,1.0,0.0,0.0,0.0,0.0,1.0,0.0,1.0,0.0,0.0,0.0,Medium,2.37
0.5163525485958167,1.5517092392055944,-0.7453028440822921,-0.8786080672204651,0.021426141523773104,-0.5705152608035956,-0.2230389717312203,1.2419230577438896,1.0762311003195197,-0.9119464006331091,2.2502259465560672,-1.512252461370208,-0.7644735583547082,0.0,1.0,0.0,1.0,0.0,0.0,0.0,0.0,0.0,0.0,1.0,0.0,High,1.3
1.2456640579119436,0.6342619160647225,0.6426495596360543,0.07350218162442808,0.1457339246258333,0.8256865945870205,-1.0065482401078727,-0.80520286161417,1.0762311003195197,0.6115595613944094,-0.2160453670739934,0.25798219763971225,0.4454814547259481,0.0,1.0,0.0,0.0,1.0,0.0,0.0,0.0,0.0,0.0,1.0,0.0,Medium,2.18
0.5163525485958167,-0.2831854070761493,1.2562706223325868,1.6275212084747137,1.010238052562887,2.2713115245047373,1.3439795650220843,-0.80520286161417,-0.9291684654932499,1.757559621326613,-1.2025538925260177,2.0282168566496326,1.7535409283266576,1.0,0.0,0.0,0.0,0.0,0.0,1.0,0.0,0.0,1.0,0.0,0.0,Low,3.24
1.9749755672280704,1.5517092392055944,0.17999875839660548,0.3799284686089915,0.40565019838468613,-0.23690950774566089,-1.0065482401078727,1.2419230577438896,-0.9291684654932499,0.5037007322243195,0.2772088956520187,0.25798219763971225,1.230317138886374,1.0,0.0,0.0,1.0,0.0,0.0,0.0,0.0,0.0,0.0,1.0,0.0,High,2.07
0.5163525485958167,1.5517092392055944,-0.38979222839303124,0.36351277466338966,-0.8995815241869441,0.14611931983937554,-1.0065482401078727,-0.80520286161417,1.0762311003195197,-0.9389111079256315,-0.7092996298000055,-0.45011166596425584,-0.6663690978346549,1.0,0.0,0.0,0.0,1.0,0.0,0.0,0.0,1.0,0.0,0.0,0.0,High,1.61
-0.9422704700364372,-0.2831854070761493,-0.41414227056352854,0.36351277466338966,-0.040727750027256586,0.31910008068423046,-0.2230389717312203,-0.80520286161417,-0.9291684654932499,-0.10300518185743578,0.7704631583780309,-0.09606473416227178,0.1511680731657886,1.0,0.0,0.0,0.0,1.0,0.0,0.0,0.0,0.0,0.0,1.0,0.0,High,1.92
0.5163525485958167,-0.2831854070761493,0.004678454769025167,1.3867576972725564,0.4565033823809833,1.2087154221720564,-0.2230389717312203,-0.80520286161417,1.0762311003195197,1.0699595853672907,-0.2160453670739934,0.25798219763971225,0.6089888889260368,0.0,1.0,0.0,0.0,0.0,1.0,0.0,0.0,0.0,1.0,0.0,0.0,Medium,2.7
-0.2129589607203102,-0.2831854070761493,0.44297921383797667,0.08991787557002953,0.05532826418797137,0.31910008068423046,-0.2230389717312203,-0.80520286161417,-0.9291684654932499,0.9890654634897235,-0.7092996298000055,-1.512252461370208,-0.01233936103430012,1.0,0.0,0.0,0.0,1.0,0.0,0.0,0.0,1.0,0.0,0.0,0.0,Medium,2.15
-0.2129589607203102,0.6342619160647225,0.8130998548295354,-0.04687957397665054,0.4113005521620526,0.43030199837020855,1.3439795650220843,-0.80520286161417,1.0762311003195197,0.6789713296257153,-0.7092996298000055,-0.09606473416227178,2.0478543098868176,1.0,0.0,0.0,1.0,0.0,0.0,0.0,0.0,0.0,0.0,1.0,0.0,Medium,2.33
0.5163525485958167,-0.2831854070761493,0.21895882586940138,0.6425795717386171,1.010238052562887,1.0728019672225277,0.5604702966454319,-0.80520286161417,-0.9291684654932499,0.490218378578058,-0.2160453670739934,0.9660760612436803,1.2630186257263916,0.0,1.0,0.0,0.0,0.0,0.0,0.0,1.0,0.0,0.0,1.0,0.0,Medium,2.37
-0.2129589607203102,-1.200632730217021,0.4332391969697776,0.730129939448492,0.8689792081287278,0.8380423632187955,-1.0065482401078727,1.2419230577438896,1.0762311003195197,0.01833600095891534,0.2772088956520187,-0.45011166596425584,0.870600783646179,1.0,0.0,0.0,0.0,0.0,0.0,1.0,0.0,0.0,0.0,1.0,0.0,Medium,2.13
0.5163525485958167,1.5517092392055944,1.9624218452770086,1.6494088004021827,1.7221826285110493,2.085974995028107,1.3439795650220843,-0.80520286161417,1.0762311003195197,1.636218438510262,-1.2025538925260177,-0.45011166596425584,1.7862424151666754,0.0,1.0,0.0,0.0,1.0,0.0,0.0,0.0,0.0,1.0,0.0,0.0,Low,3.1
1.9749755672280704,1.5517092392055944,1.2319205801620894,0.8559835930314383,0.513006920154647,0.4550135356337596,-1.0065482401078727,-0.80520286161417,-0.9291684654932499,0.6385242686869319,-0.2160453670739934,1.3201229930456644,1.1649141652063388,0.0,1.0,0.0,1.0,0.0,0.0,0.0,0.0,1.0,0.0,0.0,0.0,Medium,2.63
1.9749755672280704,1.5517092392055944,0.8082298463954363,-0.6870916378551131,0.14008357084846684,0.20789816299825234,0.5604702966454319,-0.80520286161417,1.0762311003195197,0.2340536592990948,-1.2025538925260177,0.6120291294416963,1.8189439020066935,0.0,1.0,0.0,1.0,0.0,0.0,0.0,0.0,1.0,0.0,0.0,0.0,Medium,1.95
1.2456640579119436,1.5517092392055944,-1.8897548260956654,-0.9442708430028717,-2.447778459185328,-2.213832488829719,-1.0065482401078727,1.2419230577438896,1.0762311003195197,-1.7478523267013049,-0.2160453670739934,-1.1582055295682239,-2.0398315451154003,0.0,1.0,0.0,0.0,1.0,0.0,0.0,0.0,1.0,0.0,0.0,0.0,High,0.55
0.5163525485958167,0.6342619160647225,0.5549894078222641,0.48389453026446827,0.4904055050451816,-0.4716691117493928,0.5604702966454319,1.2419230577438896,-0.9291684654932499,0.2610183665916173,-0.7092996298000055,0.6120291294416963,0.7070933494460903,0.0,1.0,0.0,0.0,0.0,0.0,0.0,1.0,0.0,0.0,1.0,0.0,Medium,2.15
-0.2129589607203102,0.6342619160647225,-0.5164124476796172,-0.9333270470391372,-1.3742112414857186,-0.5458037235400449,-1.0065482401078727,-0.80520286161417,-0.9291684654932499,0.16664189106778893,-0.2160453670739934,0.6120291294416963,-1.9744285714353647,1.0,0.0,0.0,0.0,0.0,1.0,0.0,0.0,0.0,0.0,1.0,0.0,High,1.5
1.2456640579119436,0.6342619160647225,0.42836918853567807,0.5659729999924763,-0.6057631277638931,-0.28633258227276237,-0.2230389717312203,-0.80520286161417,1.0762311003195197,0.6520066223331928,-0.2160453670739934,-0.8041585977662399,0.870600783646179,1.0,0.0,0.0,0.0,0.0,1.0,0.0,0.0,0.0,0.0,1.0,0.0,Medium,2.11
0.5163525485958167,-0.2831854070761493,0.150778707792009,0.4893664282463356,0.3152445379468242,0.7886192886916943,-0.2230389717312203,-0.80520286161417,1.0762311003195197,0.9755831098434625,0.2772088956520187,1.3201229930456644,0.7397948362861079,0.0,1.0,0.0,0.0,0.0,1.0,0.0,0.0,0.0,0.0,1.0,0.0,Medium,2.27
0.5163525485958167,-0.2831854070761493,-1.1300335103761494,-0.33141826903374483,-0.3514972077824066,-1.126524849233487,-1.0065482401078727,-0.80520286161417,-0.9291684654932499,-0.8175699251092804,-0.2160453670739934,0.6120291294416963,-0.7644735583547082,1.0,0.0,0.0,0.0,0.0,1.0,0.0,0.0,1.0,0.0,0.0,0.0,High,1.4
-0.2129589607203102,-1.200632730217021,0.23843885960579916,0.730129939448492,0.11183180196163502,0.07198470804872319,-0.2230389717312203,-0.80520286161417,1.0762311003195197,0.01833600095891534,0.7704631583780309,-0.09606473416227178,-1.4512047819950809,0.0,1.0,0.0,0.0,0.0,0.0,0.0,1.0,0.0,1.0,0.0,0.0,Medium,1.99
-0.2129589607203102,0.6342619160647225,2.0744320392612963,1.9065880055499407,2.3493718977987155,1.4434750261757887,0.5604702966454319,-0.80520286161417,-0.9291684654932499,2.0406890478980992,-1.2025538925260177,0.25798219763971225,1.491929033606516,1.0,0.0,0.0,0.0,1.0,0.0,0.0,0.0,0.0,1.0,0.0,0.0,Low,3.56
-0.9422704700364372,-1.200632730217021,0.8471899138682318,0.13916495740683427,0.8633288543513618,1.2581384966991582,0.5604702966454319,1.2419230577438896,-0.9291684654932499,0.01833600095891534,-1.2025538925260177,0.6120291294416963,0.7397948362861079,0.0,1.0,0.0,0.0,1.0,0.0,0.0,0.0,0.0,1.0,0.0,0.0,Medium,2.36
-0.9422704700364372,-1.200632730217021,0.20921880900120232,-0.019520084067314526,-0.09723128780092023,-0.28633258227276237,-1.0065482401078727,-0.80520286161417,1.0762311003195197,0.01833600095891534,0.2772088956520187,1.6741699248476485,-0.01233936103430012,0.0,1.0,0.0,0.0,1.0,0.0,0.0,0.0,1.0,0.0,0.0,0.0,Medium,1.74
1.2456640579119436,0.6342619160647225,-0.6771227260048994,-1.3874945795341151,-0.12548305668775206,-0.5334479549082697,0.5604702966454319,1.2419230577438896,-0.9291684654932499,-0.6827463886466684,-0.7092996298000055,-1.1582055295682239,-1.058786939914868,1.0,0.0,0.0,0.0,1.0,0.0,0.0,0.0,0.0,0.0,1.0,0.0,High,1.5
-0.2129589607203102,-0.2831854070761493,1.5095110609057583,1.561858432692307,1.9481967796057038,1.3446288771215857,1.3439795650220843,-0.80520286161417,-0.9291684654932499,1.3126419509999931,-0.7092996298000055,0.25798219763971225,0.5435859152460015,1.0,0.0,0.0,0.0,1.0,0.0,0.0,0.0,1.0,0.0,0.0,0.0,Low,2.77
-0.9422704700364372,-1.200632730217021,1.9965119043157042,2.278677068316911,1.8860428880546733,2.110686532291658,0.5604702966454319,-0.80520286161417,-0.9291684654932499,0.01833600095891534,-1.2025538925260177,0.25798219763971225,1.459227546766498,1.0,0.0,0.0,0.0,0.0,1.0,0.0,0.0,0.0,1.0,0.0,0.0,Low,3.49
-0.2129589607203102,0.6342619160647225,-1.3297038561742272,-1.6939208665186785,-1.5380715010293433,-0.7805633275437769,-1.0065482401078727,1.2419230577438896,-0.9291684654932499,-1.5456170220073866,-0.2160453670739934,-0.09606473416227178,-1.549309242515134,1.0,0.0,0.0,0.0,0.0,0.0,1.0,0.0,1.0,0.0,0.0,0.0,High,0.71
1.9749755672280704,1.5517092392055944,1.2270505717279896,0.8997587768863757,0.840727439241896,1.0851577358543028,0.5604702966454319,1.2419230577438896,-0.9291684654932499,1.9732772796667928,-1.2025538925260177,0.6120291294416963,1.5246305204465338,1.0,0.0,0.0,0.0,0.0,1.0,0.0,0.0,1.0,0.0,0.0,0.0,Low,3.05
-0.9422704700364372,-1.200632730217021,1.9380718031065114,0.8778711849589067,0.49605585882254805,0.31910008068423046,0.5604702966454319,-0.80520286161417,1.0762311003195197,0.01833600095891534,-0.7092996298000055,1.3201229930456644,1.00140673100625,0.0,1.0,0.0,1.0,0.0,0.0,0.0,0.0,1.0,0.0,0.0,0.0,Low,2.66
-1.671581979352564,-1.200632730217021,-0.14142179825395867,-0.3861372488524169,-0.23849013223507934,-0.33575565679986386,0.5604702966454319,1.2419230577438896,-0.9291684654932499,0.01833600095891534,0.2772088956520187,-0.45011166596425584,-1.3203988346350097,0.0,1.0,0.0,0.0,0.0,1.0,0.0,0.0,1.0,0.0,0.0,0.0,High,1.53
0.5163525485958167,-0.2831854070761493,0.17999875839660548,0.29784999888098346,-0.35714756155977306,0.10905201394404936,-1.0065482401078727,-0.80520286161417,1.0762311003195197,0.32843013482292377,0.2772088956520187,-0.8041585977662399,0.24927253368584176,0.0,1.0,0.0,1.0,0.0,0.0,0.0,0.0,0.0,1.0,0.0,0.0,High,1.93
-0.2129589607203102,0.6342619160647225,1.3682808163168743,1.1186346961610638,1.0667415903365505,0.022561633521621906,-0.2230389717312203,-0.80520286161417,1.0762311003195197,1.2452301827686867,-1.2025538925260177,0.6120291294416963,1.3611230862464452,0.0,1.0,0.0,1.0,0.0,0.0,0.0,0.0,1.0,0.0,0.0,0.0,Medium,2.77
0.5163525485958167,1.5517092392055944,-0.375182203090733,-0.05782336994038471,-0.19328730201614858,-0.6817171784895739,1.3439795650220843,1.2419230577438896,-0.9291684654932499,-0.5883699131228397,-0.2160453670739934,-0.09606473416227178,0.8051978099661431,0.0,1.0,0.0,0.0,0.0,1.0,0.0,0.0,0.0,0.0,1.0,0.0,High,1.65
-1.671581979352564,-1.200632730217021,-1.9676749610412565,-1.382022681552248,-2.6285897800610516,-1.1883036923923638,-1.0065482401078727,1.2419230577438896,-0.9291684654932499,0.01833600095891534,2.2502259465560672,-1.512252461370208,-0.9279809925547969,1.0,0.0,0.0,0.0,0.0,1.0,0.0,0.0,0.0,0.0,1.0,0.0,High,0.3
0.5163525485958167,0.6342619160647225,0.4088891547992803,0.7246580414666252,-0.30064402378610944,0.28203277478890426,0.5604702966454319,-0.80520286161417,1.0762311003195197,0.7194183905644993,-0.2160453670739934,-0.8041585977662399,-0.3393542294344775,0.0,1.0,0.0,0.0,0.0,0.0,0.0,1.0,1.0,0.0,0.0,0.0,Medium,2.19
-1.671581979352564,-1.200632730217021,1.577691178983151,1.2937354315808145,1.4057628169785323,1.1963596535402814,0.5604702966454319,1.2419230577438896,-0.9291684654932499,0.01833600095891534,-1.2025538925260177,2.7363107202536003,2.4075706651270123,1.0,0.0,0.0,0.0,1.0,0.0,0.0,0.0,0.0,0.0,1.0,0.0,Low,2.82
0.5163525485958167,-0.2831854070761493,0.46245924757437445,1.0201405324874544,0.42825161349415153,0.232609700261803,0.5604702966454319,1.2419230577438896,-0.9291684654932499,0.6654889759794543,-0.2160453670739934,0.9660760612436803,-0.47016017679454863,1.0,0.0,0.0,0.0,0.0,0.0,1.0,0.0,0.0,1.0,0.0,0.0,Medium,2.17
1.2456640579119436,1.5517092392055944,-0.38005221152483254,0.47295073430073375,-0.32324543889557483,0.8503981318505711,-1.0065482401078727,-0.80520286161417,1.0762311003195197,-0.04907576727239084,-1.2025538925260177,-1.1582055295682239,-0.04504084787431804,1.0,0.0,0.0,0.0,0.0,1.0,0.0,0.0,1.0,0.0,0.0,0.0,High,1.8
-1.671581979352564,-1.200632730217021,-0.23882196693594787,0.29784999888098346,-0.4193014531108032,0.022561633521621906,-1.0065482401078727,-0.80520286161417,1.0762311003195197,0.01833600095891534,0.2772088956520187,0.25798219763971225,0.24927253368584176,1.0,0.0,0.0,0.0,1.0,0.0,0.0,0.0,1.0,0.0,0.0,0.0,High,1.73
-1.671581979352564,-1.200632730217021,0.004678454769025167,1.200713165889072,0.8746295619060946,1.7153019360748465,2.1274888333987367,-0.80520286161417,1.0762311003195197,0.01833600095891534,-0.7092996298000055,-0.45011166596425584,2.0478543098868176,0.0,1.0,0.0,0.0,0.0,0.0,1.0,0.0,0.0,0.0,1.0,0.0,Low,2.75
-0.2129589607203102,-0.2831854070761493,1.0858203271391056,0.8395678990858361,0.4113005521620526,0.5538596846879622,-1.0065482401078727,-0.80520286161417,-0.9291684654932499,1.851936096850442,-1.2025538925260177,1.3201229930456644,2.2113617440869064,0.0,1.0,0.0,0.0,0.0,0.0,0.0,1.0,1.0,0.0,0.0,0.0,Low,2.68
-0.2129589607203102,0.6342619160647225,0.23843885960579916,0.6042762858655465,0.6825175334756379,0.5909269905832883,1.3439795650220843,1.2419230577438896,-0.9291684654932499,0.9890654634897235,-0.7092996298000055,1.6741699248476485,1.6881379546466224,1.0,0.0,0.0,0.0,1.0,0.0,0.0,0.0,1.0,0.0,0.0,0.0,Medium,2.44
1.9749755672280704,1.5517092392055944,0.3455790451559874,-0.32594637105187796,-0.023776688695157654,-0.2616210450092115,0.5604702966454319,-0.80520286161417,-0.9291684654932499,0.16664189106778893,0.2772088956520187,-0.09606473416227178,-0.01233936103430012,1.0,0.0,0.0,1.0,0.0,0.0,0.0,0.0,0.0,0.0,1.0,0.0,High,1.8
0.5163525485958167,1.5517092392055944,1.5289910946421563,1.4414766770912284,1.2249514961028085,1.4681865634393392,2.9109981017753888,1.2419230577438896,1.0762311003195197,1.6092537312177397,-1.2025538925260177,1.6741699248476485,1.6227349809665867,0.0,1.0,0.0,0.0,0.0,0.0,1.0,0.0,0.0,1.0,0.0,0.0,Low,3.13
-0.9422704700364372,-1.200632730217021,-1.1251635019420498,-0.41896863674362017,-0.679217726869656,-0.8299864020708784,-1.0065482401078727,-0.80520286161417,-0.9291684654932499,0.01833600095891534,1.263717421104043,-1.1582055295682239,-0.47016017679454863,0.0,1.0,0.0,0.0,0.0,1.0,0.0,0.0,0.0,0.0,1.0,0.0,High,1.22
-1.671581979352564,-1.200632730217021,-0.2339519585018487,-0.04687957397665054,-0.3514972077824066,-0.7929190961755522,0.5604702966454319,1.2419230577438896,-0.9291684654932499,0.01833600095891534,2.2502259465560672,-0.8041585977662399,-0.9279809925547969,1.0,0.0,0.0,0.0,1.0,0.0,0.0,0.0,0.0,0.0,1.0,0.0,High,1.59
-0.2129589607203102,0.6342619160647225,-0.9839332573531656,-0.6378445560183083,-0.1424341180198514,-0.6322941039624724,-0.2230389717312203,1.2419230577438896,-0.9291684654932499,-0.5209581448915335,-0.2160453670739934,-0.09606473416227178,-0.47016017679454863,1.0,0.0,0.0,0.0,0.0,1.0,0.0,0.0,0.0,0.0,1.0,0.0,High,1.28
-1.671581979352564,-1.200632730217021,1.4072408837896697,0.9490058587231801,0.6203636419246082,0.5167923787926364,0.5604702966454319,1.2419230577438896,1.0762311003195197,0.01833600095891534,0.2772088956520187,-0.09606473416227178,2.0151528230468,0.0,1.0,0.0,0.0,1.0,0.0,0.0,0.0,1.0,0.0,0.0,0.0,Medium,2.45
0.5163525485958167,1.5517092392055944,0.14590869935790945,0.10633356951563137,-0.5888120664317941,0.034917402153397004,-0.2230389717312203,1.2419230577438896,1.0762311003195197,0.11271247648274399,-0.2160453670739934,0.25798219763971225,0.5435859152460015,0.0,1.0,0.0,0.0,0.0,0.0,1.0,0.0,1.0,0.0,0.0,0.0,Medium,1.95
1.2456640579119436,0.6342619160647225,-0.8670530549347787,-0.24386790132386993,0.5582097503735778,0.5291481474244115,-0.2230389717312203,1.2419230577438896,-0.9291684654932499,0.38235954940796874,2.2502259465560672,0.9660760612436803,1.3611230862464452,1.0,0.0,0.0,0.0,1.0,0.0,0.0,0.0,0.0,1.0,0.0,0.0,High,1.91
-0.2129589607203102,-1.200632730217021,-0.735562827214093,-0.5338784943628315,-0.6227141890959924,-1.5589767513456245,-0.2230389717312203,-0.80520286161417,-0.9291684654932499,0.01833600095891534,1.756971683830055,-0.45011166596425584,-1.3858018083150454,0.0,1.0,0.0,0.0,0.0,1.0,0.0,0.0,1.0,0.0,0.0,0.0,High,1.09
1.9749755672280704,1.5517092392055944,-0.9595832151826683,-0.6652040459276443,-1.221651689496827,-0.6322941039624724,-1.0065482401078727,1.2419230577438896,-0.9291684654932499,-0.6827463886466684,0.2772088956520187,-0.8041585977662399,-0.9279809925547969,1.0,0.0,0.0,1.0,0.0,0.0,0.0,0.0,0.0,1.0,0.0,0.0,High,1.27
-1.671581979352564,-1.200632730217021,-2.0504651044209474,-1.7650555402829522,-1.6341275152445716,-1.1018133119699363,-1.0065482401078727,1.2419230577438896,-0.9291684654932499,0.01833600095891534,0.2772088956520187,-1.1582055295682239,-1.2876973477949922,0.0,1.0,0.0,0.0,0.0,0.0,1.0,0.0,1.0,0.0,0.0,0.0,High,0.69
0.5163525485958167,-0.2831854070761493,0.2822689355126942,0.67541095962982,0.9876366374534219,0.41794622973843343,-1.0065482401078727,-0.80520286161417,-0.9291684654932499,0.1936065983603114,-1.2025538925260177,0.6120291294416963,0.9360037573262142,1.0,0.0,0.0,0.0,0.0,0.0,1.0,0.0,0.0,0.0,1.0,0.0,Medium,2.07
-0.2129589607203102,-0.2831854070761493,-0.4190122789976281,-0.14537373765026004,0.3999998446073197,-0.6570056412260232,2.1274888333987367,-0.80520286161417,-0.9291684654932499,-0.3322051938438765,0.2772088956520187,-0.8041585977662399,-0.4047572031145131,0.0,1.0,0.0,0.0,0.0,0.0,1.0,0.0,0.0,0.0,1.0,0.0,High,1.77
-0.9422704700364372,-0.2831854070761493,-1.0569833838646576,-0.6378445560183083,-0.7357212646433197,-0.409890268590516,-0.2230389717312203,1.2419230577438896,1.0762311003195197,-0.9119464006331091,1.756971683830055,-0.8041585977662399,-0.20854828207440673,0.0,1.0,0.0,0.0,0.0,1.0,0.0,0.0,0.0,0.0,1.0,0.0,High,1.28
-0.2129589607203102,0.6342619160647225,1.0127702006276138,1.3703420033269549,2.0838052702624963,1.1222250417496291,1.3439795650220843,-0.80520286161417,1.0762311003195197,2.26988905988454,-1.2025538925260177,1.6741699248476485,1.949749849366764,1.0,0.0,0.0,1.0,0.0,0.0,0.0,0.0,0.0,1.0,0.0,0.0,Low,3.17
0.5163525485958167,0.6342619160647225,1.5046410524716591,1.3156230235082829,0.37174807572048785,0.9121769750094479,-1.0065482401078727,-0.80520286161417,1.0762311003195197,0.8677242806733726,-0.2160453670739934,1.3201229930456644,-0.07774233471433566,0.0,1.0,0.0,0.0,1.0,0.0,0.0,0.0,0.0,0.0,1.0,0.0,Medium,2.52
1.2456640579119436,1.5517092392055944,0.8277098801318337,0.9873091445962507,0.818126024132431,0.31910008068423046,1.3439795650220843,-0.80520286161417,1.0762311003195197,1.2991595973537315,-0.2160453670739934,0.25798219763971225,1.2630186257263916,1.0,0.0,0.0,0.0,1.0,0.0,0.0,0.0,1.0,0.0,0.0,0.0,Low,2.6
0.5163525485958167,1.5517092392055944,1.5046410524716591,1.5782741266379086,1.5018188311937608,0.7391962141645926,0.5604702966454319,-0.80520286161417,-0.9291684654932499,2.539536132809764,-1.2025538925260177,2.3822637884516165,2.1786602572468885,0.0,1.0,0.0,0.0,0.0,1.0,0.0,0.0,1.0,0.0,0.0,0.0,Low,3.45
0.5163525485958167,-0.2831854070761493,1.0419902512322103,1.529027044801104,1.5187698925258597,1.295205802594484,0.5604702966454319,-0.80520286161417,-0.9291684654932499,1.4879125484013889,-0.2160453670739934,0.25798219763971225,1.4265260599264804,1.0,0.0,0.0,0.0,0.0,0.0,1.0,0.0,0.0,1.0,0.0,0.0,Medium,2.94
-0.2129589607203102,-1.200632730217021,1.0419902512322103,0.8395678990858361,1.3944621094237994,0.04727317078517254,-0.2230389717312203,-0.80520286161417,-0.9291684654932499,0.01833600095891534,0.2772088956520187,0.25798219763971225,-0.6009661241546194,1.0,0.0,0.0,0.0,0.0,0.0,1.0,0.0,1.0,0.0,0.0,0.0,Medium,2.29
0.5163525485958167,0.6342619160647225,-0.39466223682713075,0.5003102242100698,0.17963604729003155,0.05962893941694764,-0.2230389717312203,1.2419230577438896,1.0762311003195197,-0.12996988914995797,-0.7092996298000055,0.6120291294416963,-0.11044382155435328,1.0,0.0,0.0,0.0,1.0,0.0,0.0,0.0,1.0,0.0,0.0,0.0,High,1.84
1.9749755672280704,1.5517092392055944,-1.0277633332600606,-1.4805168452258577,-1.4759176094783133,-0.5210921862764943,-0.2230389717312203,-0.80520286161417,-0.9291684654932499,-1.3838287782522516,1.263717421104043,-1.1582055295682239,-0.6336676109946373,0.0,1.0,0.0,0.0,0.0,0.0,0.0,1.0,0.0,0.0,1.0,0.0,High,0.78
0.5163525485958167,-0.2831854070761493,1.5630811536808527,2.251317578407575,1.0836926516686494,2.5802057402991214,1.3439795650220843,-0.80520286161417,-0.9291684654932499,1.8654184504967029,-1.2025538925260177,0.25798219763971225,0.9360037573262142,1.0,0.0,0.0,0.0,0.0,0.0,0.0,1.0,0.0,1.0,0.0,0.0,Low,2.99
0.5163525485958167,-0.2831854070761493,-2.035855079118649,-1.80883072413789,-1.0182389535116378,-1.7319575121904798,-1.0065482401078727,1.2419230577438896,-0.9291684654932499,-2.3680405944293215,0.2772088956520187,-1.512252461370208,-0.9606824793948148,1.0,0.0,0.0,0.0,0.0,1.0,0.0,0.0,0.0,0.0,1.0,0.0,High,0.32
-0.9422704700364372,-0.2831854070761493,-1.548854235708703,-1.3163599057698416,-0.8600290477453795,-0.5952267980671464,-1.0065482401078727,1.2419230577438896,-0.9291684654932499,-1.4916876074223415,-0.7092996298000055,-1.1582055295682239,-0.47016017679454863,1.0,0.0,0.0,1.0,0.0,0.0,0.0,0.0,0.0,0.0,1.0,0.0,High,0.99
-0.2129589607203102,-1.200632730217021,0.8666699476046299,0.8669273889951721,1.2136507885480765,1.2087154221720564,1.3439795650220843,-0.80520286161417,1.0762311003195197,0.01833600095891534,-1.2025538925260177,0.6120291294416963,1.00140673100625,0.0,1.0,0.0,0.0,1.0,0.0,0.0,0.0,0.0,1.0,0.0,0.0,Medium,2.74
0.5163525485958167,0.6342619160647225,-0.691732751307198,-1.0865401905314191,-0.8430779864132805,-0.8917652452297552,-0.2230389717312203,-0.80520286161417,1.0762311003195197,-0.6422993277078847,-0.2160453670739934,-0.45011166596425584,-0.5682646373146018,0.0,1.0,0.0,0.0,0.0,0.0,0.0,1.0,0.0,0.0,1.0,0.0,High,1.43
0.5163525485958167,-0.2831854070761493,-0.9206231477098724,-1.682977070554944,-0.8713297553001124,-1.9543613475624364,-1.0065482401078727,1.2419230577438896,-0.9291684654932499,-0.9523934615718928,0.2772088956520187,-0.45011166596425584,-0.7317720715146905,0.0,1.0,0.0,0.0,0.0,1.0,0.0,0.0,0.0,0.0,1.0,0.0,High,0.88
1.2456640579119436,0.6342619160647225,1.0468602596663095,1.5728022286560415,0.7955246090229652,2.0489076891327813,-1.0065482401078727,1.2419230577438896,1.0762311003195197,1.4205007801700824,-1.2025538925260177,0.6120291294416963,1.1322126783663204,1.0,0.0,0.0,0.0,1.0,0.0,0.0,0.0,1.0,0.0,0.0,0.0,Medium,2.78
0.5163525485958167,1.5517092392055944,0.7449197367521434,1.507139452873635,0.8746295619060946,0.18318662573470126,2.1274888333987367,-0.80520286161417,-0.9291684654932499,0.9890654634897235,-0.2160453670739934,0.6120291294416963,-0.20854828207440673,0.0,0.0,1.0,0.0,1.0,0.0,0.0,0.0,0.0,0.0,1.0,0.0,Medium,2.43
1.2456640579119436,1.5517092392055944,-0.26804201754054474,-1.2397533340237006,-1.1425467366136977,0.05962893941694764,-1.0065482401078727,-0.80520286161417,-0.9291684654932499,-1.087216998034505,2.743480209282079,0.25798219763971225,-0.797175045194726,0.0,1.0,0.0,0.0,1.0,0.0,0.0,0.0,0.0,0.0,1.0,0.0,High,0.85
-0.9422704700364372,-0.2831854070761493,-1.0910734429033537,-0.8184171894199262,-0.617063835318626,-0.19984220185033472,1.3439795650220843,1.2419230577438896,-0.9291684654932499,-0.6153346204153621,0.7704631583780309,-0.8041585977662399,-0.3393542294344775,1.0,0.0,0.0,1.0,0.0,0.0,0.0,0.0,1.0,0.0,0.0,0.0,High,1.36
-0.9422704700364372,-0.2831854070761493,-1.0764634176010552,-0.7855858015287229,-1.3346587650441541,-1.5466209827138493,-0.2230389717312203,1.2419230577438896,1.0762311003195197,-1.3433817173134683,0.2772088956520187,-1.1582055295682239,0.020362125805717505,1.0,0.0,0.0,0.0,0.0,0.0,1.0,0.0,1.0,0.0,0.0,0.0,High,1.07
0.5163525485958167,0.6342619160647225,0.6864796355429497,1.0037248385418522,-0.509707113548665,1.1222250417496291,-0.2230389717312203,-0.80520286161417,1.0762311003195197,0.9755831098434625,-0.2160453670739934,0.9660760612436803,1.3284215994064275,0.0,1.0,0.0,0.0,0.0,1.0,0.0,0.0,1.0,0.0,0.0,0.0,Medium,2.38
1.2456640579119436,0.6342619160647225,-1.2663937465309343,-0.544822290326566,-1.0012878921795385,0.1955423943664768,-1.0065482401078727,1.2419230577438896,-0.9291684654932499,-0.9389111079256315,0.2772088956520187,-0.45011166596425584,-0.01233936103430012,0.0,1.0,0.0,0.0,0.0,0.0,1.0,0.0,0.0,0.0,1.0,0.0,High,1.13
0.5163525485958167,-0.2831854070761493,-1.5098941682359073,-1.6392018867000064,-1.9618480343318205,-0.8176306334391028,-1.0065482401078727,1.2419230577438896,1.0762311003195197,-2.044464106919052,0.7704631583780309,-1.1582055295682239,-2.0398315451154003,1.0,0.0,0.0,0.0,0.0,0.0,0.0,1.0,1.0,0.0,0.0,0.0,High,0.48
1.2456640579119436,1.5517092392055944,-0.2096019163313514,-0.24386790132386993,-0.1311334104651185,-0.28633258227276237,-0.2230389717312203,1.2419230577438896,-0.9291684654932499,-0.008628706333607131,-0.7092996298000055,0.9660760612436803,-0.24124976891442437,1.0,0.0,0.0,1.0,0.0,0.0,0.0,0.0,1.0,0.0,0.0,0.0,High,1.76
-1.671581979352564,-1.200632730217021,-0.7940029284232867,-0.41896863674362017,-0.3345461464503077,-0.6940729471213493,-1.0065482401078727,1.2419230577438896,-0.9291684654932499,0.01833600095891534,-0.7092996298000055,1.3201229930456644,1.0668097046862852,0.0,1.0,0.0,0.0,0.0,0.0,1.0,0.0,0.0,0.0,1.0,0.0,High,1.57
1.2456640579119436,1.5517092392055944,0.6036894921632587,-0.8457766793292623,0.8463777930192629,0.09669624531227382,-0.2230389717312203,1.2419230577438896,1.0762311003195197,-0.06255812091865208,0.2772088956520187,-0.8041585977662399,-0.4374586899545307,1.0,0.0,0.0,0.0,1.0,0.0,0.0,0.0,0.0,0.0,1.0,0.0,Medium,1.87
-0.2129589607203102,-1.200632730217021,-0.5553725151524128,-1.354663191642912,-0.758322679752785,-0.990611394283958,-1.0065482401078727,-0.80520286161417,1.0762311003195197,0.01833600095891534,0.7704631583780309,-1.512252461370208,-1.2876973477949922,1.0,0.0,0.0,0.0,0.0,1.0,0.0,0.0,1.0,0.0,0.0,0.0,High,1.18
-0.2129589607203102,-1.200632730217021,0.004678454769025167,0.5550292040287418,0.32089489172419067,0.7639077514281437,-1.0065482401078727,-0.80520286161417,1.0762311003195197,0.01833600095891534,1.756971683830055,0.6120291294416963,-0.01233936103430012,1.0,0.0,0.0,0.0,0.0,0.0,0.0,1.0,1.0,0.0,0.0,0.0,High,1.92
-0.9422704700364372,-0.2831854070761493,0.3114889861172911,1.310151125526416,1.0215387601176198,1.1716481162767303,2.9109981017753888,1.2419230577438896,1.0762311003195197,1.3935360728775605,-1.2025538925260177,0.6120291294416963,2.0478543098868176,1.0,0.0,0.0,1.0,0.0,0.0,0.0,0.0,0.0,0.0,1.0,0.0,Medium,2.75
-1.671581979352564,-1.200632730217021,0.7449197367521434,1.0201405324874544,0.840727439241896,-0.3851787313269652,1.3439795650220843,-0.80520286161417,-0.9291684654932499,0.01833600095891534,-1.2025538925260177,1.3201229930456644,-0.01233936103430012,1.0,0.0,0.0,0.0,0.0,0.0,1.0,0.0,1.0,0.0,0.0,0.0,Medium,2.17
-0.2129589607203102,-1.200632730217021,1.5387311115103555,1.7752624539851283,1.7278329822884153,1.7647250106019483,1.3439795650220843,-0.80520286161417,1.0762311003195197,0.01833600095891534,-0.7092996298000055,1.3201229930456644,1.7535409283266576,1.0,0.0,0.0,0.0,0.0,0.0,0.0,1.0,0.0,1.0,0.0,0.0,Low,2.95
-1.671581979352564,-1.200632730217021,0.0874685981487158,-1.3710788855885137,-0.37974897666923846,-0.6075825666989217,1.3439795650220843,-0.80520286161417,1.0762311003195197,0.01833600095891534,-0.2160453670739934,-0.09606473416227178,-0.17584679523438881,0.0,1.0,0.0,0.0,0.0,1.0,0.0,0.0,0.0,0.0,1.0,0.0,High,1.23
-0.9422704700364372,-0.2831854070761493,0.7010896608452479,0.18841203924363942,0.7220700099172026,0.022561633521621906,-1.0065482401078727,1.2419230577438896,-0.9291684654932499,0.08574776919022152,0.2772088956520187,0.6120291294416963,-0.8952795057147792,1.0,0.0,0.0,1.0,0.0,0.0,0.0,0.0,1.0,0.0,0.0,0.0,Medium,2.16
-0.2129589607203102,0.6342619160647225,-1.6803444634293885,-1.278056619896771,-2.8263521622688748,-1.6207555945045014,-1.0065482401078727,1.2419230577438896,-0.9291684654932499,-2.044464106919052,1.263717421104043,-1.512252461370208,-1.516607755675116,0.0,1.0,0.0,0.0,0.0,1.0,0.0,0.0,0.0,0.0,1.0,0.0,High,0.4
-0.9422704700364372,-1.200632730217021,-1.6170343537860956,-0.5940693721633709,-0.23849013223507934,-0.6075825666989217,-1.0065482401078727,-0.80520286161417,1.0762311003195197,0.01833600095891534,0.2772088956520187,-0.8041585977662399,-1.3858018083150454,1.0,0.0,0.0,0.0,0.0,1.0,0.0,0.0,1.0,0.0,0.0,0.0,High,0.81
0.5163525485958167,0.6342619160647225,-0.24369197537004741,0.07350218162442808,0.2756920615052595,0.034917402153397004,1.3439795650220843,-0.80520286161417,-0.9291684654932499,-0.547922852184056,0.2772088956520187,0.6120291294416963,0.05306361264573542,0.0,1.0,0.0,0.0,1.0,0.0,0.0,0.0,1.0,0.0,0.0,0.0,High,1.75
1.2456640579119436,1.5517092392055944,-1.0472433669964585,-0.6487883519820429,-0.4532035757750014,-0.9288325511250811,2.1274888333987367,-0.80520286161417,-0.9291684654932499,-1.087216998034505,0.7704631583780309,-0.09606473416227178,0.6743918626060726,1.0,0.0,0.0,0.0,1.0,0.0,0.0,0.0,0.0,0.0,1.0,0.0,High,1.34
-1.671581979352564,-1.200632730217021,1.986771887447506,0.9380620627594464,0.7220700099172026,0.022561633521621906,-0.2230389717312203,1.2419230577438896,1.0762311003195197,0.01833600095891534,-0.7092996298000055,1.3201229930456644,1.00140673100625,0.0,1.0,0.0,0.0,0.0,0.0,0.0,1.0,0.0,1.0,0.0,0.0,Low,2.59
-0.2129589607203102,-1.200632730217021,-0.38979222839303124,-0.5831255761996362,-0.012475981140424763,-0.7929190961755522,-1.0065482401078727,1.2419230577438896,1.0762311003195197,0.01833600095891534,0.7704631583780309,-0.8041585977662399,-0.6990705846746729,0.0,1.0,0.0,0.0,1.0,0.0,0.0,0.0,1.0,0.0,0.0,0.0,High,1.52
1.9749755672280704,1.5517092392055944,0.16051872466020772,0.4620069383369996,0.10618144818426857,-0.409890268590516,-1.0065482401078727,-0.80520286161417,1.0762311003195197,0.6924536832719769,-0.2160453670739934,-0.45011166596425584,2.0478543098868176,0.0,1.0,0.0,1.0,0.0,0.0,0.0,0.0,0.0,0.0,1.0,0.0,Medium,2.12
1.2456640579119436,1.5517092392055944,1.4169809006578689,1.6658244943477842,1.2475529112122743,0.9616000495365492,0.5604702966454319,-0.80520286161417,1.0762311003195197,1.5013949020476498,-0.7092996298000055,1.6741699248476485,-0.01233936103430012,1.0,0.0,0.0,1.0,0.0,0.0,0.0,0.0,0.0,0.0,1.0,0.0,Low,2.63
-0.9422704700364372,-0.2831854070761493,0.18973877526480454,-0.605013168127105,-1.2612041659383915,0.22025393163002746,-1.0065482401078727,1.2419230577438896,-0.9291684654932499,0.01833600095891534,0.7704631583780309,-0.09606473416227178,-1.4512047819950809,1.0,0.0,0.0,0.0,0.0,0.0,1.0,0.0,0.0,0.0,1.0,0.0,High,1.87
0.5163525485958167,0.6342619160647225,1.7091814067038364,1.7479029640757922,2.57538604889337,0.8256865945870205,2.9109981017753888,-0.80520286161417,1.0762311003195197,2.215959645299495,-1.2025538925260177,-0.09606473416227178,2.4075706651270123,0.0,1.0,0.0,0.0,0.0,0.0,0.0,1.0,0.0,1.0,0.0,0.0,Low,3.28
-0.2129589607203102,-1.200632730217021,0.5501193993881646,0.33615328475405365,-0.36844826911450596,0.26967700615712914,1.3439795650220843,1.2419230577438896,-0.9291684654932499,0.01833600095891534,1.756971683830055,-0.45011166596425584,0.24927253368584176,1.0,0.0,0.0,0.0,1.0,0.0,0.0,0.0,1.0,0.0,0.0,0.0,High,1.88
-0.2129589607203102,-0.2831854070761493,-0.15603182355625725,0.14463685538870155,0.010125433969040615,-0.05157297826903045,-1.0065482401078727,-0.80520286161417,1.0762311003195197,-0.3322051938438765,0.7704631583780309,0.25798219763971225,0.1838695600058062,1.0,0.0,0.0,0.0,1.0,0.0,0.0,0.0,0.0,0.0,1.0,0.0,High,1.67
-0.2129589607203102,0.6342619160647225,1.1247803946119013,1.2937354315808145,0.032726849078505996,1.1469365790131796,2.9109981017753888,-0.80520286161417,-0.9291684654932499,1.3530890119387764,0.2772088956520187,-0.45011166596425584,2.374869178286995,0.0,1.0,0.0,0.0,0.0,1.0,0.0,0.0,1.0,0.0,0.0,0.0,Medium,2.6
-0.9422704700364372,-1.200632730217021,1.2027005295574924,1.4633642690186974,1.6374273218505537,1.1840038849085057,-1.0065482401078727,-0.80520286161417,1.0762311003195197,0.01833600095891534,-0.7092996298000055,0.6120291294416963,0.5762874020860191,1.0,0.0,0.0,0.0,1.0,0.0,0.0,0.0,1.0,0.0,0.0,0.0,Low,2.88
0.5163525485958167,0.6342619160647225,0.00954846320312435,-0.4134967387617529,-0.21588871712561397,-0.7311402530166754,-0.2230389717312203,-0.80520286161417,1.0762311003195197,-0.08952282821117455,1.756971683830055,0.25798219763971225,-0.1431453083943712,0.0,1.0,0.0,0.0,0.0,0.0,0.0,1.0,1.0,0.0,0.0,0.0,High,1.55
-0.2129589607203102,-0.2831854070761493,-1.5878143031814986,-1.0701244965858172,-1.0351900148437367,-2.213832488829719,-1.0065482401078727,-0.80520286161417,1.0762311003195197,-2.0309817532727905,0.7704631583780309,-1.1582055295682239,-2.0398315451154003,0.0,1.0,0.0,0.0,0.0,0.0,1.0,0.0,1.0,0.0,0.0,0.0,High,0.84
0.5163525485958167,0.6342619160647225,-1.1300335103761494,-2.4490427880163526,-1.9561976805544545,-1.126524849233487,-1.0065482401078727,1.2419230577438896,-0.9291684654932499,-2.4758994235994107,-0.2160453670739934,-1.1582055295682239,-1.3203988346350097,1.0,0.0,0.0,0.0,1.0,0.0,0.0,0.0,1.0,0.0,0.0,0.0,High,0.48
-0.9422704700364372,-0.2831854070761493,-0.00019155366507436305,1.2937354315808145,1.1345458356649472,0.1337635512076,-1.0065482401078727,-0.80520286161417,-0.9291684654932499,0.894688987965895,-0.2160453670739934,0.6120291294416963,0.21657104684582412,0.0,1.0,0.0,0.0,0.0,1.0,0.0,0.0,0.0,0.0,1.0,0.0,Medium,2.51
0.5163525485958167,-0.2831854070761493,0.6913496439770489,0.035198895751357505,0.2587410001731606,0.47972507289731026,1.3439795650220843,-0.80520286161417,-0.9291684654932499,1.2991595973537315,-1.2025538925260177,-1.1582055295682239,-0.11044382155435328,1.0,0.0,0.0,0.0,0.0,0.0,1.0,0.0,0.0,0.0,1.0,0.0,Medium,2.43
-0.9422704700364372,-1.200632730217021,0.004678454769025167,-0.7308668217100509,-0.6283645428733589,0.5291481474244115,0.5604702966454319,1.2419230577438896,-0.9291684654932499,0.01833600095891534,-0.7092996298000055,2.0282168566496326,-0.01233936103430012,1.0,0.0,0.0,1.0,0.0,0.0,0.0,0.0,1.0,0.0,0.0,0.0,High,1.51
-0.9422704700364372,-1.200632730217021,-1.9238448851343615,-1.4476854573346543,-1.877092727671325,-2.1396978770390667,-1.0065482401078727,1.2419230577438896,1.0762311003195197,0.01833600095891534,2.2502259465560672,-1.1582055295682239,-1.549309242515134,1.0,0.0,0.0,0.0,1.0,0.0,0.0,0.0,0.0,0.0,1.0,0.0,High,0.55
0.5163525485958167,0.6342619160647225,-0.6722527175708002,-0.6104850661089722,-0.37974897666923846,-0.44695757448584195,-1.0065482401078727,-0.80520286161417,-0.9291684654932499,-1.0332875834494601,-0.2160453670739934,-0.8041585977662399,-1.3531003214750275,1.0,0.0,0.0,1.0,0.0,0.0,0.0,0.0,0.0,0.0,1.0,0.0,High,1.41
-0.9422704700364372,-1.200632730217021,0.024158488505422942,-0.17820512554146334,0.46215373615834976,0.813330825955245,-1.0065482401078727,-0.80520286161417,1.0762311003195197,0.01833600095891534,-1.2025538925260177,-0.09606473416227178,-0.5028616636345662,1.0,0.0,0.0,0.0,0.0,0.0,1.0,0.0,0.0,0.0,1.0,0.0,High,1.99
-1.671581979352564,-1.200632730217021,-0.49206240550912,0.01878320180575605,0.16833533973529866,0.3438116179477811,0.5604702966454319,-0.80520286161417,-0.9291684654932499,0.01833600095891534,0.2772088956520187,-0.8041585977662399,0.020362125805717505,0.0,0.0,1.0,1.0,0.0,0.0,0.0,0.0,0.0,0.0,1.0,0.0,High,1.66
-0.2129589607203102,-1.200632730217021,0.5208993487835678,1.2171288598346734,1.2475529112122743,0.47972507289731026,-0.2230389717312203,-0.80520286161417,-0.9291684654932499,0.01833600095891534,-1.2025538925260177,-0.45011166596425584,-0.07774233471433566,0.0,1.0,0.0,0.0,1.0,0.0,0.0,0.0,0.0,1.0,0.0,0.0,Medium,2.35
-1.671581979352564,-1.200632730217021,-0.7306928187799935,-0.577653678217769,-0.19328730201614858,-0.8546979393344291,-1.0065482401078727,1.2419230577438896,1.0762311003195197,0.01833600095891534,1.263717421104043,-0.8041585977662399,-0.273951255754442,0.0,1.0,0.0,0.0,0.0,0.0,1.0,0.0,1.0,0.0,0.0,0.0,High,1.37
1.2456640579119436,1.5517092392055944,0.3260990114195893,0.44011934640953043,0.23048923128632876,0.7886192886916943,2.9109981017753888,-0.80520286161417,-0.9291684654932499,0.7463830978570212,-0.2160453670739934,-1.1582055295682239,1.459227546766498,1.0,0.0,0.0,0.0,0.0,1.0,0.0,0.0,0.0,0.0,1.0,0.0,Medium,2.26
-0.9422704700364372,-0.2831854070761493,0.8179698632636353,0.730129939448492,0.8689792081287278,1.6535230929159697,-1.0065482401078727,-0.80520286161417,-0.9291684654932499,1.2856772437074706,-0.7092996298000055,1.6741699248476485,1.0668097046862852,0.0,1.0,0.0,0.0,1.0,0.0,0.0,0.0,1.0,0.0,0.0,0.0,Medium,2.8
0.5163525485958167,1.5517092392055944,-0.5115424392455178,-0.4463281266529562,0.49605585882254805,-0.6075825666989217,-0.2230389717312203,1.2419230577438896,-0.9291684654932499,-0.2647934256125703,0.7704631583780309,-0.09606473416227178,-0.6009661241546194,0.0,1.0,0.0,1.0,0.0,0.0,0.0,0.0,0.0,0.0,1.0,0.0,High,1.79
-1.671581979352564,-1.200632730217021,1.027380225929912,2.1090482308790275,0.3491466606110225,0.8751096691141218,-0.2230389717312203,-0.80520286161417,-0.9291684654932499,0.01833600095891534,-1.2025538925260177,0.25798219763971225,1.1976156520463563,0.0,1.0,0.0,0.0,0.0,0.0,1.0,0.0,0.0,1.0,0.0,0.0,Low,2.66
1.2456640579119436,0.6342619160647225,0.7400497283180435,0.7903208172490317,1.0497905290044516,1.0357346613272016,-0.2230389717312203,-0.80520286161417,1.0762311003195197,1.1643360608911193,0.2772088956520187,-0.45011166596425584,-0.07774233471433566,1.0,0.0,0.0,0.0,0.0,1.0,0.0,0.0,1.0,0.0,0.0,0.0,Medium,2.58
-0.2129589607203102,-0.2831854070761493,0.8471899138682318,0.6863547555935545,1.0836926516686494,1.0851577358543028,1.3439795650220843,-0.80520286161417,-0.9291684654932499,1.1778184145373807,-1.2025538925260177,1.3201229930456644,0.8051978099661431,0.0,1.0,0.0,0.0,0.0,0.0,0.0,1.0,1.0,0.0,0.0,0.0,Medium,2.49
-0.2129589607203102,-0.2831854070761493,-0.4238822874317276,-0.4408562286710889,0.4226012597167851,0.09669624531227382,0.5604702966454319,1.2419230577438896,-0.9291684654932499,-0.12996988914995797,-0.2160453670739934,-0.8041585977662399,-0.4047572031145131,0.0,1.0,0.0,0.0,0.0,1.0,0.0,0.0,0.0,1.0,0.0,0.0,High,1.92
1.9749755672280704,1.5517092392055944,0.384539112628783,1.4469485750730962,1.0441401752270856,0.3067443120524549,-0.2230389717312203,1.2419230577438896,1.0762311003195197,1.3396066582925155,-0.2160453670739934,-0.09606473416227178,-0.01233936103430012,0.0,1.0,0.0,0.0,0.0,0.0,1.0,0.0,0.0,1.0,0.0,0.0,Medium,2.63
0.5163525485958167,1.5517092392055944,1.1588704536505976,0.45653504035513226,1.0667415903365505,0.7639077514281437,2.9109981017753888,-0.80520286161417,-0.9291684654932499,0.9621007561972009,-0.7092996298000055,1.6741699248476485,1.3284215994064275,0.0,1.0,0.0,0.0,0.0,0.0,0.0,1.0,1.0,0.0,0.0,0.0,Medium,2.61
1.2456640579119436,1.5517092392055944,0.6523895765042533,0.3525689786996555,0.38304878327522074,0.2943885434206798,-0.2230389717312203,1.2419230577438896,1.0762311003195197,0.32843013482292377,-0.2160453670739934,-0.09606473416227178,-1.0914884267548857,1.0,0.0,0.0,0.0,0.0,0.0,1.0,0.0,0.0,0.0,1.0,0.0,Medium,2.27
-0.9422704700364372,-1.200632730217021,0.2968789608149928,0.1336930594249674,-0.13678376424248495,0.813330825955245,1.3439795650220843,-0.80520286161417,-0.9291684654932499,0.01833600095891534,0.7704631583780309,0.9660760612436803,-0.5682646373146018,0.0,1.0,0.0,1.0,0.0,0.0,0.0,0.0,0.0,0.0,1.0,0.0,High,1.86
-0.9422704700364372,-1.200632730217021,-0.4823223886409209,-0.8074733934561916,-0.44190286822026853,-0.3851787313269652,-1.0065482401078727,-0.80520286161417,1.0762311003195197,0.01833600095891534,0.2772088956520187,-1.1582055295682239,-0.9279809925547969,1.0,0.0,0.0,0.0,0.0,0.0,1.0,0.0,1.0,0.0,0.0,0.0,High,1.33
-0.2129589607203102,0.6342619160647225,-0.17551185729265503,-0.45727192261669075,-0.758322679752785,-0.17513066458678408,-1.0065482401078727,-0.80520286161417,-0.9291684654932499,0.004853647312654105,1.263717421104043,-0.45011166596425584,-0.4374586899545307,1.0,0.0,0.0,1.0,0.0,0.0,0.0,0.0,1.0,0.0,0.0,0.0,High,1.97
-0.2129589607203102,-1.200632730217021,-0.6332926500980043,0.2650186109897802,0.7955246090229652,-0.3851787313269652,-1.0065482401078727,-0.80520286161417,-0.9291684654932499,0.01833600095891534,-0.7092996298000055,-1.1582055295682239,0.9687052441662318,0.0,1.0,0.0,0.0,0.0,0.0,1.0,0.0,1.0,0.0,0.0,0.0,High,1.98
-0.2129589607203102,0.6342619160647225,0.5988194837291592,0.2923781008991162,0.7842239014682323,1.5052538693346655,-0.2230389717312203,-0.80520286161417,1.0762311003195197,0.5845948541018869,-1.2025538925260177,-0.09606473416227178,1.0341082178462677,1.0,0.0,0.0,1.0,0.0,0.0,0.0,0.0,1.0,0.0,0.0,0.0,Medium,2.34
0.5163525485958167,-0.2831854070761493,-0.9157531392757733,-0.6652040459276443,-1.1651481517231634,-0.6817171784895739,-1.0065482401078727,1.2419230577438896,1.0762311003195197,-0.5074757912452723,-0.2160453670739934,-0.8041585977662399,-0.5682646373146018,1.0,0.0,0.0,0.0,0.0,1.0,0.0,0.0,0.0,0.0,1.0,0.0,High,1.5
0.5163525485958167,-0.2831854070761493,-1.3150938308719289,-0.2931149831606747,-0.8091758637490822,-0.409890268590516,-0.2230389717312203,-0.80520286161417,1.0762311003195197,-1.5860640829461703,0.7704631583780309,-0.45011166596425584,-0.7644735583547082,1.0,0.0,0.0,1.0,0.0,0.0,0.0,0.0,0.0,0.0,1.0,0.0,High,1.03
1.2456640579119436,1.5517092392055944,0.004678454769025167,-0.895023761166067,-0.41365109933343674,-0.9411883197568565,-0.2230389717312203,1.2419230577438896,1.0762311003195197,-1.0467699370957213,0.7704631583780309,-1.1582055295682239,-0.8298765320347437,0.0,1.0,0.0,0.0,0.0,1.0,0.0,0.0,1.0,0.0,0.0,0.0,High,1.21
-0.2129589607203102,0.6342619160647225,-1.992025003211754,-2.3779081142520786,-1.3120573499346888,-1.744313280822255,-1.0065482401078727,1.2419230577438896,-0.9291684654932499,-2.5028641308919335,0.2772088956520187,-1.512252461370208,-0.6663690978346549,0.0,1.0,0.0,0.0,0.0,0.0,0.0,1.0,0.0,0.0,1.0,0.0,High,0.26
-1.671581979352564,-1.200632730217021,-1.4465840585926144,-2.1426165010317892,-2.1822118316491093,-2.213832488829719,-1.0065482401078727,-0.80520286161417,1.0762311003195197,0.01833600095891534,0.7704631583780309,-1.512252461370208,-2.0398315451154003,0.0,0.0,1.0,0.0,0.0,1.0,0.0,0.0,1.0,0.0,0.0,0.0,High,0.35
-0.2129589607203102,-1.200632730217021,0.8277098801318337,0.27049050897164745,-1.0690921375079352,-0.7187844843849001,-0.2230389717312203,-0.80520286161417,1.0762311003195197,0.01833600095891534,-1.2025538925260177,0.25798219763971225,0.8378992968061614,1.0,0.0,0.0,0.0,0.0,1.0,0.0,0.0,1.0,0.0,0.0,0.0,Medium,1.73
1.2456640579119436,0.6342619160647225,1.4315909259601671,1.6056336165472445,1.8351897040583767,2.2836672931365127,2.1274888333987367,-0.80520286161417,-0.9291684654932499,2.013724340605577,-1.2025538925260177,2.3822637884516165,1.1649141652063388,1.0,0.0,0.0,0.0,0.0,0.0,0.0,1.0,1.0,0.0,0.0,0.0,Low,3.15
0.5163525485958167,-0.2831854070761493,1.5923012042854492,1.8026219438944642,1.2532032649896403,1.702946167443071,0.5604702966454319,-0.80520286161417,-0.9291684654932499,1.3530890119387764,-1.2025538925260177,2.3822637884516165,1.8189439020066935,1.0,0.0,0.0,0.0,0.0,1.0,0.0,0.0,1.0,0.0,0.0,0.0,Low,3.0
-1.671581979352564,-1.200632730217021,-0.4482323296022249,-0.1508456356321273,0.00447508019167417,-0.17513066458678408,-0.2230389717312203,-0.80520286161417,-0.9291684654932499,0.01833600095891534,0.7704631583780309,-0.8041585977662399,0.11846658632577067,0.0,1.0,0.0,0.0,1.0,0.0,0.0,0.0,1.0,0.0,0.0,0.0,High,1.56
-0.2129589607203102,-0.2831854070761493,0.35531906202418617,0.6808828576116877,0.433901967271518,-0.6199383353306971,1.3439795650220843,1.2419230577438896,1.0762311003195197,0.20708895200657235,-1.2025538925260177,-1.1582055295682239,0.5108844284059836,1.0,0.0,0.0,1.0,0.0,0.0,0.0,0.0,1.0,0.0,0.0,0.0,Medium,2.13
-0.2129589607203102,0.6342619160647225,-1.7485245815067807,-1.792415030192288,-1.2329523970515597,-2.2014767201979435,-0.2230389717312203,1.2419230577438896,-0.9291684654932499,-2.2736641189054927,0.7704631583780309,-1.512252461370208,-0.5028616636345662,0.0,1.0,0.0,0.0,0.0,1.0,0.0,0.0,0.0,0.0,1.0,0.0,High,0.4
1.9749755672280704,1.5517092392055944,-0.4823223886409209,-0.9661584349303405,0.2700417077278935,-0.0021499037419291703,-1.0065482401078727,-0.80520286161417,-0.9291684654932499,-0.7366758032317132,0.7704631583780309,-0.45011166596425584,-1.3531003214750275,1.0,0.0,0.0,0.0,0.0,1.0,0.0,0.0,1.0,0.0,0.0,0.0,High,1.27
-0.2129589607203102,-0.2831854070761493,-0.21934193319955012,0.0023675078601542096,0.12313250951636791,0.41794622973843343,-1.0065482401078727,-0.80520286161417,1.0762311003195197,-0.6692640350004071,-0.7092996298000055,-0.09606473416227178,0.2819740205258594,0.0,1.0,0.0,0.0,0.0,0.0,1.0,0.0,1.0,0.0,0.0,0.0,High,1.76
0.5163525485958167,-0.2831854070761493,-0.4871923970750205,0.21577152915297543,0.5186572739320134,-0.5828710294353712,-1.0065482401078727,-0.80520286161417,1.0762311003195197,-0.8175699251092804,1.263717421104043,0.25798219763971225,-0.273951255754442,0.0,1.0,0.0,0.0,0.0,1.0,0.0,0.0,0.0,0.0,1.0,0.0,High,1.65
-0.2129589607203102,-1.200632730217021,0.3114889861172911,-0.14537373765026004,0.38304878327522074,0.08434047668049872,-1.0065482401078727,1.2419230577438896,-0.9291684654932499,0.01833600095891534,-0.2160453670739934,-1.1582055295682239,-0.5028616636345662,1.0,0.0,0.0,0.0,0.0,1.0,0.0,0.0,1.0,0.0,0.0,0.0,Medium,2.14
0.5163525485958167,-0.2831854070761493,1.2854906729371833,1.1514660840522668,1.8408400578357427,1.282850033962709,1.3439795650220843,-0.80520286161417,1.0762311003195197,1.730594914034091,-0.7092996298000055,-0.8041585977662399,2.4075706651270123,1.0,0.0,0.0,0.0,0.0,1.0,0.0,0.0,0.0,1.0,0.0,0.0,Low,2.98
-0.2129589607203102,-0.2831854070761493,0.10694863188511357,0.6480514697204843,0.36044736816575496,0.31910008068423046,0.5604702966454319,-0.80520286161417,-0.9291684654932499,0.7733478051495436,-0.7092996298000055,-0.09606473416227178,0.8051978099661431,1.0,0.0,0.0,0.0,1.0,0.0,0.0,0.0,0.0,0.0,1.0,0.0,Medium,2.3
-0.2129589607203102,-0.2831854070761493,0.004678454769025167,-0.435384330689222,-0.9391340006285088,0.5538596846879622,-1.0065482401078727,1.2419230577438896,1.0762311003195197,-0.305240486551354,-0.2160453670739934,0.6120291294416963,-0.5682646373146018,0.0,1.0,0.0,0.0,1.0,0.0,0.0,0.0,1.0,0.0,0.0,0.0,High,1.68
0.5163525485958167,0.6342619160647225,1.597171212719549,0.2923781008991162,2.14030880803616,0.8009750573234694,-1.0065482401078727,-0.80520286161417,-0.9291684654932499,1.4070184265238215,-1.2025538925260177,1.3201229930456644,1.5573320072865513,0.0,1.0,0.0,0.0,0.0,1.0,0.0,0.0,0.0,1.0,0.0,0.0,Low,2.94
-1.671581979352564,-1.200632730217021,0.07285857284641756,0.42917555044579625,0.21918852373159586,0.8009750573234694,0.5604702966454319,-0.80520286161417,-0.9291684654932499,0.01833600095891534,0.2772088956520187,1.3201229930456644,0.1511680731657886,0.0,0.0,1.0,0.0,0.0,0.0,1.0,0.0,0.0,1.0,0.0,0.0,Medium,2.15
-1.671581979352564,-1.200632730217021,-1.339443873042426,-1.3601350896247792,-1.0916935526174005,-1.4724863709231972,-0.2230389717312203,1.2419230577438896,1.0762311003195197,0.01833600095891534,0.2772088956520187,-1.512252461370208,-1.7455181635552404,0.0,1.0,0.0,0.0,0.0,0.0,1.0,0.0,0.0,0.0,1.0,0.0,High,0.86
-0.9422704700364372,-1.200632730217021,-0.9060131224075741,-0.11801424774092402,-0.9052318779643106,-0.6817171784895739,1.3439795650220843,-0.80520286161417,-0.9291684654932499,0.01833600095891534,0.7704631583780309,-1.1582055295682239,-0.9606824793948148,0.0,1.0,0.0,0.0,0.0,1.0,0.0,0.0,1.0,0.0,0.0,0.0,High,1.32
1.9749755672280704,1.5517092392055944,1.3001006982394816,1.2718478396533455,1.9086443031641391,2.1601096068187595,1.3439795650220843,-0.80520286161417,-0.9291684654932499,1.9463125723742702,-0.7092996298000055,2.0282168566496326,1.5246305204465338,1.0,0.0,0.0,0.0,1.0,0.0,0.0,0.0,0.0,1.0,0.0,0.0,Low,3.25
0.5163525485958167,0.6342619160647225,0.50141931504717,0.30879379484471764,-0.910882231741677,0.33145584931600597,0.5604702966454319,-0.80520286161417,-0.9291684654932499,0.16664189106778893,-0.7092996298000055,0.25798219763971225,-0.20854828207440673,0.0,1.0,0.0,0.0,0.0,0.0,0.0,1.0,1.0,0.0,0.0,0.0,Medium,1.93
-0.2129589607203102,-1.200632730217021,-1.8751448007933669,-1.43674166137092,-1.6680296379087698,-1.5466209827138493,-1.0065482401078727,-0.80520286161417,1.0762311003195197,0.01833600095891534,1.756971683830055,0.25798219763971225,-1.1895928872749388,1.0,0.0,0.0,0.0,0.0,0.0,1.0,0.0,0.0,0.0,1.0,0.0,High,0.44
0.5163525485958167,1.5517092392055944,-1.168993577848945,-1.4531573553165216,-1.487218317033046,-0.7805633275437769,-0.2230389717312203,1.2419230577438896,1.0762311003195197,-1.5456170220073866,1.263717421104043,-0.45011166596425584,-0.6990705846746729,0.0,1.0,0.0,0.0,1.0,0.0,0.0,0.0,1.0,0.0,0.0,0.0,High,0.64
-0.2129589607203102,-0.2831854070761493,-0.33135212718383794,-0.435384330689222,-0.26674190112191115,0.1337635512076,0.5604702966454319,-0.80520286161417,1.0762311003195197,-0.1838993037350029,-0.7092996298000055,-0.09606473416227178,-0.3393542294344775,1.0,0.0,0.0,0.0,1.0,0.0,0.0,0.0,1.0,0.0,0.0,0.0,Medium,1.67
-0.2129589607203102,-0.2831854070761493,0.2920089523808933,0.6152200818292811,1.0441401752270856,1.1592923476449553,2.9109981017753888,1.2419230577438896,1.0762311003195197,0.08574776919022152,-0.2160453670739934,2.3822637884516165,1.8189439020066935,1.0,0.0,0.0,0.0,0.0,1.0,0.0,0.0,0.0,0.0,1.0,0.0,Medium,2.23
1.2456640579119436,1.5517092392055944,-0.5553725151524128,-0.45727192261669075,-1.0295396610663703,-2.213832488829719,0.5604702966454319,-0.80520286161417,1.0762311003195197,-0.7636405105242358,1.756971683830055,-1.1582055295682239,-0.4374586899545307,1.0,0.0,0.0,1.0,0.0,0.0,0.0,0.0,0.0,0.0,1.0,0.0,High,1.5
-1.671581979352564,-1.200632730217021,-0.34596215248613615,0.1336930594249674,0.14008357084846684,0.04727317078517254,-0.2230389717312203,1.2419230577438896,-0.9291684654932499,0.01833600095891534,-0.2160453670739934,-1.1582055295682239,0.7724963231261255,1.0,0.0,0.0,0.0,0.0,0.0,0.0,1.0,0.0,0.0,1.0,0.0,High,1.79
-1.671581979352564,-1.200632730217021,0.9056300150774255,1.2061850638709388,1.2475529112122743,0.8009750573234694,0.5604702966454319,1.2419230577438896,-0.9291684654932499,0.01833600095891534,-0.2160453670739934,-0.09606473416227178,1.2630186257263916,0.0,1.0,0.0,0.0,0.0,0.0,0.0,1.0,1.0,0.0,0.0,0.0,Medium,2.54
1.2456640579119436,0.6342619160647225,0.49654930661307045,-0.544822290326566,0.8011749628003313,-0.28633258227276237,-0.2230389717312203,-0.80520286161417,1.0762311003195197,-0.7231934495854521,-0.2160453670739934,0.6120291294416963,0.7724963231261255,1.0,0.0,0.0,0.0,0.0,1.0,0.0,0.0,1.0,0.0,0.0,0.0,High,1.63
-0.9422704700364372,-1.200632730217021,0.42349918010157855,0.47295073430073375,0.818126024132431,0.8009750573234694,-1.0065482401078727,1.2419230577438896,1.0762311003195197,0.01833600095891534,-1.2025538925260177,-0.45011166596425584,1.7535409283266576,1.0,0.0,0.0,0.0,1.0,0.0,0.0,0.0,0.0,1.0,0.0,0.0,Medium,2.36
-0.2129589607203102,0.6342619160647225,0.5598594162563637,0.1665244473161703,0.08923038685216964,0.43030199837020855,-0.2230389717312203,1.2419230577438896,1.0762311003195197,0.5980772077481479,0.7704631583780309,0.6120291294416963,-0.8625780188747614,1.0,0.0,0.0,0.0,0.0,1.0,0.0,0.0,1.0,0.0,0.0,0.0,High,2.18
-1.671581979352564,-1.200632730217021,0.6036894921632587,0.3525689786996555,-0.04637810380462303,0.8627539004823462,-0.2230389717312203,1.2419230577438896,1.0762311003195197,0.01833600095891534,-0.2160453670739934,0.25798219763971225,0.6743918626060726,1.0,0.0,0.0,0.0,1.0,0.0,0.0,0.0,0.0,1.0,0.0,0.0,Medium,2.03
-1.671581979352564,-1.200632730217021,1.3828908416191725,0.7082423475210237,2.0838052702624963,1.1345808103814046,0.5604702966454319,-0.80520286161417,-0.9291684654932499,0.01833600095891534,-0.2160453670739934,0.25798219763971225,1.0668097046862852,1.0,0.0,0.0,0.0,1.0,0.0,0.0,0.0,0.0,1.0,0.0,0.0,Medium,2.63
-0.2129589607203102,-1.200632730217021,-1.7631346068090794,-1.6775051725730767,-1.3007566423799561,-0.9164767824933059,-1.0065482401078727,1.2419230577438896,1.0762311003195197,0.01833600095891534,-0.7092996298000055,-1.1582055295682239,-1.3531003214750275,1.0,0.0,0.0,0.0,0.0,0.0,1.0,0.0,0.0,0.0,1.0,0.0,High,0.74
-0.9422704700364372,-0.2831854070761493,0.6036894921632587,1.0858033082698602,0.840727439241896,1.233426959435607,1.3439795650220843,-0.80520286161417,1.0762311003195197,1.5013949020476498,-0.2160453670739934,1.3201229930456644,0.5108844284059836,1.0,0.0,0.0,0.0,0.0,1.0,0.0,0.0,1.0,0.0,0.0,0.0,Medium,2.61
-0.2129589607203102,-1.200632730217021,-1.6900844802975874,-1.869021601938429,-2.4816805818495262,-1.4971979081867477,-1.0065482401078727,1.2419230577438896,1.0762311003195197,0.01833600095891534,-1.2025538925260177,-1.1582055295682239,-1.909025597755329,0.0,1.0,0.0,0.0,0.0,0.0,0.0,1.0,1.0,0.0,0.0,0.0,High,0.46
-1.671581979352564,-1.200632730217021,0.6669996018065516,0.7410737354122265,0.2756920615052595,0.9492442809047741,-1.0065482401078727,1.2419230577438896,1.0762311003195197,0.01833600095891534,0.2772088956520187,-0.45011166596425584,-0.07774233471433566,1.0,0.0,0.0,0.0,0.0,1.0,0.0,0.0,0.0,1.0,0.0,0.0,Medium,2.27
1.2456640579119436,1.5517092392055944,0.2871389439467938,0.7684332253215626,0.8520281467966289,1.1345808103814046,-0.2230389717312203,-0.80520286161417,1.0762311003195197,0.8677242806733726,0.7704631583780309,0.6120291294416963,0.5762874020860191,1.0,0.0,0.0,0.0,0.0,1.0,0.0,0.0,0.0,0.0,1.0,0.0,High,2.36
-0.9422704700364372,-0.2831854070761493,0.8374498970000327,0.9544777567050479,0.5412586890414788,0.8874654377458973,-0.2230389717312203,1.2419230577438896,1.0762311003195197,0.09923012283648246,-0.7092996298000055,-1.512252461370208,0.9687052441662318,0.0,1.0,0.0,0.0,0.0,0.0,0.0,1.0,1.0,0.0,0.0,0.0,Medium,2.4
0.5163525485958167,-0.2831854070761493,0.8179698632636353,0.5823886939380778,-0.1819865944614157,0.64035006511039,0.5604702966454319,1.2419230577438896,-0.9291684654932499,0.7463830978570212,0.7704631583780309,-0.09606473416227178,0.3146755073658773,1.0,0.0,0.0,1.0,0.0,0.0,0.0,0.0,0.0,1.0,0.0,0.0,Medium,2.4
-1.671581979352564,-1.200632730217021,0.3309690198536889,-0.05235147195851782,0.64861541081144,0.8503981318505711,0.5604702966454319,-0.80520286161417,1.0762311003195197,0.01833600095891534,0.2772088956520187,0.9660760612436803,0.11846658632577067,1.0,0.0,0.0,0.0,1.0,0.0,0.0,0.0,0.0,0.0,1.0,0.0,Medium,2.05
-0.2129589607203102,-0.2831854070761493,2.147482165772788,1.5454427387467056,0.7898742552455992,1.5917442497570928,-0.2230389717312203,-0.80520286161417,-0.9291684654932499,1.8789008041429645,-1.2025538925260177,1.6741699248476485,0.9033022704861966,0.0,1.0,0.0,0.0,0.0,0.0,1.0,0.0,0.0,1.0,0.0,0.0,Low,2.96
-1.671581979352564,-1.200632730217021,-0.409272262129429,1.0037248385418522,0.8689792081287278,1.1963596535402814,-1.0065482401078727,-0.80520286161417,-0.9291684654932499,0.01833600095891534,-0.2160453670739934,-0.8041585977662399,-0.4047572031145131,1.0,0.0,0.0,0.0,0.0,1.0,0.0,0.0,1.0,0.0,0.0,0.0,Medium,2.27
-0.2129589607203102,0.6342619160647225,0.3894091210628825,-0.5667098822540348,-0.040727750027256586,0.40559046110665786,-0.2230389717312203,-0.80520286161417,-0.9291684654932499,-0.11648753550369671,0.7704631583780309,-0.09606473416227178,-0.24124976891442437,1.0,0.0,0.0,0.0,0.0,1.0,0.0,0.0,0.0,0.0,1.0,0.0,High,1.78
-1.671581979352564,-1.200632730217021,0.2920089523808933,0.8505116950495707,0.35479701438838895,0.25732123752535363,-1.0065482401078727,-0.80520286161417,-0.9291684654932499,0.01833600095891534,-0.7092996298000055,0.25798219763971225,0.7397948362861079,1.0,0.0,0.0,0.0,0.0,0.0,1.0,0.0,1.0,0.0,0.0,0.0,Medium,2.17
1.9749755672280704,1.5517092392055944,0.14590869935790945,0.4893664282463356,0.47345444371308226,1.1716481162767303,0.5604702966454319,1.2419230577438896,-0.9291684654932499,0.4093242567004906,-0.7092996298000055,1.3201229930456644,0.870600783646179,0.0,1.0,0.0,0.0,1.0,0.0,0.0,0.0,0.0,0.0,1.0,0.0,Medium,2.16
1.2456640579119436,1.5517092392055944,-0.10733173921526265,-0.8020014954743244,0.24178993884106165,-0.9658998570204074,0.5604702966454319,-0.80520286161417,1.0762311003195197,0.7329007442107602,-1.2025538925260177,0.25798219763971225,-0.6990705846746729,1.0,0.0,0.0,0.0,0.0,0.0,1.0,0.0,1.0,0.0,0.0,0.0,High,1.85
-0.9422704700364372,-1.200632730217021,-0.891403097105276,-0.3861372488524169,0.060978617965337815,-0.23690950774566089,-0.2230389717312203,1.2419230577438896,1.0762311003195197,0.01833600095891534,0.7704631583780309,-0.45011166596425584,-0.47016017679454863,0.0,1.0,0.0,0.0,0.0,1.0,0.0,0.0,0.0,1.0,0.0,0.0,High,1.52
-0.9422704700364372,-1.200632730217021,0.23356885117169962,-0.06329526792225199,-0.26109154734454515,-0.644649872594248,-0.2230389717312203,1.2419230577438896,1.0762311003195197,0.01833600095891534,0.7704631583780309,-0.45011166596425584,0.5108844284059836,1.0,0.0,0.0,0.0,0.0,0.0,1.0,0.0,0.0,0.0,1.0,0.0,High,1.59
-0.2129589607203102,-1.200632730217021,0.48680928974487175,-0.35877775894308084,-0.19893765579351502,0.6650616023739406,-1.0065482401078727,1.2419230577438896,-0.9291684654932499,0.01833600095891534,2.2502259465560672,0.25798219763971225,-0.9933839662348324,0.0,1.0,0.0,1.0,0.0,0.0,0.0,0.0,1.0,0.0,0.0,0.0,High,1.69
0.5163525485958167,0.6342619160647225,0.06311855597821849,-0.11801424774092402,-0.023776688695157654,0.232609700261803,0.5604702966454319,-0.80520286161417,-0.9291684654932499,-0.12996988914995797,-0.2160453670739934,-0.45011166596425584,0.9360037573262142,1.0,0.0,0.0,0.0,0.0,1.0,0.0,0.0,0.0,1.0,0.0,0.0,High,1.86
-0.9422704700364372,-1.200632730217021,1.027380225929912,0.6371076737567498,0.9311330996797583,0.41794622973843343,1.3439795650220843,-0.80520286161417,1.0762311003195197,0.01833600095891534,-1.2025538925260177,1.6741699248476485,0.4454814547259481,1.0,0.0,0.0,0.0,0.0,1.0,0.0,0.0,1.0,0.0,0.0,0.0,Medium,2.39
0.5163525485958167,1.5517092392055944,-0.30213207657924107,-0.46821571858042493,0.4226012597167851,-0.48402488038116814,-1.0065482401078727,1.2419230577438896,1.0762311003195197,-0.5748875594765784,0.7704631583780309,-0.45011166596425584,0.1838695600058062,1.0,0.0,0.0,0.0,1.0,0.0,0.0,0.0,1.0,0.0,0.0,0.0,High,1.6
-0.2129589607203102,0.6342619160647225,0.49654930661307045,-0.30953067710627613,-0.4306021606655361,-0.5581594921718203,-0.2230389717312203,-0.80520286161417,-0.9291684654932499,-0.12996988914995797,-0.2160453670739934,-0.45011166596425584,-0.3066527425944599,1.0,0.0,0.0,1.0,0.0,0.0,0.0,0.0,0.0,1.0,0.0,0.0,Medium,1.69
-0.2129589607203102,0.6342619160647225,0.004678454769025167,-0.2657554932513386,0.20223746239949691,-0.2492652763774362,-0.2230389717312203,-0.80520286161417,1.0762311003195197,-0.3726522547826602,0.2772088956520187,-1.1582055295682239,0.24927253368584176,1.0,0.0,0.0,0.0,0.0,0.0,1.0,0.0,1.0,0.0,0.0,0.0,High,1.69
-0.2129589607203102,-0.2831854070761493,-1.685214471863488,-1.951100071666437,-2.1596104165396435,-1.942005578930661,-1.0065482401078727,1.2419230577438896,1.0762311003195197,-2.395005301721844,1.263717421104043,-0.09606473416227178,-0.5028616636345662,1.0,0.0,0.0,1.0,0.0,0.0,0.0,0.0,1.0,0.0,0.0,0.0,High,0.21
0.5163525485958167,1.5517092392055944,-0.08785170547886487,0.6261638777930156,-0.7865744486396169,-0.22455373911388535,-0.2230389717312203,-0.80520286161417,1.0762311003195197,0.3014654275304013,0.2772088956520187,0.6120291294416963,0.08576509948575305,0.0,1.0,0.0,0.0,1.0,0.0,0.0,0.0,1.0,0.0,0.0,0.0,High,1.79
-1.671581979352564,-1.200632730217021,0.8764099644728283,1.2773197376352123,1.750434397397881,1.801792316497274,-1.0065482401078727,-0.80520286161417,1.0762311003195197,0.01833600095891534,-1.2025538925260177,0.9660760612436803,2.145958770406871,1.0,0.0,0.0,0.0,0.0,1.0,0.0,0.0,1.0,0.0,0.0,0.0,Low,2.79
-0.9422704700364372,-0.2831854070761493,-0.4725823717727222,-1.0154055167671452,-0.1819865944614157,-0.16277489595500855,-1.0065482401078727,-0.80520286161417,1.0762311003195197,-0.965875815218154,-0.2160453670739934,0.6120291294416963,-0.11044382155435328,1.0,0.0,0.0,0.0,0.0,0.0,1.0,0.0,0.0,0.0,1.0,0.0,High,1.3
-0.9422704700364372,-0.2831854070761493,0.7108296777134471,0.43464744842766356,-0.09158093402355419,-0.5334479549082697,-1.0065482401078727,-0.80520286161417,1.0762311003195197,-0.06255812091865208,-0.7092996298000055,0.25798219763971225,-0.5355631504745841,0.0,0.0,1.0,0.0,0.0,1.0,0.0,0.0,0.0,0.0,1.0,0.0,Medium,1.76
1.9749755672280704,1.5517092392055944,0.2627889017762965,0.4127598565001944,-0.22718942468034686,-0.37282296269518983,-1.0065482401078727,1.2419230577438896,-0.9291684654932499,0.35539484211544625,-1.2025538925260177,-0.09606473416227178,0.3146755073658773,0.0,0.0,1.0,1.0,0.0,0.0,0.0,0.0,1.0,0.0,0.0,0.0,Medium,1.84
-0.2129589607203102,-0.2831854070761493,-1.1056834682056522,-1.5571234169719983,-1.2329523970515597,-1.2377267669194651,-1.0065482401078727,-0.80520286161417,-0.9291684654932499,-1.4512405464835583,0.2772088956520187,-0.8041585977662399,-1.3203988346350097,1.0,0.0,0.0,0.0,0.0,1.0,0.0,0.0,0.0,0.0,1.0,0.0,High,0.93
1.2456640579119436,0.6342619160647225,0.004678454769025167,-0.08518285984972072,0.06662897174270425,0.20789816299825234,-0.2230389717312203,1.2419230577438896,-0.9291684654932499,0.18012424471404986,-0.2160453670739934,0.9660760612436803,-0.9606824793948148,1.0,0.0,0.0,0.0,1.0,0.0,0.0,0.0,1.0,0.0,0.0,0.0,Medium,2.12
-0.9422704700364372,-1.200632730217021,-0.03428161270377073,0.035198895751357505,-0.4645042833297339,0.022561633521621906,-0.2230389717312203,1.2419230577438896,1.0762311003195197,0.01833600095891534,2.2502259465560672,-0.45011166596425584,0.24927253368584176,1.0,0.0,0.0,0.0,0.0,0.0,1.0,0.0,1.0,0.0,0.0,0.0,High,1.73
1.9749755672280704,1.5517092392055944,1.8406716344245222,1.5399708407648387,1.0441401752270856,1.9377057714468031,2.1274888333987367,-0.80520286161417,1.0762311003195197,2.3373008281158456,-1.2025538925260177,1.6741699248476485,1.9170483625267465,0.0,1.0,0.0,0.0,0.0,0.0,1.0,0.0,1.0,0.0,0.0,0.0,Low,3.19
-0.9422704700364372,-0.2831854070761493,-1.7095645140339852,-0.8512485773111291,-1.1312460290589652,-0.2492652763774362,-1.0065482401078727,-0.80520286161417,-0.9291684654932499,-1.2085581808508559,-0.2160453670739934,-0.8041585977662399,-0.3393542294344775,1.0,0.0,0.0,0.0,0.0,0.0,1.0,0.0,0.0,0.0,1.0,0.0,High,0.88
-0.2129589607203102,-0.2831854070761493,-0.6527726838344021,-0.7582263116193869,-0.09158093402355419,0.09669624531227382,-1.0065482401078727,-0.80520286161417,1.0762311003195197,-0.8984640469868478,-0.7092996298000055,0.25798219763971225,0.6089888889260368,1.0,0.0,0.0,0.0,1.0,0.0,0.0,0.0,0.0,0.0,1.0,0.0,High,1.48
1.9749755672280704,1.5517092392055944,0.1361686824897104,-0.3478339629793467,-0.05202845758198948,1.0728019672225277,2.9109981017753888,1.2419230577438896,-0.9291684654932499,-0.07604047456491331,0.2772088956520187,0.9660760612436803,0.4454814547259481,1.0,0.0,0.0,0.0,0.0,0.0,0.0,1.0,0.0,1.0,0.0,0.0,High,1.67
-0.2129589607203102,-0.2831854070761493,-1.4465840585926144,-2.3122453384696726,-1.8149388361202954,0.09669624531227382,-0.2230389717312203,1.2419230577438896,-0.9291684654932499,-2.179287643381664,0.7704631583780309,-0.8041585977662399,-1.6474137030351872,1.0,0.0,0.0,0.0,0.0,0.0,0.0,1.0,0.0,0.0,1.0,0.0,High,0.55
0.5163525485958167,-0.2831854070761493,0.16538873309430724,0.451063142373265,0.049677910410604924,-0.8917652452297552,-1.0065482401078727,-0.80520286161417,1.0762311003195197,0.28798307388413974,0.7704631583780309,0.25798219763971225,-0.24124976891442437,0.0,1.0,0.0,0.0,0.0,0.0,0.0,1.0,1.0,0.0,0.0,0.0,High,1.84
-0.2129589607203102,0.6342619160647225,-0.005061562099173893,-0.14537373765026004,0.3095941841694578,-1.1759479237605883,1.3439795650220843,-0.80520286161417,-0.9291684654932499,-0.2917581329050928,-0.2160453670739934,0.25798219763971225,0.478182941565966,0.0,1.0,0.0,0.0,0.0,0.0,1.0,0.0,0.0,0.0,1.0,0.0,High,1.43
-1.671581979352564,-1.200632730217021,0.3407090367218879,-0.2657554932513386,-1.0464907223984696,-0.5334479549082697,0.5604702966454319,-0.80520286161417,-0.9291684654932499,0.01833600095891534,1.756971683830055,-0.8041585977662399,-0.17584679523438881,1.0,0.0,0.0,0.0,0.0,0.0,1.0,0.0,0.0,0.0,1.0,0.0,High,1.6
0.5163525485958167,-0.2831854070761493,0.5208993487835678,0.8395678990858361,0.6429650570340733,0.8627539004823462,-0.2230389717312203,-0.80520286161417,-0.9291684654932499,1.3530890119387764,-0.7092996298000055,1.3201229930456644,0.5435859152460015,0.0,1.0,0.0,0.0,0.0,0.0,1.0,0.0,0.0,1.0,0.0,0.0,Medium,2.43
-1.671581979352564,-1.200632730217021,0.10694863188511357,-0.3150025750881434,0.08358003307480319,-0.5705152608035956,-1.0065482401078727,-0.80520286161417,-0.9291684654932499,0.01833600095891534,1.263717421104043,0.6120291294416963,-1.0260854530748502,0.0,1.0,0.0,0.0,1.0,0.0,0.0,0.0,0.0,0.0,1.0,0.0,High,1.55
-0.2129589607203102,-1.200632730217021,-1.1738635862830444,-1.2288095380599662,-1.7697360059013643,-0.8546979393344291,0.5604702966454319,-0.80520286161417,1.0762311003195197,0.01833600095891534,0.7704631583780309,-1.1582055295682239,-1.3858018083150454,0.0,1.0,0.0,0.0,1.0,0.0,0.0,0.0,1.0,0.0,0.0,0.0,High,0.84
1.9749755672280704,1.5517092392055944,-0.40440225369532984,-0.9169113530935357,-0.5153574673260315,-1.1883036923923638,-1.0065482401078727,1.2419230577438896,1.0762311003195197,-1.5051699610686031,1.756971683830055,-1.512252461370208,-0.5355631504745841,1.0,0.0,0.0,0.0,0.0,0.0,1.0,0.0,1.0,0.0,0.0,0.0,High,0.98
1.2456640579119436,0.6342619160647225,-1.5342442104064047,-1.4312697633890528,-0.30064402378610944,-1.3859959905007697,-1.0065482401078727,-0.80520286161417,1.0762311003195197,-1.4512405464835583,0.2772088956520187,-0.8041585977662399,-2.0398315451154003,1.0,0.0,0.0,0.0,0.0,1.0,0.0,0.0,1.0,0.0,0.0,0.0,High,1.01
-0.2129589607203102,-0.2831854070761493,-0.28752205127694247,-0.8184171894199262,-0.47015463710710037,-0.644649872594248,0.5604702966454319,-0.80520286161417,1.0762311003195197,-0.2917581329050928,0.7704631583780309,-1.512252461370208,-1.8436226240752938,0.0,1.0,0.0,0.0,0.0,1.0,0.0,0.0,0.0,0.0,1.0,0.0,High,1.44
0.5163525485958167,-0.2831854070761493,-0.23882196693594787,-0.13990183966839276,-0.26674190112191115,-0.21219797048211025,-1.0065482401078727,1.2419230577438896,-0.9291684654932499,-0.12996988914995797,0.2772088956520187,0.6120291294416963,0.38007848104591285,0.0,1.0,0.0,0.0,0.0,0.0,0.0,1.0,0.0,1.0,0.0,0.0,High,1.78
-0.9422704700364372,-0.2831854070761493,0.09720861501691486,-0.23839600334200264,0.47345444371308226,0.41794622973843343,-1.0065482401078727,1.2419230577438896,1.0762311003195197,0.2745007202378788,-0.7092996298000055,0.25798219763971225,-0.3393542294344775,0.0,1.0,0.0,0.0,0.0,1.0,0.0,0.0,1.0,0.0,0.0,0.0,Medium,2.06
0.5163525485958167,0.6342619160647225,-0.19499189102905282,-0.13442994168652586,-0.7526723259754186,-0.9164767824933059,0.5604702966454319,-0.80520286161417,-0.9291684654932499,-0.7636405105242358,-0.7092996298000055,-0.45011166596425584,-0.273951255754442,0.0,1.0,0.0,0.0,0.0,0.0,1.0,0.0,1.0,0.0,0.0,0.0,High,1.27
0.5163525485958167,1.5517092392055944,-0.9498431983144693,-0.9552146389666063,-2.1313586476528115,-1.22537099828769,-1.0065482401078727,1.2419230577438896,-0.9291684654932499,-1.8287464485788723,1.263717421104043,-1.512252461370208,0.08576509948575305,1.0,0.0,0.0,0.0,0.0,0.0,1.0,0.0,0.0,0.0,1.0,0.0,High,0.76
1.9749755672280704,1.5517092392055944,0.2871389439467938,-0.4791595145441595,-0.26109154734454515,0.05962893941694764,-1.0065482401078727,-0.80520286161417,1.0762311003195197,-0.12996988914995797,-0.2160453670739934,-0.45011166596425584,-0.8298765320347437,1.0,0.0,0.0,0.0,0.0,1.0,0.0,0.0,0.0,0.0,1.0,0.0,High,1.64
0.5163525485958167,-0.2831854070761493,0.7595297620544417,0.8778711849589067,1.1401961894423132,0.8380423632187955,-1.0065482401078727,1.2419230577438896,-0.9291684654932499,1.2452301827686867,-0.7092996298000055,0.6120291294416963,-0.24124976891442437,0.0,1.0,0.0,0.0,0.0,0.0,0.0,1.0,0.0,0.0,1.0,0.0,Medium,2.51
0.5163525485958167,-0.2831854070761493,1.4705509934329626,1.7916781479307298,1.9877492560472678,2.2218884499776363,-1.0065482401078727,-0.80520286161417,-0.9291684654932499,1.9597949260205318,-1.2025538925260177,2.7363107202536003,1.2957201125664093,1.0,0.0,0.0,0.0,0.0,1.0,0.0,0.0,1.0,0.0,0.0,0.0,Low,3.29
0.5163525485958167,-0.2831854070761493,-0.891403097105276,-0.9278551490572703,-1.2781552272704906,-1.3489286846054436,-0.2230389717312203,1.2419230577438896,-0.9291684654932499,-0.5748875594765784,0.2772088956520187,0.25798219763971225,-1.2222943741149566,0.0,1.0,0.0,0.0,0.0,0.0,0.0,1.0,1.0,0.0,0.0,0.0,High,1.18
-0.9422704700364372,-0.2831854070761493,-0.21934193319955012,-0.11801424774092402,-0.3514972077824066,-0.7929190961755522,-0.2230389717312203,-0.80520286161417,1.0762311003195197,-0.12996988914995797,-0.2160453670739934,-0.45011166596425584,-0.20854828207440673,0.0,1.0,0.0,1.0,0.0,0.0,0.0,0.0,1.0,0.0,0.0,0.0,High,1.73
-0.9422704700364372,-0.2831854070761493,-0.38979222839303124,-0.30953067710627613,0.10618144818426857,-0.18748643321855962,-1.0065482401078727,1.2419230577438896,-0.9291684654932499,-0.1838993037350029,0.7704631583780309,-0.8041585977662399,0.08576509948575305,1.0,0.0,0.0,0.0,0.0,1.0,0.0,0.0,0.0,1.0,0.0,0.0,High,1.75
1.2456640579119436,0.6342619160647225,-0.21447192476545057,-0.39160914683428416,0.08923038685216964,0.31910008068423046,0.5604702966454319,1.2419230577438896,-0.9291684654932499,0.4093242567004906,-0.2160453670739934,0.25798219763971225,0.3473769942058949,1.0,0.0,0.0,0.0,0.0,1.0,0.0,0.0,0.0,0.0,1.0,0.0,High,1.8
-0.2129589607203102,-0.2831854070761493,1.2465306054643877,-0.07423906388598656,0.010125433969040615,0.26967700615712914,0.5604702966454319,-0.80520286161417,1.0762311003195197,0.7868301587958052,-1.2025538925260177,0.6120291294416963,0.6743918626060726,1.0,0.0,0.0,0.0,1.0,0.0,0.0,0.0,0.0,1.0,0.0,0.0,Medium,2.37
-0.9422704700364372,-0.2831854070761493,0.5501193993881646,0.5167259181556716,1.1797486658838778,1.282850033962709,-1.0065482401078727,-0.80520286161417,-0.9291684654932499,0.9621007561972009,-1.2025538925260177,-0.09606473416227178,1.2630186257263916,0.0,1.0,0.0,0.0,1.0,0.0,0.0,0.0,1.0,0.0,0.0,0.0,Medium,2.57
0.5163525485958167,-0.2831854070761493,2.0354719717885006,1.6494088004021827,1.2588536187670072,2.3207345990318395,1.3439795650220843,-0.80520286161417,1.0762311003195197,1.8249713895579194,-1.2025538925260177,1.3201229930456644,1.655436467806605,0.0,1.0,0.0,0.0,0.0,1.0,0.0,0.0,0.0,0.0,1.0,0.0,Low,3.09
0.5163525485958167,-0.2831854070761493,1.0858203271391056,0.9052306748682427,1.479217416084295,0.6774173710057158,-0.2230389717312203,-0.80520286161417,-0.9291684654932499,1.1104066463060742,-0.7092996298000055,1.3201229930456644,0.7724963231261255,0.0,1.0,0.0,0.0,0.0,0.0,0.0,1.0,0.0,1.0,0.0,0.0,Medium,2.65
-0.9422704700364372,-1.200632730217021,-0.6381626585321039,-0.42444053472548743,-1.504169378365145,-0.15041912732323343,-1.0065482401078727,1.2419230577438896,1.0762311003195197,0.01833600095891534,1.263717421104043,-1.1582055295682239,-0.3393542294344775,1.0,0.0,0.0,0.0,0.0,1.0,0.0,0.0,1.0,0.0,0.0,0.0,High,1.31
-0.2129589607203102,-1.200632730217021,0.5452493909540651,0.2869062029172489,0.21918852373159586,-0.9041210138615305,-0.2230389717312203,1.2419230577438896,1.0762311003195197,0.01833600095891534,-0.2160453670739934,-0.45011166596425584,-0.7644735583547082,0.0,0.0,1.0,0.0,0.0,0.0,0.0,1.0,1.0,0.0,0.0,0.0,Medium,1.85
-0.2129589607203102,0.6342619160647225,-0.27291202597464426,0.5495573060468745,0.24178993884106165,0.5415039160561871,-0.2230389717312203,-0.80520286161417,-0.9291684654932499,0.16664189106778893,-0.2160453670739934,-0.09606473416227178,0.7397948362861079,0.0,1.0,0.0,0.0,0.0,1.0,0.0,0.0,1.0,0.0,0.0,0.0,High,2.28
-0.9422704700364372,-0.2831854070761493,0.8910199897751272,1.1569379820341346,0.6316643494793404,0.2449654688935781,0.5604702966454319,-0.80520286161417,1.0762311003195197,0.8542419270271111,-1.2025538925260177,0.6120291294416963,0.6416903757660544,1.0,0.0,0.0,0.0,0.0,0.0,0.0,1.0,0.0,0.0,1.0,0.0,Low,2.65
-1.671581979352564,-1.200632730217021,0.5939494752950597,0.2321872230985769,-0.7187702033112203,0.2943885434206798,-1.0065482401078727,1.2419230577438896,-0.9291684654932499,0.01833600095891534,0.2772088956520187,-0.09606473416227178,-0.9279809925547969,1.0,0.0,0.0,0.0,0.0,1.0,0.0,0.0,0.0,1.0,0.0,0.0,High,1.81
-0.2129589607203102,-0.2831854070761493,1.0663402934027075,0.46747883631886644,-0.20458800957088147,0.40559046110665786,-0.2230389717312203,-0.80520286161417,1.0762311003195197,1.1238889999523358,-0.7092996298000055,3.7984515156595524,0.5108844284059836,1.0,0.0,0.0,0.0,1.0,0.0,0.0,0.0,0.0,0.0,1.0,0.0,Low,2.38
-0.2129589607203102,0.6342619160647225,0.39914913793108125,0.035198895751357505,0.6994685948077368,-0.026861441005479807,-0.2230389717312203,1.2419230577438896,1.0762311003195197,-0.06255812091865208,-0.2160453670739934,-0.45011166596425584,0.7070933494460903,0.0,1.0,0.0,0.0,0.0,0.0,1.0,0.0,0.0,1.0,0.0,0.0,Medium,1.93
-1.671581979352564,-1.200632730217021,-0.9595832151826683,-0.7582263116193869,-1.080392845062668,-1.6083998258727261,-1.0065482401078727,-0.80520286161417,1.0762311003195197,0.01833600095891534,0.2772088956520187,-0.8041585977662399,-1.549309242515134,1.0,0.0,0.0,0.0,0.0,1.0,0.0,0.0,1.0,0.0,0.0,0.0,High,0.95
1.9749755672280704,1.5517092392055944,-0.808612953725585,-0.8238890874017931,-0.37974897666923846,-1.0276787001792842,-0.2230389717312203,-0.80520286161417,1.0762311003195197,-1.1006993516807664,0.2772088956520187,-0.09606473416227178,-0.5355631504745841,0.0,1.0,0.0,1.0,0.0,0.0,0.0,0.0,0.0,0.0,1.0,0.0,High,1.22
1.9749755672280704,1.5517092392055944,-0.725822810345894,-0.5940693721633709,-0.36844826911450596,0.10905201394404936,-1.0065482401078727,-0.80520286161417,1.0762311003195197,-1.1411464126195499,0.7704631583780309,0.25798219763971225,-0.11044382155435328,1.0,0.0,0.0,0.0,1.0,0.0,0.0,0.0,0.0,0.0,1.0,0.0,High,1.39
1.2456640579119436,0.6342619160647225,0.9738101331548175,0.19388393722550631,0.9480841610118572,0.6279942964786145,-0.2230389717312203,-0.80520286161417,1.0762311003195197,0.38235954940796874,-1.2025538925260177,1.3201229930456644,0.6416903757660544,1.0,0.0,0.0,0.0,0.0,0.0,1.0,0.0,0.0,1.0,0.0,0.0,Medium,2.13
1.2456640579119436,0.6342619160647225,-1.5342442104064047,-1.0865401905314191,-1.905344496558157,-0.7434960216484507,-1.0065482401078727,1.2419230577438896,-0.9291684654932499,-2.3141111798442764,-0.7092996298000055,-1.1582055295682239,-2.0398315451154003,1.0,0.0,0.0,0.0,0.0,0.0,1.0,0.0,0.0,0.0,1.0,0.0,High,0.67
-0.2129589607203102,-1.200632730217021,0.37966910419468347,0.5714448979743436,1.0441401752270856,0.64035006511039,-0.2230389717312203,-0.80520286161417,1.0762311003195197,0.01833600095891534,-0.7092996298000055,0.25798219763971225,0.7070933494460903,1.0,0.0,0.0,0.0,0.0,0.0,1.0,0.0,0.0,1.0,0.0,0.0,Medium,2.45
1.2456640579119436,1.5517092392055944,-0.9595832151826683,-1.8252464180834915,-0.3853993304466049,-0.311044119536313,-0.2230389717312203,1.2419230577438896,1.0762311003195197,-1.4916876074223415,0.2772088956520187,-1.512252461370208,-1.8109211372352758,1.0,0.0,0.0,0.0,0.0,1.0,0.0,0.0,0.0,0.0,1.0,0.0,High,1.08
-0.2129589607203102,-0.2831854070761493,0.46732925600847397,0.37445657062712423,0.5073565663772805,-0.33575565679986386,-1.0065482401078727,1.2419230577438896,1.0762311003195197,0.8542419270271111,-1.2025538925260177,-0.45011166596425584,0.11846658632577067,1.0,0.0,0.0,0.0,0.0,1.0,0.0,0.0,1.0,0.0,0.0,0.0,Medium,2.27
1.9749755672280704,1.5517092392055944,0.09720861501691486,-0.7089792297825822,1.0610912365591845,0.05962893941694764,2.9109981017753888,-0.80520286161417,-0.9291684654932499,0.2745007202378788,-0.7092996298000055,0.6120291294416963,-0.5355631504745841,1.0,0.0,0.0,0.0,0.0,1.0,0.0,0.0,0.0,0.0,1.0,0.0,Medium,2.09
-0.2129589607203102,-0.2831854070761493,-0.1268117729516604,-1.0537088026402157,-1.3064069961573224,-0.9041210138615305,-0.2230389717312203,-0.80520286161417,-0.9291684654932499,-1.262487595435901,-0.7092996298000055,-0.8041585977662399,-0.5682646373146018,1.0,0.0,0.0,0.0,1.0,0.0,0.0,0.0,0.0,0.0,1.0,0.0,High,1.29
-1.671581979352564,-1.200632730217021,-0.1365517898198595,1.1076909001973294,-0.6227141890959924,0.8627539004823462,0.5604702966454319,1.2419230577438896,1.0762311003195197,0.01833600095891534,-0.7092996298000055,-0.8041585977662399,-0.7317720715146905,0.0,1.0,0.0,0.0,0.0,1.0,0.0,0.0,0.0,1.0,0.0,0.0,Medium,2.02
-0.2129589607203102,-1.200632730217021,-1.3881439573834207,-0.9935179248396765,-0.3853993304466049,-0.7558517902802261,0.5604702966454319,1.2419230577438896,1.0762311003195197,0.01833600095891534,-1.2025538925260177,-1.1582055295682239,-0.6663690978346549,0.0,0.0,1.0,0.0,0.0,0.0,0.0,1.0,0.0,0.0,1.0,0.0,High,1.25
-0.2129589607203102,0.6342619160647225,1.972161862145207,1.0693876143242587,1.162797604551779,0.5167923787926364,2.1274888333987367,-0.80520286161417,-0.9291684654932499,2.1485478770681885,-0.7092996298000055,0.6120291294416963,2.1132572835668526,1.0,0.0,0.0,0.0,0.0,0.0,1.0,0.0,1.0,0.0,0.0,0.0,Low,3.3
0.5163525485958167,-0.2831854070761493,-0.6868627428730985,-0.13990183966839276,0.7616224863587674,-0.8176306334391028,-1.0065482401078727,-0.80520286161417,-0.9291684654932499,-0.34568754749013775,0.2772088956520187,-0.45011166596425584,0.6416903757660544,1.0,0.0,0.0,0.0,0.0,0.0,1.0,0.0,1.0,0.0,0.0,0.0,High,1.74
-0.9422704700364372,-1.200632730217021,-1.3881439573834207,-0.9935179248396765,-0.03507739624989054,-1.1512363864970379,0.5604702966454319,1.2419230577438896,-0.9291684654932499,0.01833600095891534,0.2772088956520187,0.25798219763971225,-1.3531003214750275,1.0,0.0,0.0,0.0,1.0,0.0,0.0,0.0,1.0,0.0,0.0,0.0,High,1.1
1.2456640579119436,0.6342619160647225,-0.019671587401472138,-0.05235147195851782,0.33219559927892317,0.07198470804872319,0.5604702966454319,-0.80520286161417,-0.9291684654932499,-0.5074757912452723,1.756971683830055,-0.8041585977662399,-0.7644735583547082,1.0,0.0,0.0,0.0,1.0,0.0,0.0,0.0,1.0,0.0,0.0,0.0,High,1.78
0.5163525485958167,1.5517092392055944,-0.5845925657570097,-0.9989898228215438,-0.24414048601244578,-0.2616210450092115,0.5604702966454319,1.2419230577438896,1.0762311003195197,-0.8714993396943254,0.2772088956520187,-0.09606473416227178,-0.01233936103430012,0.0,1.0,0.0,0.0,0.0,0.0,1.0,0.0,0.0,1.0,0.0,0.0,High,1.41
-0.2129589607203102,-0.2831854070761493,0.9299800572479228,0.8176803071583677,0.25309064639579415,0.5167923787926364,2.1274888333987367,-0.80520286161417,-0.9291684654932499,0.908171341612156,-0.7092996298000055,0.6120291294416963,1.0668097046862852,1.0,0.0,0.0,0.0,1.0,0.0,0.0,0.0,1.0,0.0,0.0,0.0,Medium,2.34
-0.2129589607203102,-0.2831854070761493,-0.09272171391296405,-0.38066535087055,-0.7074694957564879,-0.23690950774566089,1.3439795650220843,1.2419230577438896,-0.9291684654932499,0.07226541554395999,-0.2160453670739934,0.25798219763971225,-0.3393542294344775,0.0,1.0,0.0,0.0,1.0,0.0,0.0,0.0,1.0,0.0,0.0,0.0,High,1.62
-0.9422704700364372,-1.200632730217021,0.004678454769025167,2.4592497017185284,2.0612038551530314,1.7523692419701726,2.9109981017753888,-0.80520286161417,-0.9291684654932499,0.01833600095891534,-1.2025538925260177,2.3822637884516165,0.9360037573262142,0.0,1.0,0.0,0.0,1.0,0.0,0.0,0.0,1.0,0.0,0.0,0.0,Low,3.18
-0.2129589607203102,0.6342619160647225,0.2725289186444955,0.8942868789045081,-0.023776688695157654,0.09669624531227382,-1.0065482401078727,1.2419230577438896,-0.9291684654932499,0.894688987965895,-1.2025538925260177,0.6120291294416963,0.6416903757660544,0.0,1.0,0.0,0.0,0.0,0.0,1.0,0.0,1.0,0.0,0.0,0.0,Medium,2.32
0.5163525485958167,-0.2831854070761493,1.6848313645333393,1.6822401882933857,2.3663229591308146,1.888282696919702,0.5604702966454319,-0.80520286161417,1.0762311003195197,2.1889949380069726,-0.7092996298000055,0.6120291294416963,0.2819740205258594,0.0,1.0,0.0,0.0,0.0,0.0,0.0,1.0,0.0,0.0,1.0,0.0,Low,3.19
1.2456640579119436,1.5517092392055944,-0.04889163800606897,0.30879379484471764,0.6881678872530039,0.5662154533197377,-0.2230389717312203,-0.80520286161417,-0.9291684654932499,0.3014654275304013,-0.7092996298000055,-0.45011166596425584,0.7070933494460903,0.0,1.0,0.0,0.0,0.0,1.0,0.0,0.0,1.0,0.0,0.0,0.0,High,2.13
0.5163525485958167,-0.2831854070761493,-0.1609018319903568,-0.5065190044534955,-0.3345461464503077,-0.44695757448584195,0.5604702966454319,-0.80520286161417,-0.9291684654932499,-0.2917581329050928,0.2772088956520187,-0.45011166596425584,0.4454814547259481,1.0,0.0,0.0,0.0,0.0,0.0,1.0,0.0,0.0,0.0,1.0,0.0,High,1.6
-0.2129589607203102,-0.2831854070761493,-1.2712637549650339,-1.382022681552248,-0.8656794015227459,-0.8794094765979796,-0.2230389717312203,1.2419230577438896,-0.9291684654932499,-1.6399934975312151,1.263717421104043,-1.512252461370208,-1.1895928872749388,0.0,1.0,0.0,0.0,0.0,1.0,0.0,0.0,1.0,0.0,0.0,0.0,High,0.87
-1.671581979352564,-1.200632730217021,1.7043113982697367,1.2827916356170799,1.7165322747336824,1.5670327124935421,2.9109981017753888,-0.80520286161417,1.0762311003195197,0.01833600095891534,-1.2025538925260177,-0.09606473416227178,0.4454814547259481,1.0,0.0,0.0,0.0,1.0,0.0,0.0,0.0,0.0,1.0,0.0,0.0,Low,3.01
-0.2129589607203102,-1.200632730217021,1.2416605970302879,1.786206249948863,0.9876366374534219,1.33227310848981,-0.2230389717312203,-0.80520286161417,1.0762311003195197,0.01833600095891534,-0.7092996298000055,0.6120291294416963,1.9170483625267465,0.0,1.0,0.0,1.0,0.0,0.0,0.0,0.0,0.0,1.0,0.0,0.0,Low,2.55
-0.2129589607203102,0.6342619160647225,0.5793394499927614,0.18841203924363942,1.0158884063402538,-0.28633258227276237,0.5604702966454319,1.2419230577438896,-0.9291684654932499,0.24753601294535635,-0.2160453670739934,-0.09606473416227178,0.478182941565966,1.0,0.0,0.0,0.0,0.0,1.0,0.0,0.0,1.0,0.0,0.0,0.0,Medium,1.98
-0.9422704700364372,-0.2831854070761493,-0.1852518741608541,-1.2123938441143647,0.2361395850636952,-0.10099605279613172,-1.0065482401078727,-0.80520286161417,1.0762311003195197,-0.9523934615718928,-0.7092996298000055,0.9660760612436803,0.11846658632577067,1.0,0.0,0.0,0.0,0.0,0.0,1.0,0.0,1.0,0.0,0.0,0.0,High,1.39
0.5163525485958167,-0.2831854070761493,0.6475195680701542,0.3033218968628504,0.7729231939134994,1.2087154221720564,0.5604702966454319,-0.80520286161417,-0.9291684654932499,1.016030170782246,-0.7092996298000055,0.25798219763971225,-0.20854828207440673,0.0,1.0,0.0,0.0,1.0,0.0,0.0,0.0,1.0,0.0,0.0,0.0,Medium,2.64
1.9749755672280704,1.5517092392055944,-0.42875229586582714,-0.15631753361399459,-0.7809240948622505,-0.36046719406341454,-0.2230389717312203,1.2419230577438896,1.0762311003195197,-0.777122864170497,0.7704631583780309,0.25798219763971225,-1.2876973477949922,1.0,0.0,0.0,0.0,0.0,1.0,0.0,0.0,0.0,0.0,1.0,0.0,High,1.71
1.9749755672280704,1.5517092392055944,0.12155865718741217,-0.08518285984972072,0.5864615192604096,0.28203277478890426,-0.2230389717312203,1.2419230577438896,-0.9291684654932499,0.16664189106778893,-0.2160453670739934,-0.8041585977662399,0.2819740205258594,1.0,0.0,0.0,0.0,0.0,0.0,0.0,1.0,1.0,0.0,0.0,0.0,Medium,2.0
1.2456640579119436,1.5517092392055944,-2.142995264668837,-1.245225232005568,-2.074855109879148,-1.22537099828769,0.5604702966454319,1.2419230577438896,1.0762311003195197,-1.7613346803475662,1.756971683830055,-1.512252461370208,-0.3393542294344775,1.0,0.0,0.0,0.0,1.0,0.0,0.0,0.0,0.0,0.0,1.0,0.0,High,0.62
-0.2129589607203102,-1.200632730217021,0.3212290029854901,0.49483832622820245,0.23048923128632876,0.4673693042655347,-1.0065482401078727,-0.80520286161417,1.0762311003195197,0.01833600095891534,-0.2160453670739934,-0.09606473416227178,-0.6990705846746729,0.0,1.0,0.0,1.0,0.0,0.0,0.0,0.0,1.0,0.0,0.0,0.0,Medium,1.75
-0.2129589607203102,0.6342619160647225,1.8504116512927204,1.4469485750730962,1.9877492560472678,1.702946167443071,0.5604702966454319,-0.80520286161417,-0.9291684654932499,2.283371413530801,-1.2025538925260177,0.6120291294416963,1.4265260599264804,1.0,0.0,0.0,0.0,1.0,0.0,0.0,0.0,0.0,1.0,0.0,0.0,Low,3.42
1.9749755672280704,1.5517092392055944,-0.14142179825395867,-0.12895804370465858,-0.7470219721980521,-0.953544088388632,-0.2230389717312203,1.2419230577438896,-0.9291684654932499,-0.42658166936770514,0.7704631583780309,-0.8041585977662399,-1.3531003214750275,1.0,0.0,0.0,0.0,0.0,0.0,0.0,1.0,0.0,1.0,0.0,0.0,High,1.58
-0.2129589607203102,-0.2831854070761493,0.5647294246904632,0.7739051233034303,1.4114131707558992,1.3816961830169119,-0.2230389717312203,-0.80520286161417,-0.9291684654932499,1.258712536414948,-0.7092996298000055,1.3201229930456644,0.41277996788593047,0.0,1.0,0.0,0.0,1.0,0.0,0.0,0.0,1.0,0.0,0.0,0.0,Medium,2.73
-1.671581979352564,-1.200632730217021,-1.9530649357389582,-1.6008986008269361,-1.7753863596787307,-2.213832488829719,-1.0065482401078727,1.2419230577438896,-0.9291684654932499,0.01833600095891534,3.2367344720080915,-1.1582055295682239,-1.7128166767152226,1.0,0.0,0.0,0.0,1.0,0.0,0.0,0.0,0.0,0.0,1.0,0.0,High,0.21
0.5163525485958167,0.6342619160647225,0.6036894921632587,0.8395678990858361,0.6881678872530039,1.0728019672225277,2.9109981017753888,-0.80520286161417,-0.9291684654932499,0.94861840255094,-0.7092996298000055,0.6120291294416963,1.1649141652063388,0.0,1.0,0.0,1.0,0.0,0.0,0.0,0.0,1.0,0.0,0.0,0.0,Medium,2.75
-0.2129589607203102,-0.2831854070761493,-1.539114218840504,-1.9127967857933663,-1.3233580574894215,-1.9667171161942116,-1.0065482401078727,1.2419230577438896,-0.9291684654932499,-2.556793545476978,0.2772088956520187,-1.512252461370208,-2.0398315451154003,1.0,0.0,0.0,0.0,1.0,0.0,0.0,0.0,0.0,0.0,1.0,0.0,High,0.56
-0.9422704700364372,-0.2831854070761493,-1.0326333416941602,-0.1836770235233306,-0.9843368308474396,-0.7187844843849001,-0.2230389717312203,1.2419230577438896,1.0762311003195197,-0.49399343759901104,1.263717421104043,-0.45011166596425584,0.4454814547259481,0.0,1.0,0.0,0.0,1.0,0.0,0.0,0.0,1.0,0.0,0.0,0.0,High,1.44
1.2456640579119436,1.5517092392055944,-0.29239205971104204,0.33615328475405365,0.4226012597167851,0.10905201394404936,-0.2230389717312203,-0.80520286161417,-0.9291684654932499,-0.06255812091865208,1.263717421104043,0.25798219763971225,-0.07774233471433566,0.0,1.0,0.0,0.0,0.0,0.0,0.0,1.0,0.0,1.0,0.0,0.0,High,2.0
0.5163525485958167,0.6342619160647225,-0.03915162113787026,-0.32594637105187796,-1.1651481517231634,-0.6199383353306971,-0.2230389717312203,-0.80520286161417,1.0762311003195197,-0.2243463646737866,-0.7092996298000055,0.6120291294416963,0.6416903757660544,0.0,0.0,1.0,0.0,0.0,0.0,1.0,0.0,0.0,0.0,1.0,0.0,High,1.6
-0.9422704700364372,-0.2831854070761493,0.3309690198536889,0.36351277466338966,0.6373147032567071,0.7639077514281437,1.3439795650220843,-0.80520286161417,-0.9291684654932499,1.0699595853672907,-0.2160453670739934,-0.45011166596425584,0.9360037573262142,1.0,0.0,0.0,1.0,0.0,0.0,0.0,0.0,0.0,0.0,1.0,0.0,Medium,2.51
-0.9422704700364372,-0.2831854070761493,-1.884884817661566,-0.9059675571298011,-1.453316194368848,-1.4601306022914218,-1.0065482401078727,-0.80520286161417,-0.9291684654932499,-2.0174993996265296,1.263717421104043,-1.1582055295682239,-0.7317720715146905,1.0,0.0,0.0,0.0,0.0,0.0,1.0,0.0,0.0,0.0,1.0,0.0,High,0.48
0.5163525485958167,-0.2831854070761493,-1.368663923647023,-1.4859887432077248,-1.8996941427807907,-1.9790728848259873,-1.0065482401078727,1.2419230577438896,-0.9291684654932499,-2.300628826198015,-0.2160453670739934,-1.512252461370208,-0.1431453083943712,1.0,0.0,0.0,0.0,0.0,0.0,0.0,1.0,1.0,0.0,0.0,0.0,High,0.2
-0.9422704700364372,-1.200632730217021,-0.10733173921526265,-0.6378445560183083,-0.31194473134084233,0.17083085710292617,-1.0065482401078727,-0.80520286161417,1.0762311003195197,0.01833600095891534,1.263717421104043,-0.8041585977662399,-0.9279809925547969,0.0,1.0,0.0,0.0,0.0,0.0,0.0,1.0,0.0,0.0,1.0,0.0,High,1.38
0.5163525485958167,0.6342619160647225,0.6572595849383526,0.10086167153376409,0.28134241528262594,0.41794622973843343,0.5604702966454319,-0.80520286161417,-0.9291684654932499,0.4093242567004906,0.2772088956520187,-0.45011166596425584,0.38007848104591285,0.0,1.0,0.0,0.0,0.0,0.0,1.0,0.0,1.0,0.0,0.0,0.0,Medium,2.02
1.2456640579119436,1.5517092392055944,0.5890794668609605,0.6261638777930156,0.6881678872530039,0.5167923787926364,1.3439795650220843,-0.80520286161417,-0.9291684654932499,0.43628896399301303,-0.7092996298000055,0.25798219763971225,-0.4374586899545307,0.0,1.0,0.0,0.0,1.0,0.0,0.0,0.0,0.0,0.0,1.0,0.0,Medium,2.17
-0.9422704700364372,-1.200632730217021,-1.6706044465611898,-1.5297639270626624,-1.2725048734931244,-0.8423421707026537,-0.2230389717312203,1.2419230577438896,1.0762311003195197,0.01833600095891534,0.2772088956520187,-1.512252461370208,-1.4185032951550631,1.0,0.0,0.0,0.0,0.0,1.0,0.0,0.0,0.0,0.0,1.0,0.0,High,0.87
-0.2129589607203102,-0.2831854070761493,-0.5261524645478164,-0.51746280041723,-0.24979083978981223,0.232609700261803,-1.0065482401078727,-0.80520286161417,1.0762311003195197,-0.022111059979868366,0.2772088956520187,-0.09606473416227178,0.08576509948575305,0.0,1.0,0.0,0.0,0.0,0.0,1.0,0.0,0.0,0.0,1.0,0.0,High,1.68
1.2456640579119436,1.5517092392055944,1.4656809849988635,1.7150715761845885,1.7165322747336824,1.888282696919702,1.3439795650220843,-0.80520286161417,1.0762311003195197,2.1485478770681885,-1.2025538925260177,0.6120291294416963,2.1786602572468885,1.0,0.0,0.0,0.0,0.0,0.0,0.0,1.0,1.0,0.0,0.0,0.0,Low,3.25
-0.2129589607203102,-1.200632730217021,-0.03915162113787026,0.00783940584202149,-0.3458468540050406,-0.28633258227276237,2.1274888333987367,1.2419230577438896,-0.9291684654932499,0.01833600095891534,-0.2160453670739934,-0.8041585977662399,-0.3393542294344775,0.0,1.0,0.0,0.0,1.0,0.0,0.0,0.0,0.0,0.0,1.0,0.0,High,1.55
0.5163525485958167,-0.2831854070761493,0.17025874152840678,0.32520948879031947,0.17963604729003155,-0.3851787313269652,-1.0065482401078727,-0.80520286161417,-0.9291684654932499,0.39584190305422967,-0.2160453670739934,-0.45011166596425584,-0.47016017679454863,0.0,1.0,0.0,0.0,0.0,1.0,0.0,0.0,0.0,1.0,0.0,0.0,High,1.89
-0.9422704700364372,-0.2831854070761493,-0.45310233803632444,0.1610525493343034,-0.19328730201614858,-0.21219797048211025,-0.2230389717312203,-0.80520286161417,1.0762311003195197,-0.11648753550369671,0.7704631583780309,-0.8041585977662399,-0.20854828207440673,0.0,1.0,0.0,0.0,1.0,0.0,0.0,0.0,0.0,0.0,1.0,0.0,High,1.74
1.2456640579119436,0.6342619160647225,-0.6138126163616066,-0.3697215549068154,-0.910882231741677,-0.2986883509045377,-1.0065482401078727,1.2419230577438896,1.0762311003195197,-1.1276640589732885,-0.7092996298000055,-0.8041585977662399,-1.2876973477949922,0.0,1.0,0.0,0.0,0.0,0.0,1.0,0.0,0.0,0.0,1.0,0.0,High,1.22
-0.2129589607203102,-1.200632730217021,-0.8134829621596845,-1.0701244965858172,-0.7357212646433197,-1.0771017747063856,-0.2230389717312203,-0.80520286161417,1.0762311003195197,0.01833600095891534,2.2502259465560672,-1.512252461370208,-1.4512047819950809,0.0,1.0,0.0,0.0,0.0,0.0,0.0,1.0,1.0,0.0,0.0,0.0,High,1.02
-0.2129589607203102,0.6342619160647225,-1.2566537296627354,-0.8786080672204651,-1.3233580574894215,-2.213832488829719,-1.0065482401078727,1.2419230577438896,-0.9291684654932499,-1.518652314714864,-1.2025538925260177,-1.512252461370208,-0.7644735583547082,1.0,0.0,0.0,0.0,0.0,1.0,0.0,0.0,1.0,0.0,0.0,0.0,High,0.93
0.5163525485958167,-0.2831854070761493,-0.49206240550912,-1.1850343542050286,-0.9899871846248061,0.022561633521621906,-1.0065482401078727,1.2419230577438896,-0.9291684654932499,-1.5051699610686031,-0.2160453670739934,-0.09606473416227178,-0.6990705846746729,0.0,1.0,0.0,0.0,0.0,0.0,1.0,0.0,0.0,0.0,1.0,0.0,High,1.22
0.5163525485958167,0.6342619160647225,0.7303097114498445,1.233544553780275,0.2756920615052595,1.3816961830169119,0.5604702966454319,1.2419230577438896,1.0762311003195197,1.2317478291224258,-1.2025538925260177,0.25798219763971225,1.3611230862464452,1.0,0.0,0.0,1.0,0.0,0.0,0.0,0.0,1.0,0.0,0.0,0.0,Medium,2.64
-0.2129589607203102,-1.200632730217021,-1.0910734429033537,-0.0031043901217126823,0.038377202855872435,-0.5458037235400449,-0.2230389717312203,-0.80520286161417,1.0762311003195197,0.01833600095891534,-0.2160453670739934,-0.8041585977662399,-0.5355631504745841,1.0,0.0,0.0,0.0,0.0,0.0,0.0,1.0,0.0,0.0,1.0,0.0,High,1.79
-0.2129589607203102,-0.2831854070761493,1.2903606813712825,1.364870105345088,0.6542657645888061,1.4064077202804623,0.5604702966454319,-0.80520286161417,-0.9291684654932499,1.2182654754761642,-1.2025538925260177,-0.09606473416227178,1.491929033606516,1.0,0.0,0.0,0.0,0.0,1.0,0.0,0.0,0.0,1.0,0.0,0.0,Medium,2.78
0.5163525485958167,-0.2831854070761493,-0.26804201754054474,0.36351277466338966,-0.4758049908844668,0.3067443120524549,-0.2230389717312203,-0.80520286161417,1.0762311003195197,-0.04907576727239084,0.7704631583780309,0.6120291294416963,0.020362125805717505,1.0,0.0,0.0,0.0,0.0,0.0,0.0,1.0,0.0,0.0,1.0,0.0,High,1.9
-1.671581979352564,-1.200632730217021,1.5436011199444546,1.8463971277494018,2.26461659113822,1.1963596535402814,2.1274888333987367,-0.80520286161417,1.0762311003195197,0.01833600095891534,-0.7092996298000055,2.0282168566496326,1.1976156520463563,0.0,1.0,0.0,0.0,0.0,0.0,1.0,0.0,0.0,0.0,1.0,0.0,Low,3.2
-1.671581979352564,-1.200632730217021,0.4088891547992803,1.808093841876331,1.315357156540671,1.628811555652419,-0.2230389717312203,-0.80520286161417,-0.9291684654932499,0.01833600095891534,-0.7092996298000055,0.9660760612436803,0.1838695600058062,0.0,1.0,0.0,1.0,0.0,0.0,0.0,0.0,0.0,1.0,0.0,0.0,Medium,2.84
-0.2129589607203102,-1.200632730217021,0.42349918010157855,0.5331416121012731,1.1345458356649472,0.07198470804872319,-0.2230389717312203,-0.80520286161417,-0.9291684654932499,0.01833600095891534,-1.2025538925260177,0.6120291294416963,-0.7317720715146905,0.0,1.0,0.0,0.0,0.0,1.0,0.0,0.0,0.0,0.0,1.0,0.0,Medium,2.19
-0.2129589607203102,-0.2831854070761493,-1.7144345224680848,-1.1905062521868959,-0.8939311704095777,-1.1388806178652624,0.5604702966454319,1.2419230577438896,1.0762311003195197,-1.4242758391910357,-0.2160453670739934,-0.45011166596425584,-1.9744285714353647,0.0,0.0,1.0,0.0,0.0,0.0,1.0,0.0,0.0,0.0,1.0,0.0,High,1.07
-0.9422704700364372,-1.200632730217021,0.1361686824897104,0.1993558352073736,0.20788781617686336,0.17083085710292617,-0.2230389717312203,-0.80520286161417,-0.9291684654932499,0.01833600095891534,-0.7092996298000055,-0.09606473416227178,0.38007848104591285,1.0,0.0,0.0,0.0,0.0,0.0,1.0,0.0,1.0,0.0,0.0,0.0,Medium,1.93
0.5163525485958167,1.5517092392055944,-0.808612953725585,-0.8020014954743244,-0.775273741084884,-1.0647460060746101,-1.0065482401078727,1.2419230577438896,1.0762311003195197,-0.7636405105242358,1.263717421104043,-0.09606473416227178,-1.1568914004349211,0.0,1.0,0.0,0.0,1.0,0.0,0.0,0.0,0.0,0.0,1.0,0.0,High,1.29
-0.9422704700364372,-0.2831854070761493,-1.7972246658477755,-2.5803683395811654,-1.408113364149917,-1.633111363136277,-1.0065482401078727,1.2419230577438896,1.0762311003195197,-1.990534692334007,1.263717421104043,-1.512252461370208,-2.0398315451154003,0.0,1.0,0.0,0.0,1.0,0.0,0.0,0.0,1.0,0.0,0.0,0.0,High,0.46
1.2456640579119436,0.6342619160647225,-0.3362221356179371,-0.29858688114254195,-0.294993670008743,-0.17513066458678408,0.5604702966454319,1.2419230577438896,-0.9291684654932499,-1.0602522907419827,-1.2025538925260177,-1.1582055295682239,-0.9606824793948148,1.0,0.0,0.0,0.0,0.0,0.0,1.0,0.0,0.0,0.0,1.0,0.0,High,1.56
0.5163525485958167,1.5517092392055944,-0.4871923970750205,-1.1467310683319583,-0.775273741084884,-0.1380633586914579,-0.2230389717312203,1.2419230577438896,1.0762311003195197,-0.5883699131228397,-0.7092996298000055,-1.1582055295682239,-0.47016017679454863,1.0,0.0,0.0,0.0,0.0,0.0,1.0,0.0,1.0,0.0,0.0,0.0,High,1.45
-0.9422704700364372,-1.200632730217021,-0.7501728525163913,-0.06876716590411927,0.7898742552455992,0.20789816299825234,-1.0065482401078727,1.2419230577438896,-0.9291684654932499,0.01833600095891534,-0.2160453670739934,0.25798219763971225,0.1511680731657886,1.0,0.0,0.0,0.0,0.0,1.0,0.0,0.0,0.0,1.0,0.0,0.0,High,1.69
-0.2129589607203102,0.6342619160647225,0.7449197367521434,-0.06876716590411927,0.35479701438838895,-0.3975344999587407,-1.0065482401078727,-0.80520286161417,-0.9291684654932499,0.6654889759794543,-1.2025538925260177,0.6120291294416963,0.38007848104591285,1.0,0.0,0.0,0.0,1.0,0.0,0.0,0.0,1.0,0.0,0.0,0.0,Medium,2.43
0.5163525485958167,1.5517092392055944,1.1004303524414039,1.2609040436896108,0.33219559927892317,0.3067443120524549,-1.0065482401078727,-0.80520286161417,1.0762311003195197,1.1778184145373807,0.2772088956520187,0.9660760612436803,0.8378992968061614,1.0,0.0,0.0,0.0,0.0,1.0,0.0,0.0,1.0,0.0,0.0,0.0,Medium,2.65
-0.2129589607203102,0.6342619160647225,-1.3443138814765256,-1.6008986008269361,-2.04095298721495,-1.2006594610241392,-1.0065482401078727,1.2419230577438896,1.0762311003195197,-1.0602522907419827,0.7704631583780309,-1.512252461370208,-1.4512047819950809,1.0,0.0,0.0,0.0,0.0,0.0,0.0,1.0,0.0,0.0,1.0,0.0,High,0.8
0.5163525485958167,-0.2831854070761493,0.7643997704885408,0.30879379484471764,-0.0689795189140884,0.6774173710057158,2.1274888333987367,1.2419230577438896,-0.9291684654932499,0.8003125124420661,-1.2025538925260177,0.6120291294416963,1.0668097046862852,0.0,1.0,0.0,0.0,0.0,0.0,0.0,1.0,1.0,0.0,0.0,0.0,Medium,2.17
0.5163525485958167,-0.2831854070761493,0.05824854754411896,0.035198895751357505,-0.24414048601244578,-0.311044119536313,-0.2230389717312203,1.2419230577438896,1.0762311003195197,-0.14345224279621918,0.2772088956520187,-0.09606473416227178,-0.1431453083943712,0.0,1.0,0.0,0.0,1.0,0.0,0.0,0.0,1.0,0.0,0.0,0.0,High,1.89
-1.671581979352564,-1.200632730217021,-1.8410547417546708,-1.8307183160653584,-1.622826807689839,-0.5952267980671464,-1.0065482401078727,1.2419230577438896,1.0762311003195197,0.01833600095891534,1.263717421104043,-0.8041585977662399,-1.3858018083150454,0.0,0.0,1.0,0.0,0.0,1.0,0.0,0.0,1.0,0.0,0.0,0.0,High,0.54
-0.2129589607203102,-0.2831854070761493,-0.5456324982842141,-0.7035073318007149,-0.1706858869066832,-0.43460180585406666,-0.2230389717312203,-0.80520286161417,1.0762311003195197,-0.6962287422929295,0.2772088956520187,-0.8041585977662399,0.2819740205258594,1.0,0.0,0.0,0.0,0.0,1.0,0.0,0.0,0.0,1.0,0.0,0.0,High,1.55
1.2456640579119436,1.5517092392055944,0.6767396186747506,0.2595467130079129,0.15703463218056618,0.43030199837020855,0.5604702966454319,-0.80520286161417,1.0762311003195197,0.3014654275304013,-1.2025538925260177,1.6741699248476485,0.6743918626060726,0.0,1.0,0.0,0.0,0.0,0.0,1.0,0.0,1.0,0.0,0.0,0.0,Medium,2.25
1.2456640579119436,1.5517092392055944,-0.06350166330836757,0.49483832622820245,0.5469090428188449,0.6527058337421652,-0.2230389717312203,1.2419230577438896,-0.9291684654932499,0.5441477931631029,-0.7092996298000055,-0.09606473416227178,0.05306361264573542,1.0,0.0,0.0,0.0,0.0,0.0,0.0,1.0,1.0,0.0,0.0,0.0,Medium,2.13
-0.2129589607203102,-1.200632730217021,0.8812799729069282,0.9271182667957117,1.1910493734386107,1.2087154221720564,0.5604702966454319,-0.80520286161417,-0.9291684654932499,0.01833600095891534,-1.2025538925260177,1.6741699248476485,0.8378992968061614,0.0,1.0,0.0,0.0,0.0,0.0,1.0,0.0,0.0,0.0,1.0,0.0,Low,2.53
-0.2129589607203102,0.6342619160647225,0.3407090367218879,-0.04140767599478326,0.3152445379468242,1.5917442497570928,-0.2230389717312203,-0.80520286161417,1.0762311003195197,0.43628896399301303,-0.7092996298000055,1.3201229930456644,0.08576509948575305,1.0,0.0,0.0,0.0,0.0,1.0,0.0,0.0,0.0,0.0,1.0,0.0,Medium,2.15
-0.9422704700364372,-0.2831854070761493,0.3601890704582857,0.7739051233034303,0.4565033823809833,0.25732123752535363,0.5604702966454319,1.2419230577438896,-0.9291684654932499,0.8542419270271111,0.2772088956520187,-0.09606473416227178,-0.6663690978346549,0.0,1.0,0.0,0.0,0.0,1.0,0.0,0.0,1.0,0.0,0.0,0.0,Medium,2.22
1.2456640579119436,1.5517092392055944,-1.1056834682056522,-0.24386790132386993,0.1965871086221305,-0.7558517902802261,-1.0065482401078727,-0.80520286161417,1.0762311003195197,-0.7097110959391908,0.7704631583780309,-0.8041585977662399,0.3473769942058949,1.0,0.0,0.0,0.0,0.0,1.0,0.0,0.0,1.0,0.0,0.0,0.0,High,1.49
-0.9422704700364372,-1.200632730217021,-0.3118720934474398,0.368984672645257,-0.8939311704095777,-0.6693614098577986,-0.2230389717312203,-0.80520286161417,-0.9291684654932499,0.01833600095891534,-0.7092996298000055,-0.8041585977662399,-0.6009661241546194,1.0,0.0,0.0,0.0,0.0,0.0,0.0,1.0,0.0,0.0,1.0,0.0,High,1.64
0.5163525485958167,1.5517092392055944,0.07285857284641756,-0.9114394551116685,-0.3627979153371395,0.26967700615712914,0.5604702966454319,1.2419230577438896,-0.9291684654932499,-0.6422993277078847,-0.2160453670739934,0.6120291294416963,0.1511680731657886,0.0,1.0,0.0,0.0,0.0,0.0,1.0,0.0,1.0,0.0,0.0,0.0,High,1.62
1.9749755672280704,1.5517092392055944,-0.19986189946315233,-0.32594637105187796,-0.28934331623137693,0.18318662573470126,-1.0065482401078727,-0.80520286161417,-0.9291684654932499,0.04530070825143781,-0.2160453670739934,-0.8041585977662399,-0.1431453083943712,0.0,1.0,0.0,0.0,0.0,0.0,1.0,0.0,1.0,0.0,0.0,0.0,High,1.7
-1.671581979352564,-1.200632730217021,0.16051872466020772,0.5167259181556716,0.40565019838468613,-0.22455373911388535,1.3439795650220843,1.2419230577438896,-0.9291684654932499,0.01833600095891534,-1.2025538925260177,-1.1582055295682239,0.9687052441662318,1.0,0.0,0.0,0.0,1.0,0.0,0.0,0.0,0.0,0.0,1.0,0.0,Medium,2.12
-1.671581979352564,-1.200632730217021,-0.3362221356179371,1.2226007578165403,0.4226012597167851,-0.0021499037419291703,1.3439795650220843,-0.80520286161417,-0.9291684654932499,0.01833600095891534,0.2772088956520187,-0.09606473416227178,0.7397948362861079,0.0,1.0,0.0,0.0,0.0,0.0,0.0,1.0,0.0,0.0,1.0,0.0,High,1.98
1.2456640579119436,1.5517092392055944,0.3066189776831915,-0.2657554932513386,0.09488074062953608,0.7762635200599187,-1.0065482401078727,1.2419230577438896,1.0762311003195197,0.07226541554395999,1.756971683830055,0.6120291294416963,0.7070933494460903,0.0,1.0,0.0,0.0,1.0,0.0,0.0,0.0,1.0,0.0,0.0,0.0,High,2.01
-0.9422704700364372,-1.200632730217021,-1.0764634176010552,-1.3984383754978496,-1.2047006281647277,-0.9164767824933059,0.5604702966454319,-0.80520286161417,1.0762311003195197,0.01833600095891534,-0.7092996298000055,-1.1582055295682239,-1.3203988346350097,1.0,0.0,0.0,0.0,0.0,0.0,0.0,1.0,1.0,0.0,0.0,0.0,High,0.82
-0.9422704700364372,-0.2831854070761493,-1.884884817661566,-1.4695730492621233,-0.9391340006285088,-0.8917652452297552,-0.2230389717312203,-0.80520286161417,-0.9291684654932499,-2.300628826198015,3.2367344720080915,-1.512252461370208,-2.0398315451154003,0.0,1.0,0.0,0.0,0.0,0.0,0.0,1.0,1.0,0.0,0.0,0.0,High,0.72
0.5163525485958167,1.5517092392055944,0.5939494752950597,0.27596240695351437,0.46215373615834976,0.43030199837020855,2.1274888333987367,-0.80520286161417,-0.9291684654932499,0.7463830978570212,-1.2025538925260177,-0.45011166596425584,0.5108844284059836,0.0,1.0,0.0,0.0,0.0,0.0,1.0,0.0,1.0,0.0,0.0,0.0,Medium,2.24
-0.9422704700364372,-0.2831854070761493,1.650741305494643,1.2444883497440093,2.3493718977987155,1.7153019360748465,-1.0065482401078727,-0.80520286161417,1.0762311003195197,1.6092537312177397,-1.2025538925260177,2.0282168566496326,0.05306361264573542,0.0,1.0,0.0,0.0,0.0,0.0,0.0,1.0,0.0,1.0,0.0,0.0,Low,3.17
-0.2129589607203102,-0.2831854070761493,-0.22421194163364963,0.2595467130079129,0.26439135395052704,0.28203277478890426,2.1274888333987367,-0.80520286161417,-0.9291684654932499,0.2745007202378788,-0.7092996298000055,-0.09606473416227178,-0.17584679523438881,1.0,0.0,0.0,0.0,1.0,0.0,0.0,0.0,0.0,0.0,1.0,0.0,Medium,2.12
-0.2129589607203102,-0.2831854070761493,-0.27291202597464426,0.18294014126177213,-0.40235039177870424,-0.7311402530166754,0.5604702966454319,1.2419230577438896,-0.9291684654932499,-0.4535463766602273,0.7704631583780309,-0.8041585977662399,-1.1241899135949034,0.0,1.0,0.0,0.0,0.0,0.0,1.0,0.0,1.0,0.0,0.0,0.0,High,1.43
-1.671581979352564,-1.200632730217021,1.0030301837594147,0.00783940584202149,0.40565019838468613,0.40559046110665786,1.3439795650220843,1.2419230577438896,-0.9291684654932499,0.01833600095891534,1.263717421104043,-1.1582055295682239,-0.11044382155435328,0.0,1.0,0.0,0.0,0.0,1.0,0.0,0.0,0.0,1.0,0.0,0.0,Medium,2.15
1.2456640579119436,1.5517092392055944,0.5452493909540651,1.178825573961603,0.818126024132431,-0.01450567237370427,1.3439795650220843,-0.80520286161417,1.0762311003195197,0.16664189106778893,-0.2160453670739934,0.6120291294416963,0.9033022704861966,0.0,1.0,0.0,0.0,0.0,0.0,1.0,0.0,1.0,0.0,0.0,0.0,Medium,2.14
0.5163525485958167,-0.2831854070761493,-0.10246173078116311,-0.008576288103579964,-0.0802802264688213,0.43030199837020855,-1.0065482401078727,1.2419230577438896,1.0762311003195197,0.8137948660883276,-1.2025538925260177,0.9660760612436803,0.5435859152460015,0.0,1.0,0.0,0.0,0.0,1.0,0.0,0.0,1.0,0.0,0.0,0.0,Medium,2.13
-1.671581979352564,-1.200632730217021,0.42349918010157855,0.5988043878836796,0.49605585882254805,0.813330825955245,-1.0065482401078727,1.2419230577438896,1.0762311003195197,0.01833600095891534,-0.7092996298000055,0.6120291294416963,0.2819740205258594,0.0,1.0,0.0,0.0,0.0,1.0,0.0,0.0,1.0,0.0,0.0,0.0,Medium,2.15
-0.2129589607203102,-1.200632730217021,-0.9401031814462706,-0.6597321479457771,-1.2329523970515597,-0.7558517902802261,-1.0065482401078727,1.2419230577438896,1.0762311003195197,0.01833600095891534,0.2772088956520187,-0.8041585977662399,-0.8625780188747614,0.0,1.0,0.0,0.0,0.0,1.0,0.0,0.0,0.0,0.0,1.0,0.0,High,1.3
0.5163525485958167,1.5517092392055944,-1.1154234850738511,-0.5229346983990969,-0.4871056984391997,-0.311044119536313,-0.2230389717312203,-0.80520286161417,1.0762311003195197,-1.019805229803199,0.7704631583780309,-1.1582055295682239,-0.8952795057147792,0.0,1.0,0.0,0.0,1.0,0.0,0.0,0.0,1.0,0.0,0.0,0.0,High,1.15
-1.671581979352564,-1.200632730217021,1.3828908416191725,1.0037248385418522,1.2136507885480765,0.9986673554318753,-0.2230389717312203,-0.80520286161417,-0.9291684654932499,0.01833600095891534,-0.7092996298000055,1.3201229930456644,2.5383766124870837,0.0,1.0,0.0,0.0,0.0,0.0,1.0,0.0,0.0,1.0,0.0,0.0,Low,2.69
0.5163525485958167,1.5517092392055944,-1.7046945055998857,-1.1576748642956927,-1.2103509819420941,-0.644649872594248,-0.2230389717312203,1.2419230577438896,-0.9291684654932499,-1.8961582168101783,0.7704631583780309,-0.09606473416227178,-1.0260854530748502,1.0,0.0,0.0,0.0,1.0,0.0,0.0,0.0,1.0,0.0,0.0,0.0,High,0.69
-0.2129589607203102,0.6342619160647225,-0.2339519585018487,-0.408024840779886,-0.30064402378610944,0.08434047668049872,0.5604702966454319,-0.80520286161417,-0.9291684654932499,-0.6557816813541458,2.743480209282079,-0.45011166596425584,-0.6663690978346549,0.0,1.0,0.0,0.0,1.0,0.0,0.0,0.0,0.0,0.0,1.0,0.0,High,1.62
0.5163525485958167,1.5517092392055944,-0.6966027597412975,-0.2876430851788074,0.2248388775089623,0.1955423943664768,0.5604702966454319,-0.80520286161417,-0.9291684654932499,-0.46702873030648856,1.263717421104043,-1.1582055295682239,0.1511680731657886,0.0,1.0,0.0,0.0,0.0,0.0,0.0,1.0,0.0,0.0,1.0,0.0,High,1.9
1.2456640579119436,1.5517092392055944,0.6669996018065516,0.7793770212852972,0.993286991230788,1.529965406598216,-1.0065482401078727,1.2419230577438896,1.0762311003195197,0.6789713296257153,-0.7092996298000055,-0.09606473416227178,1.5573320072865513,1.0,0.0,0.0,0.0,0.0,0.0,0.0,1.0,0.0,1.0,0.0,0.0,Medium,2.41
1.2456640579119436,1.5517092392055944,2.059822013958998,1.753374862057659,2.5245328648970724,1.295205802594484,-1.0065482401078727,-0.80520286161417,-0.9291684654932499,1.6227360848640011,-0.2160453670739934,0.25798219763971225,0.7070933494460903,1.0,0.0,0.0,0.0,0.0,1.0,0.0,0.0,0.0,0.0,1.0,0.0,Low,3.16
1.9749755672280704,1.5517092392055944,-1.5585942525769019,-1.5461796210082641,-0.9617354157379743,-0.8052748648073276,0.5604702966454319,1.2419230577438896,-0.9291684654932499,-1.087216998034505,1.756971683830055,-1.1582055295682239,-1.7782196503952583,1.0,0.0,0.0,0.0,1.0,0.0,0.0,0.0,0.0,1.0,0.0,0.0,High,0.94
-0.9422704700364372,-1.200632730217021,1.8845017103314168,1.255432145707744,1.9933996098246347,1.9500615400785786,1.3439795650220843,-0.80520286161417,-0.9291684654932499,0.01833600095891534,-1.2025538925260177,2.3822637884516165,0.6089888889260368,0.0,1.0,0.0,0.0,0.0,0.0,1.0,0.0,0.0,0.0,1.0,0.0,Low,3.2
0.5163525485958167,0.6342619160647225,0.4137591632333798,-0.8129452914380589,-0.6057631277638931,-0.8546979393344291,0.5604702966454319,1.2419230577438896,1.0762311003195197,-0.6288169740616234,-0.2160453670739934,-0.45011166596425584,-0.6663690978346549,0.0,1.0,0.0,1.0,0.0,0.0,0.0,0.0,1.0,0.0,0.0,0.0,Medium,1.45
-0.2129589607203102,-0.2831854070761493,0.4575892391402749,0.15010875337056884,0.7785735476908663,-0.409890268590516,-0.2230389717312203,1.2419230577438896,1.0762311003195197,0.01833600095891534,-0.7092996298000055,0.25798219763971225,0.11846658632577067,0.0,1.0,0.0,0.0,1.0,0.0,0.0,0.0,1.0,0.0,0.0,0.0,Medium,2.11
-0.9422704700364372,-0.2831854070761493,-1.699824497165786,-1.7650555402829522,-1.4646169019235806,-1.8060921239811318,-1.0065482401078727,1.2419230577438896,1.0762311003195197,-1.3838287782522516,-0.2160453670739934,-1.1582055295682239,-2.0398315451154003,0.0,1.0,0.0,1.0,0.0,0.0,0.0,0.0,1.0,0.0,0.0,0.0,High,0.73
1.9749755672280704,1.5517092392055944,-0.3849222199589317,-0.17273322755959605,0.28134241528262594,0.010205864889846369,1.3439795650220843,1.2419230577438896,-0.9291684654932499,-0.4535463766602273,1.263717421104043,-0.8041585977662399,-0.17584679523438881,0.0,1.0,0.0,0.0,0.0,1.0,0.0,0.0,0.0,0.0,1.0,0.0,Medium,1.96
0.5163525485958167,1.5517092392055944,0.24817887647399822,0.08444597758816225,0.35479701438838895,0.3067443120524549,0.5604702966454319,1.2419230577438896,-0.9291684654932499,0.9755831098434625,-0.7092996298000055,-0.09606473416227178,0.3146755073658773,1.0,0.0,0.0,0.0,1.0,0.0,0.0,0.0,0.0,1.0,0.0,0.0,Medium,2.02
1.2456640579119436,0.6342619160647225,-0.06350166330836757,0.423703652463929,0.049677910410604924,-0.8670537079662043,1.3439795650220843,-0.80520286161417,1.0762311003195197,-0.46702873030648856,0.7704631583780309,0.25798219763971225,0.08576509948575305,0.0,1.0,0.0,1.0,0.0,0.0,0.0,0.0,0.0,0.0,1.0,0.0,High,1.72
0.5163525485958167,-0.2831854070761493,-1.7436545730726816,-2.197335480850461,-1.8657920201165925,-1.707245974926929,-1.0065482401078727,1.2419230577438896,1.0762311003195197,-2.3815229480755824,2.2502259465560672,-1.1582055295682239,-1.1568914004349211,1.0,0.0,0.0,0.0,0.0,0.0,1.0,0.0,0.0,0.0,1.0,0.0,High,0.29
0.5163525485958167,-0.2831854070761493,-0.5164124476796172,-0.5338784943628315,-0.41365109933343674,-0.10099605279613172,1.3439795650220843,1.2419230577438896,1.0762311003195197,-0.008628706333607131,-0.2160453670739934,0.6120291294416963,0.24927253368584176,0.0,1.0,0.0,0.0,0.0,0.0,0.0,1.0,1.0,0.0,0.0,0.0,High,1.71
-0.2129589607203102,-0.2831854070761493,0.24330886803989868,0.6480514697204843,0.3886991370525868,1.0975135044860784,-0.2230389717312203,-0.80520286161417,-0.9291684654932499,0.6654889759794543,-1.2025538925260177,0.6120291294416963,1.655436467806605,0.0,1.0,0.0,0.0,0.0,1.0,0.0,0.0,0.0,0.0,1.0,0.0,Medium,2.37
-0.9422704700364372,-0.2831854070761493,0.004678454769025167,0.9435339607413132,0.9650352223439561,1.2581384966991582,-0.2230389717312203,-0.80520286161417,-0.9291684654932499,0.08574776919022152,-0.2160453670739934,-0.09606473416227178,0.9687052441662318,1.0,0.0,0.0,0.0,0.0,1.0,0.0,0.0,1.0,0.0,0.0,0.0,Medium,2.22
0.5163525485958167,-0.2831854070761493,0.7643997704885408,0.757489429357828,0.9650352223439561,0.9863115868000999,-1.0065482401078727,-0.80520286161417,1.0762311003195197,1.433983133816344,-1.2025538925260177,0.6120291294416963,0.8378992968061614,1.0,0.0,0.0,0.0,0.0,1.0,0.0,0.0,0.0,0.0,1.0,0.0,Low,2.71
-1.671581979352564,-1.200632730217021,1.577691178983151,0.757489429357828,0.14008357084846684,0.38087892384310723,1.3439795650220843,-0.80520286161417,1.0762311003195197,0.01833600095891534,-0.7092996298000055,-0.09606473416227178,0.020362125805717505,0.0,1.0,0.0,0.0,0.0,1.0,0.0,0.0,0.0,0.0,1.0,0.0,Medium,2.36
-0.9422704700364372,-1.200632730217021,-0.35570216935433524,0.48389453026446827,0.4678040899357162,0.28203277478890426,1.3439795650220843,1.2419230577438896,1.0762311003195197,0.01833600095891534,-0.2160453670739934,-0.45011166596425584,-0.4374586899545307,1.0,0.0,0.0,0.0,0.0,1.0,0.0,0.0,0.0,1.0,0.0,0.0,Medium,2.18
1.2456640579119436,0.6342619160647225,0.004678454769025167,0.6972985515572891,-0.07462987269145485,0.33145584931600597,0.5604702966454319,-0.80520286161417,-0.9291684654932499,0.24753601294535635,0.2772088956520187,0.6120291294416963,-0.6336676109946373,0.0,1.0,0.0,0.0,0.0,0.0,1.0,0.0,1.0,0.0,0.0,0.0,High,1.71
0.5163525485958167,-0.2831854070761493,0.10207862345101439,0.67541095962982,0.8124756703550642,0.3561673865795566,0.5604702966454319,-0.80520286161417,-0.9291684654932499,0.35539484211544625,-0.7092996298000055,0.6120291294416963,0.5435859152460015,0.0,1.0,0.0,0.0,0.0,0.0,1.0,0.0,1.0,0.0,0.0,0.0,Medium,2.43
1.9749755672280704,1.5517092392055944,0.793619821093138,0.2923781008991162,0.7277203636945687,0.05962893941694764,0.5604702966454319,-0.80520286161417,-0.9291684654932499,0.9351360489046785,-0.2160453670739934,0.9660760612436803,0.6743918626060726,1.0,0.0,0.0,0.0,0.0,0.0,1.0,0.0,1.0,0.0,0.0,0.0,Medium,2.66
-0.2129589607203102,0.6342619160647225,1.1540004452164978,1.3046792275445482,1.3436089254275028,0.8380423632187955,2.1274888333987367,-0.80520286161417,1.0762311003195197,0.9216536952584176,-0.7092996298000055,0.25798219763971225,1.5573320072865513,0.0,1.0,0.0,0.0,1.0,0.0,0.0,0.0,0.0,1.0,0.0,0.0,Low,2.45
-0.2129589607203102,-1.200632730217021,-0.375182203090733,-0.5667098822540348,0.7785735476908663,-0.15041912732323343,0.5604702966454319,1.2419230577438896,-0.9291684654932499,0.01833600095891534,-1.2025538925260177,1.3201229930456644,0.1511680731657886,0.0,1.0,0.0,0.0,0.0,1.0,0.0,0.0,1.0,0.0,0.0,0.0,High,1.82
-1.671581979352564,-1.200632730217021,-1.685214471863488,-1.7759993362466864,-1.8657920201165925,-1.1141690806017115,-1.0065482401078727,-0.80520286161417,-0.9291684654932499,0.01833600095891534,1.263717421104043,-1.1582055295682239,-0.6336676109946373,1.0,0.0,0.0,1.0,0.0,0.0,0.0,0.0,1.0,0.0,0.0,0.0,High,0.76
-0.9422704700364372,-1.200632730217021,-0.5310224729819155,0.30879379484471764,0.032726849078505996,-0.0021499037419291703,-0.2230389717312203,-0.80520286161417,-0.9291684654932499,0.01833600095891534,0.2772088956520187,-0.8041585977662399,0.5108844284059836,0.0,1.0,0.0,0.0,0.0,1.0,0.0,0.0,0.0,0.0,1.0,0.0,High,1.87
1.9749755672280704,1.5517092392055944,-1.0277633332600606,-0.6433164540001756,-0.5436092362128634,-0.22455373911388535,0.5604702966454319,-0.80520286161417,1.0762311003195197,-1.990534692334007,1.263717421104043,-1.1582055295682239,-1.6474137030351872,0.0,1.0,0.0,0.0,0.0,0.0,0.0,1.0,0.0,0.0,1.0,0.0,High,1.15
-0.9422704700364372,-1.200632730217021,2.3568925284390647,1.8901723116043392,1.3436089254275028,1.9871288459739045,2.9109981017753888,1.2419230577438896,-0.9291684654932499,0.01833600095891534,-1.2025538925260177,1.3201229930456644,1.1322126783663204,0.0,1.0,0.0,0.0,0.0,1.0,0.0,0.0,0.0,1.0,0.0,0.0,Low,3.19
0.5163525485958167,-0.2831854070761493,1.9575518368429088,0.9544777567050479,1.27015432632174,1.8265038537608251,0.5604702966454319,1.2419230577438896,-0.9291684654932499,1.8654184504967029,-1.2025538925260177,3.090357652055584,1.459227546766498,1.0,0.0,0.0,0.0,0.0,0.0,1.0,0.0,0.0,1.0,0.0,0.0,Low,2.83
1.2456640579119436,1.5517092392055944,1.1345204114801002,0.6699390616479531,0.9367834534571243,0.9245327436412231,1.3439795650220843,-0.80520286161417,1.0762311003195197,1.433983133816344,-0.7092996298000055,0.9660760612436803,-0.01233936103430012,1.0,0.0,0.0,0.0,0.0,0.0,0.0,1.0,1.0,0.0,0.0,0.0,Low,2.86
0.5163525485958167,1.5517092392055944,0.06311855597821849,0.035198895751357505,0.4113005521620526,-0.2492652763774362,-1.0065482401078727,-0.80520286161417,1.0762311003195197,0.22057130565283387,0.2772088956520187,-0.09606473416227178,0.08576509948575305,0.0,1.0,0.0,0.0,0.0,0.0,1.0,0.0,1.0,0.0,0.0,0.0,High,2.05
-1.671581979352564,-1.200632730217021,-0.8037429452914855,-0.35877775894308084,-0.9334836468511424,-0.5828710294353712,-1.0065482401078727,-0.80520286161417,1.0762311003195197,0.01833600095891534,0.7704631583780309,-0.45011166596425584,-0.04504084787431804,0.0,1.0,0.0,0.0,0.0,0.0,1.0,0.0,1.0,0.0,0.0,0.0,High,1.51
-0.9422704700364372,-1.200632730217021,-1.0862034344692542,-1.8471340100109601,-1.0747424912853016,-1.6825344376633782,-1.0065482401078727,-0.80520286161417,1.0762311003195197,0.01833600095891534,-0.7092996298000055,-1.512252461370208,-1.2549958609549743,1.0,0.0,0.0,1.0,0.0,0.0,0.0,0.0,1.0,0.0,0.0,0.0,High,0.64
-0.2129589607203102,-1.200632730217021,2.054952005524898,1.6494088004021827,1.0158884063402538,0.40559046110665786,2.9109981017753888,1.2419230577438896,-0.9291684654932499,0.01833600095891534,-1.2025538925260177,1.3201229930456644,1.491929033606516,0.0,1.0,0.0,0.0,0.0,1.0,0.0,0.0,0.0,1.0,0.0,0.0,Low,2.67
-0.9422704700364372,-1.200632730217021,-0.21447192476545057,0.6261638777930156,0.5186572739320134,-0.5705152608035956,-1.0065482401078727,-0.80520286161417,1.0762311003195197,0.01833600095891534,-0.7092996298000055,-0.8041585977662399,-0.6663690978346549,1.0,0.0,0.0,1.0,0.0,0.0,0.0,0.0,1.0,0.0,0.0,0.0,Medium,1.94
-0.2129589607203102,-1.200632730217021,-0.8573130380665795,-1.1740905582412942,-1.0577914299532023,-0.5087364176447188,-1.0065482401078727,-0.80520286161417,1.0762311003195197,0.01833600095891534,3.7299887347341034,-1.1582055295682239,-0.797175045194726,1.0,0.0,0.0,0.0,0.0,0.0,0.0,1.0,1.0,0.0,0.0,0.0,High,1.1
-0.2129589607203102,-0.2831854070761493,0.7351797198839444,0.7793770212852972,1.5131195387484937,0.8380423632187955,0.5604702966454319,-0.80520286161417,-0.9291684654932499,1.0429948780747684,-0.7092996298000055,0.25798219763971225,0.870600783646179,0.0,1.0,0.0,0.0,0.0,0.0,0.0,1.0,0.0,0.0,1.0,0.0,Medium,2.79
0.5163525485958167,1.5517092392055944,1.3926308584873717,0.6644671636660858,1.2984060952085719,0.022561633521621906,2.1274888333987367,-0.80520286161417,1.0762311003195197,1.5822890239252172,-1.2025538925260177,1.3201229930456644,0.41277996788593047,0.0,1.0,0.0,0.0,1.0,0.0,0.0,0.0,0.0,0.0,1.0,0.0,Medium,2.71
-0.9422704700364372,-0.2831854070761493,1.3293207488440788,0.5495573060468745,0.9706855761213222,1.3075615712262594,-1.0065482401078727,-0.80520286161417,-0.9291684654932499,1.3396066582925155,-1.2025538925260177,0.25798219763971225,0.1511680731657886,0.0,1.0,0.0,0.0,1.0,0.0,0.0,0.0,0.0,0.0,1.0,0.0,Low,2.67
0.5163525485958167,0.6342619160647225,1.2465306054643877,0.8012646132127663,0.8463777930192629,0.2449654688935781,-0.2230389717312203,-0.80520286161417,-0.9291684654932499,1.5553243166326947,-1.2025538925260177,-0.09606473416227178,1.8843468756867288,0.0,1.0,0.0,1.0,0.0,0.0,0.0,0.0,1.0,0.0,0.0,0.0,Low,3.07
-0.2129589607203102,-1.200632730217021,1.0712103018368067,0.757489429357828,1.4340145858653643,1.4681865634393392,-1.0065482401078727,-0.80520286161417,-0.9291684654932499,0.01833600095891534,-1.2025538925260177,1.6741699248476485,2.3421676914469773,0.0,1.0,0.0,0.0,0.0,0.0,1.0,0.0,1.0,0.0,0.0,0.0,Low,2.63
1.2456640579119436,0.6342619160647225,-0.09272171391296405,-0.024991982049181804,-0.08593058024618774,0.5538596846879622,-0.2230389717312203,-0.80520286161417,-0.9291684654932499,-0.7501581568779745,0.7704631583780309,0.6120291294416963,0.11846658632577067,1.0,0.0,0.0,0.0,1.0,0.0,0.0,0.0,0.0,0.0,1.0,0.0,High,1.72
-0.2129589607203102,0.6342619160647225,-0.7842629115550876,-0.9661584349303405,-0.5492595899902294,-1.1512363864970379,-1.0065482401078727,-0.80520286161417,1.0762311003195197,-1.4242758391910357,0.2772088956520187,-1.1582055295682239,-1.1895928872749388,0.0,1.0,0.0,0.0,0.0,1.0,0.0,0.0,1.0,0.0,0.0,0.0,High,1.0
1.2456640579119436,1.5517092392055944,0.3309690198536889,0.1282211614431001,0.04402755663323888,-0.409890268590516,0.5604702966454319,1.2419230577438896,-0.9291684654932499,0.530665439516842,-0.7092996298000055,-0.09606473416227178,1.099511191526303,1.0,0.0,0.0,0.0,0.0,1.0,0.0,0.0,0.0,1.0,0.0,0.0,Medium,2.14
1.9749755672280704,1.5517092392055944,0.5793394499927614,0.43464744842766356,1.2588536187670072,0.14611931983937554,-0.2230389717312203,-0.80520286161417,1.0762311003195197,0.5441477931631029,-1.2025538925260177,0.6120291294416963,0.6416903757660544,1.0,0.0,0.0,0.0,1.0,0.0,0.0,0.0,0.0,0.0,1.0,0.0,Medium,2.21
-0.2129589607203102,-0.2831854070761493,-0.019671587401472138,0.9380620627594464,0.9198323921250254,0.9739558181683248,0.5604702966454319,-0.80520286161417,-0.9291684654932499,0.22057130565283387,-0.7092996298000055,0.9660760612436803,0.1838695600058062,0.0,1.0,0.0,0.0,0.0,1.0,0.0,0.0,1.0,0.0,0.0,0.0,Medium,2.14
-1.671581979352564,-1.200632730217021,0.6669996018065516,1.091275206251728,0.21918852373159586,0.43030199837020855,0.5604702966454319,-0.80520286161417,-0.9291684654932499,0.01833600095891534,-0.7092996298000055,-1.1582055295682239,0.9360037573262142,0.0,1.0,0.0,0.0,0.0,1.0,0.0,0.0,1.0,0.0,0.0,0.0,Medium,2.19
-0.9422704700364372,-1.200632730217021,-1.2907437887014315,-1.113899680440755,-0.5549099437675958,-2.0902748025119653,-1.0065482401078727,1.2419230577438896,-0.9291684654932499,0.01833600095891534,-0.7092996298000055,-1.1582055295682239,-1.7128166767152226,0.0,1.0,0.0,0.0,0.0,1.0,0.0,0.0,0.0,0.0,1.0,0.0,High,0.9
-0.9422704700364372,-0.2831854070761493,-1.3248338477401278,-0.9278551490572703,-1.1990502743873612,0.31910008068423046,-0.2230389717312203,1.2419230577438896,-0.9291684654932499,-1.2085581808508559,1.263717421104043,-1.1582055295682239,-1.1895928872749388,1.0,0.0,0.0,0.0,0.0,0.0,0.0,1.0,1.0,0.0,0.0,0.0,High,1.08
0.5163525485958167,1.5517092392055944,1.2660106392007853,1.5946898205835107,1.3323082178727699,0.6279942964786145,0.5604702966454319,1.2419230577438896,1.0762311003195197,1.4070184265238215,-0.2160453670739934,1.6741699248476485,1.3611230862464452,0.0,1.0,0.0,0.0,0.0,1.0,0.0,0.0,1.0,0.0,0.0,0.0,Medium,2.89
-0.2129589607203102,-0.2831854070761493,1.743271465742533,1.8573409237131362,0.6938182410303708,1.1592923476449553,-0.2230389717312203,-0.80520286161417,1.0762311003195197,1.9597949260205318,-1.2025538925260177,0.9660760612436803,1.230317138886374,1.0,0.0,0.0,0.0,0.0,1.0,0.0,0.0,0.0,0.0,1.0,0.0,Low,3.27
-0.2129589607203102,0.6342619160647225,-1.1543835525466468,-1.4422135593527872,0.1739856935126651,-1.1883036923923638,0.5604702966454319,1.2419230577438896,-0.9291684654932499,-1.4107934855447741,-0.2160453670739934,-0.09606473416227178,-0.1431453083943712,1.0,0.0,0.0,0.0,1.0,0.0,0.0,0.0,0.0,0.0,1.0,0.0,High,1.02
-0.2129589607203102,-0.2831854070761493,0.8910199897751272,1.8354533317856672,0.4565033823809833,0.6897731396374913,2.1274888333987367,-0.80520286161417,1.0762311003195197,2.013724340605577,-1.2025538925260177,0.9660760612436803,1.8516453888467113,1.0,0.0,0.0,0.0,0.0,1.0,0.0,0.0,0.0,1.0,0.0,0.0,Medium,2.82
-0.9422704700364372,-1.200632730217021,-1.4514540670267138,-1.628258090736272,-2.029652279660217,-1.6207555945045014,-1.0065482401078727,1.2419230577438896,1.0762311003195197,0.01833600095891534,1.263717421104043,-1.512252461370208,-2.0398315451154003,0.0,0.0,1.0,0.0,0.0,0.0,0.0,1.0,0.0,0.0,1.0,0.0,High,0.57
-0.2129589607203102,-0.2831854070761493,1.251400613898487,0.19388393722550631,0.07792967929743674,0.6774173710057158,1.3439795650220843,1.2419230577438896,1.0762311003195197,0.3149477811766622,0.2772088956520187,1.6741699248476485,0.38007848104591285,1.0,0.0,0.0,0.0,0.0,0.0,0.0,1.0,1.0,0.0,0.0,0.0,Medium,2.04
0.5163525485958167,0.6342619160647225,1.5289910946421563,1.6056336165472445,2.253315883583487,2.308378830400064,2.1274888333987367,-0.80520286161417,-0.9291684654932499,2.4047125963471525,-1.2025538925260177,3.444404583857568,2.7345855335271905,1.0,0.0,0.0,0.0,1.0,0.0,0.0,0.0,1.0,0.0,0.0,0.0,Low,3.21
-0.2129589607203102,0.6342619160647225,0.09233860658281533,0.0023675078601542096,0.30394383039209133,-0.32339988816808835,-0.2230389717312203,-0.80520286161417,-0.9291684654932499,-0.12996988914995797,-0.2160453670739934,-0.8041585977662399,-0.01233936103430012,1.0,0.0,0.0,0.0,1.0,0.0,0.0,0.0,0.0,1.0,0.0,0.0,Medium,1.96
0.5163525485958167,-0.2831854070761493,0.9689401247207183,0.40728795851832755,0.840727439241896,0.28203277478890426,-0.2230389717312203,-0.80520286161417,1.0762311003195197,1.447465487462605,0.2772088956520187,2.0282168566496326,0.24927253368584176,1.0,0.0,0.0,0.0,1.0,0.0,0.0,0.0,1.0,0.0,0.0,0.0,Medium,2.57
-0.2129589607203102,-1.200632730217021,1.2806206645030842,1.3593982073632203,1.8521407653904756,1.628811555652419,-0.2230389717312203,-0.80520286161417,1.0762311003195197,0.01833600095891534,-1.2025538925260177,0.6120291294416963,-0.20854828207440673,1.0,0.0,0.0,0.0,0.0,1.0,0.0,0.0,0.0,1.0,0.0,0.0,Low,2.96
1.2456640579119436,0.6342619160647225,0.3942791294969821,0.5112540201738043,0.2248388775089623,0.5291481474244115,2.9109981017753888,1.2419230577438896,-0.9291684654932499,0.94861840255094,1.263717421104043,0.25798219763971225,0.3473769942058949,1.0,0.0,0.0,0.0,1.0,0.0,0.0,0.0,1.0,0.0,0.0,0.0,High,2.05
-0.2129589607203102,-1.200632730217021,1.027380225929912,1.2444883497440093,1.287105387653839,1.221071190803832,1.3439795650220843,-0.80520286161417,1.0762311003195197,0.01833600095891534,-0.7092996298000055,0.9660760612436803,1.3611230862464452,0.0,1.0,0.0,0.0,0.0,1.0,0.0,0.0,0.0,0.0,1.0,0.0,Medium,2.61
1.2456640579119436,1.5517092392055944,0.783879804224939,1.036556226433056,1.5809237840768902,0.9739558181683248,2.1274888333987367,1.2419230577438896,-0.9291684654932499,1.1238889999523358,-0.7092996298000055,0.25798219763971225,1.1322126783663204,1.0,0.0,0.0,0.0,0.0,1.0,0.0,0.0,0.0,0.0,1.0,0.0,Medium,2.51
-0.2129589607203102,-1.200632730217021,-1.4904141344995094,-0.9716303329122077,-0.9447843544058749,-0.9041210138615305,0.5604702966454319,1.2419230577438896,1.0762311003195197,0.01833600095891534,-0.2160453670739934,-1.512252461370208,-1.3858018083150454,1.0,0.0,0.0,0.0,0.0,0.0,1.0,0.0,0.0,0.0,1.0,0.0,High,1.08
-0.9422704700364372,-1.200632730217021,0.43810920540387716,0.6863547555935545,0.038377202855872435,0.43030199837020855,0.5604702966454319,-0.80520286161417,-0.9291684654932499,0.01833600095891534,1.263717421104043,-0.09606473416227178,-0.01233936103430012,1.0,0.0,0.0,0.0,0.0,1.0,0.0,0.0,0.0,0.0,1.0,0.0,High,2.05
-0.9422704700364372,-0.2831854070761493,0.3358390282877884,0.37445657062712423,0.16833533973529866,-0.1380633586914579,-0.2230389717312203,-0.80520286161417,1.0762311003195197,0.5441477931631029,0.7704631583780309,2.0282168566496326,0.11846658632577067,0.0,1.0,0.0,0.0,0.0,1.0,0.0,0.0,0.0,0.0,1.0,0.0,High,2.09
0.5163525485958167,-0.2831854070761493,0.004678454769025167,-0.20009271746893206,-0.23849013223507934,-0.05157297826903045,-0.2230389717312203,-0.80520286161417,-0.9291684654932499,-0.6153346204153621,0.2772088956520187,-0.09606473416227178,-0.47016017679454863,1.0,0.0,0.0,0.0,0.0,0.0,1.0,0.0,0.0,0.0,1.0,0.0,High,1.47
-0.9422704700364372,-0.2831854070761493,-0.024541595835571667,-0.29858688114254195,-0.4080007455560703,0.6279942964786145,-1.0065482401078727,1.2419230577438896,-0.9291684654932499,-0.3322051938438765,0.2772088956520187,-0.45011166596425584,-1.0914884267548857,1.0,0.0,0.0,0.0,1.0,0.0,0.0,0.0,0.0,0.0,1.0,0.0,High,1.6
0.5163525485958167,-0.2831854070761493,-0.10733173921526265,0.01331130382388877,0.10618144818426857,-0.2739768136409871,-0.2230389717312203,-0.80520286161417,1.0762311003195197,-0.31872284019761526,0.7704631583780309,-0.8041585977662399,-0.24124976891442437,0.0,0.0,1.0,0.0,0.0,1.0,0.0,0.0,1.0,0.0,0.0,0.0,High,1.69
1.2456640579119436,1.5517092392055944,0.06798856441231803,0.40181606053646024,-0.040727750027256586,0.04727317078517254,0.5604702966454319,-0.80520286161417,-0.9291684654932499,0.18012424471404986,0.2772088956520187,-1.1582055295682239,-0.47016017679454863,0.0,1.0,0.0,0.0,0.0,1.0,0.0,0.0,0.0,0.0,1.0,0.0,Medium,2.01
0.5163525485958167,-0.2831854070761493,-0.4238822874317276,0.8286241031221023,-0.14808447179721784,-0.08864028416435663,-0.2230389717312203,-0.80520286161417,1.0762311003195197,-0.4130993157214439,-1.2025538925260177,-0.45011166596425584,-1.3858018083150454,1.0,0.0,0.0,0.0,0.0,1.0,0.0,0.0,1.0,0.0,0.0,0.0,High,1.73
-0.2129589607203102,-0.2831854070761493,-0.6284226416639047,0.01331130382388877,-0.27804260867664404,-0.7805633275437769,0.5604702966454319,1.2419230577438896,1.0762311003195197,-0.777122864170497,0.7704631583780309,0.25798219763971225,0.05306361264573542,1.0,0.0,0.0,0.0,0.0,1.0,0.0,0.0,1.0,0.0,0.0,0.0,High,1.34
-0.2129589607203102,-0.2831854070761493,-0.4238822874317276,0.09538977355189682,0.2361395850636952,0.47972507289731026,1.3439795650220843,-0.80520286161417,-0.9291684654932499,-0.008628706333607131,0.7704631583780309,-0.09606473416227178,0.21657104684582412,1.0,0.0,0.0,1.0,0.0,0.0,0.0,0.0,1.0,0.0,0.0,0.0,High,1.78
-1.671581979352564,-1.200632730217021,-0.2534319922382465,-0.51746280041723,0.5525593965962117,0.034917402153397004,-0.2230389717312203,-0.80520286161417,-0.9291684654932499,0.01833600095891534,-0.2160453670739934,-0.45011166596425584,0.24927253368584176,1.0,0.0,0.0,0.0,0.0,0.0,0.0,1.0,1.0,0.0,0.0,0.0,High,1.69
1.2456640579119436,0.6342619160647225,0.8082298463954363,0.6206919798111483,0.840727439241896,0.4673693042655347,-0.2230389717312203,1.2419230577438896,1.0762311003195197,0.8407595733808502,-1.2025538925260177,-0.09606473416227178,0.2819740205258594,1.0,0.0,0.0,0.0,1.0,0.0,0.0,0.0,0.0,1.0,0.0,0.0,Medium,2.38
-1.671581979352564,-1.200632730217021,1.4997710440375598,0.6699390616479531,0.6147132881472414,1.1963596535402814,-0.2230389717312203,-0.80520286161417,1.0762311003195197,0.01833600095891534,0.2772088956520187,0.6120291294416963,1.099511191526303,1.0,0.0,0.0,0.0,1.0,0.0,0.0,0.0,1.0,0.0,0.0,0.0,Medium,2.3
0.5163525485958167,0.6342619160647225,0.1118186403192131,0.08444597758816225,0.11748215573900146,-0.11335182142790726,-1.0065482401078727,-0.80520286161417,1.0762311003195197,-0.3322051938438765,-0.2160453670739934,-0.45011166596425584,0.5762874020860191,0.0,1.0,0.0,1.0,0.0,0.0,0.0,0.0,1.0,0.0,0.0,0.0,Medium,1.73
-0.9422704700364372,-1.200632730217021,0.0874685981487158,0.1282211614431001,0.818126024132431,-0.11335182142790726,-1.0065482401078727,-0.80520286161417,-0.9291684654932499,0.01833600095891534,0.2772088956520187,-0.45011166596425584,1.491929033606516,0.0,0.0,1.0,0.0,0.0,0.0,1.0,0.0,0.0,1.0,0.0,0.0,Medium,2.14
1.2456640579119436,1.5517092392055944,-1.8702747923592673,-0.8457766793292623,-0.916532585519043,-1.1141690806017115,-1.0065482401078727,-0.80520286161417,1.0762311003195197,-1.4916876074223415,1.263717421104043,-1.512252461370208,-0.5682646373146018,0.0,1.0,0.0,0.0,0.0,1.0,0.0,0.0,1.0,0.0,0.0,0.0,High,0.86
-0.9422704700364372,-0.2831854070761493,1.6361312801923447,1.1350503901066653,1.9086443031641391,1.7153019360748465,-1.0065482401078727,-0.80520286161417,-0.9291684654932499,2.26988905988454,-1.2025538925260177,2.0282168566496326,1.6881379546466224,1.0,0.0,0.0,0.0,0.0,1.0,0.0,0.0,1.0,0.0,0.0,0.0,Low,3.1
1.2456640579119436,1.5517092392055944,0.1118186403192131,-0.8457766793292623,-0.9052318779643106,0.2449654688935781,-0.2230389717312203,1.2419230577438896,1.0762311003195197,-0.6153346204153621,0.2772088956520187,-1.512252461370208,-1.0914884267548857,1.0,0.0,0.0,0.0,1.0,0.0,0.0,0.0,1.0,0.0,0.0,0.0,High,1.22
-0.2129589607203102,-0.2831854070761493,-0.725822810345894,-0.6980354338188476,-1.764085652123998,-0.23690950774566089,-1.0065482401078727,1.2419230577438896,-0.9291684654932499,-1.0332875834494601,-0.2160453670739934,0.25798219763971225,-0.6336676109946373,0.0,1.0,0.0,0.0,0.0,0.0,1.0,0.0,0.0,0.0,1.0,0.0,High,1.41
-1.671581979352564,-1.200632730217021,0.5793394499927614,0.024255099787623333,0.8915806232381935,0.25732123752535363,-0.2230389717312203,-0.80520286161417,-0.9291684654932499,0.01833600095891534,0.2772088956520187,-0.09606473416227178,-0.6336676109946373,0.0,1.0,0.0,0.0,0.0,1.0,0.0,0.0,1.0,0.0,0.0,0.0,Medium,2.23
0.5163525485958167,1.5517092392055944,0.7351797198839444,0.2923781008991162,0.9198323921250254,0.4920808415290853,0.5604702966454319,-0.80520286161417,1.0762311003195197,1.0834419390135517,-0.7092996298000055,-0.8041585977662399,0.11846658632577067,0.0,1.0,0.0,0.0,1.0,0.0,0.0,0.0,0.0,0.0,1.0,0.0,Medium,2.5
1.2456640579119436,0.6342619160647225,0.3358390282877884,-0.21103651343266663,0.010125433969040615,0.010205864889846369,-0.2230389717312203,-0.80520286161417,1.0762311003195197,0.38235954940796874,-0.7092996298000055,0.25798219763971225,1.3284215994064275,1.0,0.0,0.0,0.0,1.0,0.0,0.0,0.0,1.0,0.0,0.0,0.0,Medium,2.14
-0.2129589607203102,0.6342619160647225,-1.1982136284535418,-0.8731361692385983,-0.26109154734454515,-0.409890268590516,-1.0065482401078727,1.2419230577438896,-0.9291684654932499,-0.39961696207518266,0.2772088956520187,0.25798219763971225,-1.1568914004349211,1.0,0.0,0.0,0.0,1.0,0.0,0.0,0.0,1.0,0.0,0.0,0.0,High,1.52
-0.9422704700364372,-0.2831854070761493,-0.7940029284232867,-1.4148540694434513,-0.5040567597712986,-1.1512363864970379,-1.0065482401078727,1.2419230577438896,1.0762311003195197,-1.1141817053270275,1.263717421104043,-0.45011166596425584,-2.0398315451154003,0.0,1.0,0.0,0.0,1.0,0.0,0.0,0.0,1.0,0.0,0.0,0.0,High,1.05
0.5163525485958167,0.6342619160647225,-2.2647454755213237,-2.055066133321914,-1.1199453215042323,-1.633111363136277,-1.0065482401078727,1.2419230577438896,-0.9291684654932499,-2.3410758871367987,0.2772088956520187,-1.1582055295682239,-1.0260854530748502,1.0,0.0,0.0,0.0,0.0,0.0,1.0,0.0,1.0,0.0,0.0,0.0,High,0.27
0.5163525485958167,1.5517092392055944,1.7335314488743339,1.1733536759797358,1.7391336898431482,1.2704942653309332,0.5604702966454319,1.2419230577438896,-0.9291684654932499,2.0946184624831434,-1.2025538925260177,0.6120291294416963,-0.01233936103430012,0.0,1.0,0.0,0.0,0.0,0.0,1.0,0.0,1.0,0.0,0.0,0.0,Low,3.36
0.5163525485958167,0.6342619160647225,0.4819392813107722,0.5605011020106091,0.11748215573900146,1.011023124063651,1.3439795650220843,1.2419230577438896,-0.9291684654932499,0.4228066103467521,-1.2025538925260177,0.25798219763971225,0.9687052441662318,1.0,0.0,0.0,0.0,0.0,1.0,0.0,0.0,1.0,0.0,0.0,0.0,Medium,2.18
-0.9422704700364372,-0.2831854070761493,-0.47745238020682174,-0.05782336994038471,-0.7865744486396169,-0.7805633275437769,-0.2230389717312203,1.2419230577438896,-0.9291684654932499,0.07226541554395999,1.756971683830055,0.25798219763971225,-1.1568914004349211,0.0,1.0,0.0,0.0,0.0,1.0,0.0,0.0,1.0,0.0,0.0,0.0,High,1.59
0.5163525485958167,0.6342619160647225,1.5241210862080572,2.1309358228064963,0.4113005521620526,2.728474963880426,1.3439795650220843,-0.80520286161417,-0.9291684654932499,2.027206694251838,-1.2025538925260177,1.3201229930456644,1.0668097046862852,0.0,1.0,0.0,0.0,0.0,0.0,0.0,1.0,1.0,0.0,0.0,0.0,Low,3.19
