student_id,age,gender,major,year_of_study,attendance_rate,avg_assignment_score,midterm_score,study_hours_per_week,extracurricular_activities,part_time_job,financial_aid,parent_education_level,previous_gpa,missed_deadlines,library_visits_per_month,online_platform_usage_hrs,final_gpa,risk_level
1001,22,F,Computer Science,3,49.6,58.8,56.9,19.5,1,0,0,Bachelor,2.26,2,4.0,6.3,2.13,Medium
1002,21,F,Engineering,2,48.5,30.9,43.9,14.0,2,0,0,None,1.02,1,4.0,5.5,1.35,High
1003,23,M,Business,4,28.1,21.8,23.6,8.6,0,1,1,HighSchool,0.34,5,0.0,1.1,0.38,High
1004,22,F,Arts,3,46.4,58.7,59.4,24.0,0,1,1,Bachelor,2.07,1,3.0,2.9,1.91,Medium
1005,20,Other,Business,1,30.0,26.0,35.6,9.1,0,1,0,Bachelor,,5,2.0,0.0,0.92,High
1006,22,F,Business,4,63.8,46.1,69.2,26.7,3,0,0,Graduate,2.23,1,4.0,6.8,2.23,Medium
1007,21,F,Business,3,38.6,14.5,11.1,5.3,0,1,1,Bachelor,0.44,6,1.0,1.0,0.72,High
1008,21,F,Business,3,41.3,51.3,48.3,20.3,0,0,1,HighSchool,1.83,5,3.0,3.8,1.6,High
1009,19,M,Science,1,75.2,49.8,66.4,23.9,2,1,0,HighSchool,,0,6.0,5.6,2.42,Medium
1010,21,M,Computer Science,2,48.3,38.2,50.8,14.1,0,0,0,HighSchool,2.3,3,3.0,6.0,1.8,High
1011,20,F,Science,2,62.4,73.3,63.1,26.1,0,0,0,Bachelor,2.92,1,8.0,11.4,2.59,Medium
1012,22,Other,Business,4,87.4,82.0,73.3,33.4,1,0,1,Bachelor,3.51,0,4.0,11.1,3.17,Low
1013,20,M,Computer Science,3,44.5,40.3,54.5,14.8,1,1,1,HighSchool,1.7,4,4.0,7.9,1.56,High
1014,23,M,Computer Science,4,41.3,46.3,46.2,18.6,1,1,1,Graduate,1.79,4,4.0,5.2,1.72,High
1015,20,F,Computer Science,2,30.5,20.4,20.6,12.2,0,1,0,HighSchool,0.57,3,2.0,4.1,0.66,High
1016,19,M,Arts,1,29.7,28.9,36.6,6.4,1,1,1,None,,6,3.0,5.2,0.7,High
1017,20,F,Engineering,2,29.8,25.0,38.2,,0,1,1,HighSchool,1.1,5,3.0,,0.89,High
1018,18,F,Business,1,60.7,59.4,63.8,29.4,1,0,0,Graduate,,1,2.0,7.9,2.35,Medium
1019,22,F,Engineering,4,76.6,76.7,67.7,26.2,2,1,1,Graduate,2.87,0,8.0,8.7,2.56,Low
1020,22,F,Engineering,3,78.4,73.1,74.7,24.4,5,0,0,Bachelor,2.98,1,3.0,10.7,2.84,Low
1021,21,F,Science,3,49.4,43.0,60.3,11.6,2,0,0,Graduate,1.82,4,2.0,7.5,1.84,High
1022,19,F,Science,2,69.8,45.6,48.4,19.7,1,0,1,Graduate,2.8,3,2.0,8.1,2.41,Medium
1023,22,F,Arts,4,44.8,46.1,34.0,12.0,1,1,0,Bachelor,1.36,3,3.0,4.6,1.4,High
1024,21,F,Arts,4,60.4,69.4,65.0,22.1,4,1,1,Graduate,2.81,0,6.0,5.7,2.32,Medium
1025,21,F,Arts,3,63.8,62.4,67.1,21.1,2,0,0,HighSchool,2.65,2,5.0,8.2,2.49,Medium
1026,19,M,Engineering,1,89.7,76.3,79.7,33.5,4,0,0,Bachelor,,0,16.0,,3.11,Low
1027,19,F,Arts,2,63.5,54.1,61.3,26.8,3,0,0,Bachelor,2.04,3,3.0,7.0,1.99,High
1028,20,M,Computer Science,1,53.7,47.5,55.8,17.8,1,1,0,Bachelor,,2,2.0,5.4,1.74,Medium
1029,18,F,Arts,1,61.6,48.4,52.6,20.5,1,1,0,HighSchool,,3,6.0,8.8,1.87,Medium
1030,22,F,Science,3,52.1,62.4,57.9,15.9,1,0,1,Bachelor,2.05,1,5.0,4.7,2.2,Medium
1031,22,M,Computer Science,3,77.9,74.0,72.3,25.6,1,0,0,Graduate,2.71,1,,5.6,2.61,Low
1032,21,M,Science,4,31.7,43.4,47.2,16.2,1,0,0,HighSchool,1.8,1,4.0,2.9,1.72,High
1033,20,M,Science,2,35.5,39.5,27.6,7.6,1,0,1,Graduate,1.12,2,2.0,2.5,1.13,High
1034,19,F,Computer Science,2,43.4,52.1,45.9,16.0,1,0,0,HighSchool,1.95,1,6.0,8.4,1.81,High
1035,19,M,Engineering,2,46.6,47.8,39.3,19.3,0,0,1,HighSchool,1.69,5,3.0,3.0,1.75,High
1036,20,M,Science,1,94.6,76.9,67.8,29.0,4,0,0,HighSchool,,1,3.0,6.2,2.63,Low
1037,20,F,Science,1,64.5,54.3,64.2,21.8,4,0,0,Bachelor,,2,6.0,8.3,2.15,Medium
1038,19,F,Computer Science,2,23.0,32.6,24.6,4.7,1,1,1,Bachelor,0.64,5,4.0,5.2,0.73,High
1039,18,M,Business,1,49.1,54.7,49.7,14.3,1,0,1,HighSchool,,2,3.0,2.4,1.51,High
1040,20,M,Arts,3,24.4,33.4,28.1,3.2,0,0,1,Bachelor,0.87,5,1.0,0.0,0.98,High
1041,20,Other,Computer Science,2,10.9,20.0,18.5,5.5,1,1,0,HighSchool,0.65,2,0.0,0.5,0.68,High
1042,21,F,Business,4,65.0,36.5,46.0,17.3,1,1,0,HighSchool,1.59,2,2.0,7.1,1.62,Medium
1043,20,F,Computer Science,3,78.6,51.6,59.8,23.4,4,0,1,Graduate,2.51,2,3.0,8.8,2.29,Low
1044,20,M,Computer Science,2,79.5,87.9,79.1,28.0,0,0,1,Bachelor,3.18,0,11.0,7.8,3.01,Low
1045,21,M,Engineering,4,15.4,24.6,25.6,6.9,0,1,1,Bachelor,0.41,4,1.0,3.5,0.65,High
1046,22,M,Engineering,3,55.6,53.0,65.6,21.1,2,0,1,Bachelor,2.38,1,7.0,7.3,2.19,Medium
1047,21,F,Engineering,2,66.7,56.3,52.5,13.8,2,1,1,Graduate,2.05,0,4.0,6.3,1.89,Medium
1048,20,M,Arts,1,67.7,56.7,61.7,21.7,2,0,0,HighSchool,,2,4.0,4.7,2.09,Medium
1049,20,M,Business,3,36.1,57.1,76.2,22.7,1,0,1,HighSchool,2.47,2,3.0,5.8,2.25,High
1050,20,F,Business,1,63.6,38.4,34.9,21.2,1,0,0,None,,3,5.0,9.2,1.43,High
1051,20,F,Computer Science,1,76.1,61.7,82.8,25.2,3,1,0,Bachelor,,2,2.0,8.4,2.6,Low
1052,18,F,Computer Science,1,58.9,40.6,70.7,21.5,1,0,1,Bachelor,,2,5.0,4.9,1.88,Medium
1053,22,M,Business,3,92.1,68.0,85.7,33.0,1,0,0,Bachelor,2.98,0,4.0,9.4,2.85,Low
1054,21,F,Computer Science,3,37.0,42.5,36.3,9.9,1,0,0,HighSchool,1.19,10,3.0,4.1,1.51,High
1055,22,M,Computer Science,3,20.0,11.6,34.7,8.1,0,1,1,None,0.66,9,0.0,3.3,0.82,High
1056,21,M,Computer Science,3,,74.8,69.5,30.8,3,0,1,Bachelor,2.44,1,5.0,10.2,2.57,Medium
1057,21,F,Engineering,2,28.1,46.1,37.0,18.0,0,1,0,Graduate,1.42,2,1.0,3.1,1.49,High
1058,19,M,Engineering,2,49.4,47.6,47.1,17.8,0,1,1,HighSchool,1.42,2,8.0,8.2,1.68,High
1059,19,F,Science,1,63.1,49.3,49.3,,1,0,0,HighSchool,,1,8.0,7.8,1.95,Medium
1060,18,F,Arts,1,50.0,55.4,49.1,16.5,4,1,1,HighSchool,,3,4.0,5.8,1.79,High
1061,20,Other,Engineering,3,31.2,35.8,50.9,20.6,1,1,0,HighSchool,1.43,2,1.0,4.1,1.42,High
1062,19,M,Computer Science,2,,59.2,47.0,20.4,0,0,0,HighSchool,1.93,1,3.0,7.3,2.07,Medium
1063,20,M,Engineering,2,54.5,70.3,58.9,25.4,2,0,0,HighSchool,2.48,0,6.0,9.2,2.49,Medium
1064,20,M,Computer Science,3,48.1,61.4,42.1,16.2,1,0,0,Bachelor,2.14,2,,3.1,2.09,Medium
1065,22,M,Business,3,35.7,25.1,43.6,16.1,1,0,0,HighSchool,1.32,4,2.0,4.7,1.28,High
1066,20,M,Business,2,57.1,53.6,49.4,25.6,2,0,0,HighSchool,2.4,2,9.0,6.9,2.39,Medium
1067,21,M,Business,2,8.9,25.1,19.9,2.0,1,1,1,None,0.54,8,2.0,1.3,0.47,High
1068,21,F,Business,2,51.2,58.0,56.1,18.4,2,1,0,Graduate,1.99,3,14.0,5.5,2.18,Medium
1069,18,F,Arts,1,50.5,36.7,59.9,7.9,3,0,0,HighSchool,,2,9.0,7.9,1.49,High
1070,19,F,Science,2,77.3,60.1,76.8,25.9,2,0,1,HighSchool,3.23,0,9.0,10.3,2.66,Medium
1071,19,M,Arts,1,36.2,38.9,37.8,5.1,0,0,1,None,,1,0.0,7.3,1.37,High
1072,20,M,Engineering,2,69.2,50.0,55.1,17.8,0,0,1,Bachelor,1.56,3,6.0,5.4,1.84,Medium
1073,21,M,Engineering,4,58.8,36.7,47.1,27.4,1,0,0,Graduate,1.81,5,7.0,5.9,1.8,High
1074,20,M,Computer Science,1,28.6,17.2,35.5,13.1,0,1,0,None,,2,0.0,3.0,0.87,High
1075,19,M,Arts,1,47.3,51.4,46.8,10.7,1,1,1,HighSchool,,3,3.0,7.6,1.46,High
1076,20,Other,Engineering,1,58.4,55.9,70.0,24.2,1,0,1,HighSchool,,4,4.0,10.4,2.07,Medium
1077,18,M,Business,1,51.9,53.2,63.8,20.8,0,1,0,Bachelor,,3,7.0,6.4,1.96,High
1078,22,M,Business,3,93.1,76.7,77.0,30.0,1,0,1,Graduate,4.0,0,10.0,8.6,3.35,Low
1079,19,F,Science,2,56.3,37.5,46.7,17.6,1,1,1,HighSchool,2.17,1,3.0,4.5,1.61,High
1080,21,F,Engineering,3,72.8,75.6,62.6,24.8,1,0,1,HighSchool,2.77,1,6.0,8.5,2.79,Low
1081,21,F,Engineering,3,76.8,77.1,63.3,22.0,4,0,0,Bachelor,3.11,0,9.0,11.7,2.71,Medium
1082,21,M,Engineering,2,81.4,69.6,69.2,22.3,1,1,1,Bachelor,3.17,1,4.0,6.2,2.93,Medium
1083,20,F,Business,3,57.4,44.0,60.7,16.7,0,0,0,HighSchool,1.78,4,8.0,3.3,1.68,High
1084,18,M,Engineering,1,35.8,41.7,26.9,9.4,2,0,1,HighSchool,,4,3.0,4.9,1.07,High
1085,19,M,Business,1,60.4,63.4,71.7,18.1,1,0,0,HighSchool,,3,9.0,4.7,2.3,Medium
1086,19,F,Business,1,55.8,69.0,59.2,18.5,3,1,0,Bachelor,,1,8.0,5.3,2.24,Medium
1087,20,F,Arts,3,68.3,67.9,89.8,26.1,3,1,0,Bachelor,3.14,2,4.0,11.4,2.82,Medium
1088,19,M,Computer Science,2,77.1,78.8,73.5,32.7,5,0,1,Bachelor,3.19,2,7.0,9.6,3.02,Low
1089,18,F,Arts,1,90.5,86.4,82.5,31.1,1,0,1,Bachelor,,0,11.0,10.2,3.17,Low
1090,20,M,Business,2,52.1,44.3,43.5,22.7,2,1,1,HighSchool,1.56,3,6.0,8.5,1.6,High
1091,19,M,Arts,1,42.3,52.5,50.0,15.6,3,0,1,HighSchool,,3,7.0,4.3,1.54,High
1092,21,M,Engineering,3,10.0,14.4,34.0,4.3,0,0,1,None,0.0,1,0.0,0.0,0.29,High
1093,21,F,Engineering,2,68.9,67.6,70.1,21.9,1,1,1,Graduate,2.68,3,5.0,11.4,2.43,Medium
1094,19,M,Engineering,2,46.0,43.5,63.3,20.5,1,0,0,Bachelor,2.13,1,2.0,6.9,1.97,High
1095,21,F,Science,2,44.9,46.5,35.0,10.6,2,1,1,HighSchool,1.69,3,3.0,6.3,1.67,High
1096,22,M,Engineering,3,32.4,38.9,45.4,19.0,2,0,0,None,0.97,5,5.0,3.5,1.3,High
1097,19,F,Arts,2,51.8,55.2,50.9,,1,1,0,Bachelor,2.27,2,1.0,6.7,1.87,Medium
1098,18,F,Arts,1,60.9,62.3,50.3,27.8,0,0,0,Bachelor,,1,5.0,5.9,2.36,Medium
1099,18,M,Computer Science,1,80.1,71.0,76.3,27.5,2,0,0,Bachelor,,1,12.0,10.0,2.67,Low
1100,21,M,Business,4,7.2,13.8,25.1,5.7,0,0,1,HighSchool,0.14,4,0.0,3.2,0.41,High
1101,22,M,Business,4,63.1,67.0,65.1,28.0,4,1,1,Graduate,2.44,1,6.0,8.3,2.29,Medium
1102,20,F,Business,3,73.0,70.9,73.9,27.6,3,1,0,Bachelor,2.38,1,3.0,10.5,2.44,Medium
1103,18,M,Business,1,73.8,72.6,83.8,,2,1,1,Bachelor,,0,10.0,11.1,2.86,Low
1104,22,F,Business,4,60.4,66.6,83.5,28.3,1,0,0,Bachelor,2.89,0,4.0,6.9,2.61,Medium
1105,22,M,Engineering,3,76.1,82.3,74.2,38.9,5,0,0,Graduate,3.56,0,11.0,10.5,3.23,Low
1106,20,F,Computer Science,3,61.4,59.0,76.5,19.0,1,1,0,Graduate,2.16,2,7.0,6.9,2.26,Medium
1107,21,F,Arts,2,39.5,60.7,67.6,25.5,3,1,0,Bachelor,1.75,0,9.0,7.5,1.84,High
1108,19,F,Business,1,55.7,59.6,56.5,21.7,4,0,0,HighSchool,,4,4.0,8.0,1.77,High
1109,20,Other,Arts,1,51.3,39.6,29.4,10.7,1,1,0,HighSchool,,2,2.0,4.7,1.37,High
1110,21,M,Computer Science,4,38.5,43.0,41.0,13.2,0,0,0,Bachelor,1.66,5,6.0,8.0,1.83,High
1111,20,F,Business,2,51.5,58.5,51.9,17.5,2,0,0,Bachelor,2.11,4,6.0,2.7,1.99,High
1112,20,M,Computer Science,1,,14.2,39.4,0.0,1,1,1,None,,5,0.0,0.3,0.72,High
1113,19,M,Arts,2,61.7,52.8,59.5,18.5,1,0,0,HighSchool,2.13,2,6.0,6.0,1.93,Medium
1114,21,F,Business,2,71.2,76.6,67.2,25.0,1,0,0,Graduate,2.73,1,8.0,9.5,2.79,Low
1115,19,F,Science,1,67.0,68.7,61.8,19.5,0,0,0,Graduate,,2,9.0,9.4,2.21,Medium
1116,22,F,Business,4,56.4,35.0,44.3,21.1,2,1,0,Graduate,1.88,1,6.0,6.4,1.88,Medium
1117,21,M,Engineering,3,71.6,56.0,66.1,19.2,0,0,0,HighSchool,2.41,2,5.0,4.4,2.32,Medium
1118,21,M,Business,3,58.2,61.8,61.9,19.1,2,1,0,Bachelor,2.25,2,6.0,8.4,2.23,Medium
1119,19,M,Engineering,2,37.9,42.3,64.4,13.4,0,0,1,Bachelor,1.4,1,8.0,5.5,1.62,High
1120,22,F,Business,3,18.4,33.1,40.8,10.7,0,0,1,HighSchool,0.99,5,2.0,0.5,1.07,High
1121,21,M,Business,3,66.1,50.7,71.5,23.0,0,0,1,HighSchool,2.52,0,5.0,7.3,2.39,Medium
1122,22,M,Computer Science,3,40.8,31.9,52.2,14.9,0,0,1,Graduate,1.92,3,5.0,7.0,1.76,High
1123,19,M,Computer Science,1,39.0,36.8,37.9,14.8,1,0,0,None,,2,4.0,8.4,1.24,High
1124,20,M,Computer Science,2,80.6,85.1,76.3,31.0,1,0,0,Bachelor,3.3,0,12.0,8.6,3.06,Low
1125,19,M,Science,1,84.5,50.1,62.6,22.2,3,1,0,Bachelor,,1,5.0,10.8,2.45,Medium
1126,21,M,Business,2,69.7,64.9,79.1,24.8,1,0,0,Bachelor,3.09,3,7.0,6.8,2.75,Medium
1127,21,F,Computer Science,2,52.5,36.0,48.9,19.1,1,1,0,HighSchool,1.79,4,2.0,3.4,1.62,High
1128,20,F,Science,1,73.2,79.8,89.4,32.8,1,1,0,Bachelor,,0,7.0,8.1,3.13,Low
1129,19,M,Computer Science,1,15.1,32.2,24.3,2.6,1,0,1,HighSchool,,6,0.0,2.7,0.69,High
1130,22,F,Business,3,44.9,52.5,53.9,21.4,0,0,0,Bachelor,2.22,0,3.0,6.8,1.86,Medium
1131,19,F,Arts,1,60.2,61.1,54.2,18.2,1,0,0,HighSchool,,1,3.0,7.1,2.12,Medium
1132,22,M,Science,4,74.3,61.7,60.3,15.7,0,0,1,Bachelor,2.12,2,5.0,7.7,2.12,Medium
1133,22,M,Arts,3,89.3,78.0,76.6,27.9,2,0,0,Bachelor,3.45,0,4.0,10.1,3.18,Low
1134,19,M,Business,2,48.3,47.9,59.2,22.8,2,0,1,HighSchool,1.93,0,3.0,6.1,1.91,Medium
1135,22,M,Science,3,77.7,58.3,48.5,18.4,1,0,1,HighSchool,1.98,4,6.0,5.7,2.01,Medium
1136,18,F,Computer Science,1,50.3,60.0,63.6,18.8,2,0,1,Bachelor,,1,4.0,4.9,1.82,Medium
1137,22,Other,Science,4,23.3,20.5,36.4,9.7,0,1,0,None,0.15,6,0.0,4.9,0.41,High
1138,20,M,Science,2,29.0,41.4,47.6,12.6,2,0,0,HighSchool,1.48,5,1.0,7.7,1.47,High
1139,21,F,Science,3,64.4,61.9,72.1,32.1,1,0,1,Bachelor,2.28,1,8.0,11.2,2.71,Low
1140,19,M,Business,1,50.8,66.6,66.5,19.3,1,0,1,Graduate,,5,5.0,6.4,2.13,High
1141,20,F,Computer Science,2,67.3,61.0,80.1,18.7,1,1,1,Bachelor,2.49,2,4.0,6.5,2.31,Medium
1142,20,F,Engineering,2,60.9,67.8,64.0,20.3,0,0,0,HighSchool,1.91,2,11.0,6.5,2.1,High
1143,22,M,Engineering,4,85.9,76.3,89.3,30.4,0,0,0,Graduate,3.42,0,10.0,12.9,3.07,Low
1144,20,M,Engineering,2,40.7,44.2,37.5,7.0,0,1,0,Bachelor,1.0,6,1.0,3.7,1.24,High
1145,21,F,Science,2,18.3,29.5,24.2,17.2,0,0,0,HighSchool,0.63,6,2.0,1.5,0.77,High
1146,19,Other,Engineering,1,52.5,43.2,42.8,18.2,1,0,0,HighSchool,,3,,6.7,1.71,High
1147,20,M,Business,2,95.0,87.2,93.8,33.3,5,0,1,HighSchool,3.65,0,8.0,9.3,3.4,Low
1148,21,M,Business,2,46.4,52.7,51.1,18.2,4,1,0,HighSchool,1.94,3,2.0,4.3,1.98,High
1149,21,M,Computer Science,2,35.1,42.5,51.3,11.4,0,1,1,Bachelor,1.16,0,1.0,5.1,1.16,High
1150,18,F,Computer Science,1,29.2,28.0,38.6,13.1,0,1,1,None,,5,1.0,2.3,1.04,High
1151,23,F,Computer Science,4,78.7,69.8,79.1,19.2,2,0,0,Bachelor,2.91,3,9.0,8.9,2.73,Medium
1152,21,F,Arts,4,39.5,37.4,30.6,4.2,0,0,0,HighSchool,1.09,7,4.0,0.0,0.96,High
1153,18,F,Arts,1,70.2,72.8,64.0,24.2,1,0,1,HighSchool,,3,4.0,7.0,2.45,Medium
1154,21,F,Engineering,2,32.8,29.3,43.6,16.9,1,1,0,HighSchool,1.56,4,5.0,4.1,1.4,High
1155,18,F,Business,1,41.6,41.3,49.0,15.0,1,1,0,Bachelor,,6,4.0,2.8,1.57,High
1156,22,M,Engineering,3,53.0,52.2,43.0,18.8,1,1,1,Bachelor,2.05,4,3.0,3.1,1.9,High
1157,20,F,Arts,1,65.9,68.4,82.9,24.0,2,0,1,HighSchool,,3,8.0,8.4,2.55,Medium
1158,22,M,Science,3,23.7,24.2,26.6,13.2,1,1,1,HighSchool,0.58,1,1.0,4.4,0.88,High
1159,22,M,Engineering,3,13.2,29.6,15.3,0.0,0,1,1,HighSchool,0.0,2,0.0,0.0,0.14,High
1160,22,F,Arts,3,59.6,60.2,54.8,21.9,1,1,0,Bachelor,2.1,2,8.0,6.1,1.96,Medium
1161,18,F,Engineering,1,9.5,14.1,33.3,2.7,0,1,1,HighSchool,,2,0.0,1.0,0.39,High
1162,23,Other,Engineering,4,51.0,51.2,41.0,23.4,5,0,1,Bachelor,1.99,3,3.0,3.8,1.92,High
1163,18,M,Science,1,60.4,54.5,67.5,16.3,0,1,1,HighSchool,,6,9.0,9.2,1.99,High
1164,18,F,Business,1,35.1,55.8,52.7,20.6,1,0,1,HighSchool,,0,2.0,6.8,2.02,Medium
1165,19,F,Business,2,73.8,83.9,77.9,27.3,2,0,1,Bachelor,3.36,0,,9.2,3.08,Low
1166,20,M,Business,2,50.7,65.6,55.2,16.7,0,1,1,Bachelor,2.29,3,7.0,8.0,2.01,Medium
1167,23,M,Engineering,4,70.2,59.5,77.0,15.8,2,1,0,None,2.2,0,7.0,4.2,2.26,Medium
1168,20,F,Engineering,3,49.1,57.0,55.6,15.6,3,1,1,Graduate,1.55,4,2.0,8.2,1.47,High
1169,21,M,Engineering,2,51.9,61.3,52.0,19.9,0,0,0,HighSchool,2.22,3,5.0,8.9,1.99,Medium
1170,22,F,Business,4,42.6,44.3,44.4,11.3,0,0,1,HighSchool,1.55,4,7.0,5.4,1.18,High
1171,19,M,Computer Science,1,60.5,66.2,65.7,21.4,0,0,1,HighSchool,,1,12.0,8.8,2.3,Medium
1172,21,M,Science,2,45.8,53.3,53.1,9.1,0,1,1,Bachelor,2.04,4,4.0,5.2,1.74,High
1173,19,F,Business,1,78.3,77.5,78.4,25.8,5,1,0,Bachelor,,1,8.0,11.2,2.72,Low
1174,22,M,Science,4,10.6,13.0,23.2,7.6,0,1,0,None,0.14,5,2.0,0.0,0.22,High
1175,20,F,Computer Science,1,85.0,78.9,72.7,34.2,3,0,0,Graduate,,0,6.0,10.7,2.85,Low
1176,19,F,Engineering,1,63.4,66.8,67.2,24.7,1,0,0,Bachelor,,0,8.0,,2.48,Medium
1177,20,M,Engineering,2,52.3,55.1,66.7,22.3,1,1,0,Graduate,2.46,0,9.0,7.4,2.09,Medium
1178,21,F,Science,4,71.2,57.8,63.9,21.4,4,0,1,Bachelor,2.85,2,7.0,10.7,2.54,Medium
1179,21,F,Computer Science,4,68.6,68.9,71.0,29.6,1,1,0,Graduate,2.77,3,4.0,12.4,2.5,Medium
1180,20,F,Science,3,56.3,67.9,67.1,31.9,2,0,1,Bachelor,2.72,0,10.0,8.0,2.36,Medium
1181,21,F,Engineering,4,52.8,37.7,48.1,16.4,2,0,0,HighSchool,1.68,1,1.0,6.5,1.77,High
1182,21,F,Engineering,4,44.9,38.5,52.9,23.2,0,0,1,HighSchool,1.29,4,4.0,3.0,1.63,High
1183,21,F,Engineering,2,52.4,44.0,34.2,12.3,1,1,1,Bachelor,1.71,4,5.0,7.4,1.44,High
1184,19,M,Computer Science,2,16.4,19.8,17.8,0.0,1,1,1,HighSchool,0.24,7,1.0,0.5,0.24,High
1185,21,F,Engineering,3,68.6,54.2,73.3,19.2,0,1,1,Bachelor,2.45,2,8.0,14.0,2.27,Medium
1186,22,F,Business,3,31.5,9.0,37.9,2.6,0,1,1,None,0.38,8,0.0,0.0,0.39,High
1187,21,F,Business,2,56.1,61.1,77.7,29.4,1,0,1,Bachelor,2.25,2,6.0,11.4,2.25,Medium
1188,19,F,Engineering,1,40.0,37.8,51.6,15.3,0,1,1,HighSchool,,3,4.0,7.8,1.55,High
1189,20,M,Engineering,3,63.2,70.6,76.8,23.1,3,1,0,Graduate,2.8,1,4.0,6.9,2.87,Medium
1190,20,F,Computer Science,1,35.7,22.9,36.0,2.8,0,0,0,HighSchool,,5,3.0,7.1,0.76,High
1191,21,Other,Computer Science,4,50.7,37.4,51.8,16.5,1,1,1,HighSchool,1.04,2,6.0,2.5,1.46,High
1192,20,M,Computer Science,1,62.0,68.7,70.7,28.2,4,0,0,Bachelor,,1,7.0,7.8,2.51,Medium
1193,20,M,Computer Science,1,57.0,72.4,70.3,19.9,2,0,0,Bachelor,,3,3.0,5.0,2.07,Medium
1194,21,F,Engineering,4,80.9,68.1,83.4,22.1,2,0,1,Bachelor,3.53,1,6.0,9.9,3.02,Low
1195,20,F,Computer Science,1,58.6,55.1,55.7,12.1,3,1,0,Graduate,,2,2.0,5.8,1.78,High
1196,18,F,Science,1,6.9,3.7,18.5,11.6,0,0,1,HighSchool,,3,0.0,3.6,0.59,High
1197,20,M,Computer Science,3,59.2,81.6,70.2,29.1,1,0,1,Bachelor,3.25,1,4.0,14.0,3.05,Low
1198,23,M,Computer Science,4,46.7,17.7,31.6,9.5,0,1,1,HighSchool,0.91,4,3.0,2.4,0.97,High
1199,20,F,Science,1,36.4,52.9,29.9,18.4,2,0,1,Bachelor,,4,3.0,0.0,1.51,High
1200,19,F,Business,2,39.1,34.6,27.5,19.4,0,1,1,HighSchool,1.07,3,2.0,5.5,1.14,High
1201,22,F,Business,3,40.0,51.8,42.4,13.7,1,1,1,None,1.57,3,2.0,3.9,1.65,High
1202,23,F,Science,4,45.5,50.4,43.7,13.9,4,0,1,Bachelor,1.3,3,5.0,8.6,1.45,High
1203,21,F,Science,2,76.3,80.5,84.5,29.1,2,0,0,Bachelor,3.53,0,7.0,10.7,3.31,Low
1204,18,F,Arts,1,17.9,25.3,36.3,6.3,0,1,1,HighSchool,,6,1.0,1.3,0.91,High
1205,18,F,Computer Science,1,76.2,66.4,74.6,20.6,0,0,1,Graduate,,0,9.0,7.1,2.59,Medium
1206,20,F,Engineering,1,24.3,48.9,44.3,8.2,1,0,0,Bachelor,,2,4.0,6.3,1.24,High
1207,20,F,Science,1,36.2,37.1,36.0,5.9,2,1,0,HighSchool,,8,1.0,4.0,0.97,High
1208,22,M,Science,3,44.9,42.4,57.8,20.5,1,1,1,Bachelor,1.48,0,2.0,8.7,1.74,Medium
1209,19,M,Computer Science,1,11.7,22.4,22.6,0.0,0,1,0,HighSchool,,9,0.0,1.1,0.47,High
1210,19,F,Business,2,74.8,69.3,72.8,35.8,1,0,1,None,3.19,0,6.0,12.5,2.94,Low
1211,22,F,Business,3,34.1,40.8,44.6,11.1,2,1,0,Bachelor,1.61,4,2.0,2.2,1.39,High
1212,20,F,Computer Science,3,15.5,33.3,30.5,16.5,1,1,0,HighSchool,0.88,4,1.0,0.0,0.97,High
1213,19,M,Arts,1,54.7,48.6,51.1,16.9,0,1,1,HighSchool,,4,4.0,8.1,1.68,High
1214,22,F,Business,3,76.6,72.0,71.6,21.6,3,1,0,Bachelor,3.01,0,12.0,8.7,2.71,Medium
1215,21,M,Business,3,29.0,52.0,42.1,18.4,1,1,0,None,1.79,3,3.0,4.2,1.84,High
1216,20,F,Computer Science,3,43.3,42.3,51.9,19.9,0,0,1,Bachelor,1.41,2,1.0,3.1,1.48,High
1217,18,F,Engineering,1,63.1,61.0,68.3,19.2,0,0,0,Bachelor,,2,4.0,5.8,2.26,Medium
1218,19,F,Computer Science,1,16.2,22.4,40.4,4.4,0,0,0,HighSchool,,1,,3.5,0.84,High
1219,23,F,Business,4,59.2,76.3,83.7,23.3,1,0,1,Bachelor,2.85,0,5.0,9.3,2.57,Medium
1220,20,M,Computer Science,2,19.5,11.3,38.9,3.0,0,0,1,None,0.0,3,0.0,0.0,0.22,High
1221,21,M,Science,2,39.3,52.2,56.3,17.1,1,0,1,Bachelor,1.95,2,3.0,7.5,1.81,High
1222,19,F,Computer Science,2,22.5,27.2,34.1,5.1,2,1,0,None,0.49,5,1.0,4.8,0.43,High
1223,22,F,Engineering,3,74.7,64.7,73.9,21.4,1,0,0,Graduate,3.05,0,5.0,9.7,2.95,Low
1224,23,F,Computer Science,4,42.7,58.9,55.7,13.1,2,0,1,HighSchool,1.47,4,4.0,7.5,1.57,High
1225,19,M,Computer Science,1,95.5,92.0,76.7,33.4,3,0,1,Bachelor,,1,9.0,8.5,3.07,Low
1226,23,M,Computer Science,4,65.8,54.5,50.1,20.5,1,0,0,HighSchool,2.36,1,3.0,8.6,2.28,Medium
1227,19,M,Computer Science,1,57.4,40.7,63.3,15.1,0,1,1,HighSchool,,1,7.0,6.1,1.76,Medium
1228,20,M,Computer Science,2,45.0,44.9,36.3,10.4,3,0,0,Bachelor,1.36,6,6.0,3.5,1.39,High
1229,22,M,Engineering,3,91.6,73.6,87.2,29.0,3,0,1,Bachelor,3.62,0,12.0,14.9,3.17,Low
1230,20,F,Engineering,1,34.9,58.8,44.8,22.3,0,1,1,Graduate,,0,11.0,6.4,1.78,High
1231,20,F,Computer Science,1,59.3,57.0,71.1,16.9,0,0,1,None,,1,6.0,6.3,2.25,Medium
1232,19,M,Business,2,64.6,75.7,75.9,26.0,3,0,1,None,2.54,1,9.0,8.1,2.44,Medium
1233,23,M,Engineering,4,56.0,40.9,53.6,15.8,1,1,0,HighSchool,1.35,3,2.0,3.8,1.59,High
1234,20,M,Computer Science,3,62.5,63.7,75.9,24.2,3,0,1,HighSchool,2.98,2,8.0,5.8,2.33,Medium
1235,22,F,Business,4,16.1,27.4,23.3,0.6,0,1,0,Graduate,0.39,4,1.0,0.6,0.64,High
1236,21,M,Computer Science,3,60.7,55.5,77.6,18.9,5,1,1,Graduate,2.27,2,7.0,6.3,2.15,High
1237,20,F,Computer Science,2,88.9,77.8,82.5,28.1,2,1,1,Graduate,3.21,1,4.0,8.1,3.01,Low
1238,22,F,Business,3,63.7,70.6,57.3,20.5,1,0,0,HighSchool,2.91,3,7.0,10.4,2.46,Medium
1239,20,M,Science,1,25.1,18.5,27.5,6.5,0,1,0,HighSchool,,5,0.0,0.5,0.53,High
1240,18,F,Science,1,31.7,37.1,47.5,17.1,1,1,0,Bachelor,,2,2.0,3.5,1.3,High
1241,21,F,Science,4,1.1,8.3,21.2,12.2,0,0,0,HighSchool,0.13,4,0.0,0.0,0.37,High
1242,20,M,Business,3,38.3,59.9,44.6,20.6,2,1,0,Bachelor,2.03,1,7.0,4.3,1.96,High
1243,20,M,Computer Science,1,26.2,26.4,31.1,0.0,1,0,1,HighSchool,,7,1.0,4.3,0.53,High
1244,20,F,Business,2,61.5,62.8,46.4,23.9,2,1,0,HighSchool,2.04,4,3.0,7.3,2.06,Medium
1245,22,F,Computer Science,3,95.6,81.7,63.5,30.6,2,0,1,Graduate,3.66,2,9.0,12.2,3.23,Low
1246,23,F,Computer Science,4,37.0,33.3,43.6,,0,0,1,HighSchool,1.64,3,4.0,7.1,1.47,High
1247,22,F,Computer Science,3,77.8,61.8,72.7,35.0,4,0,1,Graduate,3.39,0,6.0,9.4,2.82,Low
1248,19,M,Business,2,33.6,56.5,33.0,9.2,2,1,0,HighSchool,1.07,5,3.0,7.0,1.18,High
1249,19,F,Business,2,49.4,43.1,17.8,15.3,0,0,1,None,1.43,2,4.0,3.2,1.36,High
1250,20,F,Computer Science,2,45.2,34.9,30.8,7.7,1,0,1,HighSchool,1.21,3,5.0,1.5,1.13,High
1251,21,M,Arts,3,66.3,60.7,59.2,20.7,2,0,1,HighSchool,1.84,1,,8.0,1.95,Medium
1252,23,F,Business,4,26.4,17.0,26.1,,0,1,1,Bachelor,0.76,2,2.0,3.0,0.82,High
1253,19,F,Science,2,31.4,18.8,31.8,10.5,0,0,1,HighSchool,0.99,7,0.0,2.6,1.01,High
1254,19,F,Computer Science,1,58.0,71.0,71.8,24.3,1,0,0,Bachelor,,1,3.0,9.3,2.28,Medium
1255,18,M,Engineering,1,55.5,62.2,63.6,20.5,1,1,1,Graduate,,0,4.0,7.3,2.11,Medium
1256,20,M,Computer Science,3,53.3,48.5,64.3,28.6,1,0,0,HighSchool,1.88,3,4.0,7.2,2.3,Medium
1257,20,F,Engineering,3,31.8,32.3,52.9,11.6,1,0,1,HighSchool,1.03,4,0.0,7.4,1.22,High
1258,18,F,Computer Science,1,78.8,72.8,68.9,21.9,1,0,0,HighSchool,,0,8.0,10.3,2.42,Low
1259,19,F,Computer Science,1,43.6,50.0,58.1,12.3,2,1,0,Bachelor,,2,4.0,7.3,1.64,High
1260,21,F,Engineering,3,61.9,67.6,63.5,24.3,4,1,0,Bachelor,2.2,3,4.0,3.6,2.11,Medium
1261,19,M,Business,1,57.5,51.4,51.6,17.9,1,0,0,HighSchool,,1,7.0,13.8,1.88,Medium
1262,22,M,Computer Science,4,89.5,66.2,69.0,28.2,2,0,1,Bachelor,3.15,0,11.0,6.3,2.89,Low
1263,21,M,Science,2,58.2,68.2,74.0,22.8,3,0,0,Bachelor,3.02,2,6.0,7.6,2.56,Medium
1264,20,M,Computer Science,1,60.3,47.5,36.6,13.3,1,1,1,HighSchool,,1,2.0,4.2,1.78,Medium
1265,22,M,Engineering,4,49.2,51.3,53.4,18.3,1,0,0,HighSchool,2.38,0,4.0,11.7,2.09,Medium
1266,19,F,Engineering,1,35.2,48.3,42.9,16.9,0,0,1,Graduate,,1,2.0,4.1,1.48,High
1267,20,M,Business,1,9.0,27.0,26.9,3.1,0,1,0,HighSchool,,3,1.0,2.4,0.45,High
1268,20,M,Business,1,59.2,49.9,53.3,18.3,0,0,0,HighSchool,,2,4.0,4.7,1.71,Medium
1269,18,F,Computer Science,1,48.6,41.7,58.2,17.2,1,0,0,HighSchool,,2,3.0,3.5,1.54,High
1270,20,M,Arts,1,69.3,64.9,62.4,23.3,1,0,1,Bachelor,,1,6.0,9.8,2.3,Medium
1271,18,M,Computer Science,1,44.0,38.7,45.0,11.3,3,0,1,HighSchool,,3,4.0,4.6,1.3,High
1272,19,F,Computer Science,1,48.3,57.2,64.3,14.3,5,0,1,HighSchool,,4,4.0,7.6,1.98,High
1273,19,M,Business,1,27.1,24.2,20.2,17.1,0,1,0,HighSchool,,1,0.0,3.3,0.81,High
1274,21,F,Science,3,68.2,54.1,57.3,27.3,1,0,0,Bachelor,2.55,2,5.0,11.3,2.41,Medium
1275,20,F,Arts,3,39.4,44.8,20.2,14.3,3,0,0,HighSchool,1.03,5,2.0,0.8,1.13,High
1276,21,M,Science,2,71.4,71.5,69.6,21.1,3,1,0,Graduate,2.33,0,8.0,8.0,2.48,Medium
1277,19,F,Engineering,2,0.0,6.0,35.6,3.5,0,1,1,HighSchool,0.5,7,0.0,1.3,0.52,High
1278,19,F,Engineering,2,33.6,32.0,39.0,11.3,0,1,0,HighSchool,1.52,2,4.0,5.2,1.57,High
1279,23,F,Engineering,4,42.2,33.0,51.3,7.4,1,1,1,Graduate,1.08,1,5.0,9.7,1.13,High
1280,23,F,Science,4,52.9,66.1,56.8,16.8,3,0,1,Bachelor,2.18,3,6.0,6.4,2.15,High
1281,18,F,Engineering,1,47.8,58.3,40.3,23.2,2,1,0,HighSchool,,4,2.0,1.2,1.8,High
1282,20,F,Business,1,68.8,85.5,67.8,30.7,1,0,0,Graduate,,0,3.0,9.1,2.87,Medium
1283,20,F,Engineering,1,43.3,37.5,33.2,7.7,1,0,0,Bachelor,,4,2.0,4.0,1.14,High
1284,18,M,Engineering,1,30.9,28.6,31.5,7.2,0,1,0,HighSchool,,2,1.0,2.7,1.08,High
1285,20,F,Computer Science,2,42.0,30.7,46.1,15.5,1,1,0,Graduate,1.09,2,0.0,3.1,1.09,High
1286,20,F,Business,2,29.8,39.2,55.0,9.0,3,0,1,Bachelor,1.35,7,3.0,1.5,1.16,High
1287,18,F,Business,1,53.3,50.3,42.6,18.0,0,0,0,HighSchool,,4,3.0,10.6,1.58,High
1288,19,M,Science,2,48.3,56.2,55.9,22.0,3,1,1,Bachelor,2.29,2,7.0,7.8,2.08,High
1289,19,M,Business,2,56.0,67.5,51.1,21.2,2,0,1,HighSchool,2.09,0,5.0,6.5,2.08,Medium
1290,18,F,Science,1,23.4,43.6,37.2,15.6,1,0,1,None,,2,8.0,9.5,1.22,High
1291,22,F,Business,4,61.3,80.2,72.6,23.3,1,0,1,Graduate,2.74,1,9.0,7.2,2.51,Medium
1292,19,M,Arts,1,55.0,45.6,58.7,17.7,0,0,0,Bachelor,,2,9.0,8.2,1.76,High
1293,21,M,Computer Science,4,63.8,64.3,33.8,10.5,0,0,0,Bachelor,1.97,8,4.0,2.9,1.5,High
1294,18,M,Science,1,28.6,41.2,46.9,8.1,0,1,0,Bachelor,,2,4.0,6.6,1.26,High
1295,21,F,Engineering,4,30.9,47.0,35.4,13.1,0,0,1,Bachelor,1.34,4,0.0,,1.3,High
1296,23,M,Business,4,38.2,44.2,41.6,15.2,2,0,1,HighSchool,0.96,6,2.0,,1.23,High
1297,21,Other,Computer Science,4,,58.3,73.6,16.5,0,1,0,Graduate,2.1,2,8.0,11.6,2.21,Medium
1298,22,M,Business,3,61.7,64.6,64.4,21.9,2,0,0,Bachelor,2.17,1,9.0,7.5,2.41,Medium
1299,21,M,Business,3,94.0,89.7,85.1,34.5,4,1,0,Bachelor,3.55,0,11.0,6.4,3.45,Low
1300,22,M,Arts,3,25.8,26.2,30.8,1.6,0,1,0,Bachelor,0.93,6,3.0,3.4,0.89,High
1301,21,F,Science,3,43.9,43.3,51.4,15.2,0,0,1,HighSchool,1.79,2,3.0,6.7,1.71,High
1302,18,F,Engineering,1,14.7,18.8,27.8,10.1,0,1,0,None,,3,0.0,3.3,0.73,High
1303,20,F,Engineering,2,26.5,33.3,41.4,12.4,1,1,0,HighSchool,0.85,4,5.0,6.7,0.98,High
1304,19,F,Business,2,38.2,44.4,37.4,2.9,1,1,0,HighSchool,1.38,3,3.0,6.9,1.25,High
1305,21,M,Science,4,50.7,66.7,65.2,24.7,0,1,0,Bachelor,2.4,3,8.0,7.4,2.51,Medium
1306,19,F,Science,2,73.9,64.2,55.6,,1,0,0,Graduate,2.64,2,5.0,6.8,2.36,Medium
1307,19,M,Business,2,35.3,41.1,34.4,14.1,2,1,1,HighSchool,1.06,5,,1.9,0.99,High
1308,20,M,Science,3,29.4,19.1,42.8,7.2,0,1,0,HighSchool,1.09,4,1.0,2.6,1.08,High
1309,18,M,Business,1,26.4,36.6,50.8,12.9,1,0,1,Bachelor,,3,3.0,5.7,1.42,High
1310,20,M,Arts,1,19.7,32.4,35.0,6.4,0,1,0,HighSchool,,3,1.0,0.5,0.94,High
1311,20,F,Science,2,77.5,73.5,78.9,23.7,1,0,0,Graduate,2.41,2,7.0,6.4,2.29,Medium
1312,20,F,Arts,2,49.5,52.4,57.5,15.2,0,0,0,HighSchool,1.73,2,,7.3,1.92,Medium
1313,20,F,Computer Science,1,49.2,57.5,48.2,15.0,1,1,0,HighSchool,,3,2.0,4.3,1.73,High
1314,19,F,Engineering,2,39.2,52.8,39.7,10.9,2,0,0,HighSchool,1.58,6,4.0,6.3,1.43,High
1315,20,F,Computer Science,2,69.7,64.1,80.2,26.4,1,0,0,Graduate,2.52,1,4.0,6.9,2.67,Medium
1316,21,M,Arts,2,11.5,24.9,36.3,7.4,0,0,1,HighSchool,0.64,6,2.0,3.1,0.45,High
1317,20,M,Business,2,59.4,60.4,73.9,13.8,3,1,1,Bachelor,2.54,2,6.0,5.5,2.3,Medium
1318,21,M,Arts,3,,37.1,60.8,16.8,0,0,1,HighSchool,1.33,4,3.0,0.8,1.4,High
1319,18,F,Science,1,52.5,60.7,42.2,16.3,1,1,0,HighSchool,,3,5.0,7.9,1.91,High
1320,21,Other,Computer Science,4,75.8,71.2,69.1,30.0,3,1,1,Graduate,3.37,1,10.0,8.7,2.97,Low
1321,21,M,Business,4,32.3,39.1,17.4,14.4,2,1,1,HighSchool,1.32,6,1.0,3.6,1.01,High
1322,19,F,Engineering,2,18.3,23.6,30.6,4.8,1,1,0,None,0.55,3,0.0,0.1,0.77,High
1323,21,F,Business,2,48.0,47.6,57.5,21.6,1,1,0,Bachelor,1.89,3,6.0,7.1,1.54,High
1324,20,F,Computer Science,2,77.3,72.1,77.3,26.9,2,0,0,Graduate,3.14,0,8.0,10.4,2.94,Low
1325,22,F,Computer Science,4,48.2,34.6,28.8,14.7,0,1,1,HighSchool,0.91,1,2.0,5.0,0.95,High
1326,22,F,Business,3,33.4,47.8,44.5,14.1,0,0,0,HighSchool,1.6,1,2.0,3.8,1.47,High
1327,20,F,Engineering,3,91.7,75.4,80.8,31.4,1,0,0,Graduate,3.13,0,12.0,10.0,2.99,Low
1328,19,F,Engineering,2,60.7,60.0,75.0,26.1,3,0,1,Bachelor,2.55,1,5.0,9.3,2.56,Medium
1329,21,M,Computer Science,3,61.7,63.7,59.9,24.4,2,1,0,Graduate,2.17,1,5.0,9.9,2.44,Medium
1330,20,F,Business,1,41.2,40.1,46.1,14.5,4,0,1,Bachelor,,1,4.0,4.8,1.22,High
1331,21,M,Business,3,65.2,73.9,67.2,22.5,1,0,1,Bachelor,2.84,1,8.0,6.4,2.64,Medium
1332,20,F,Business,1,28.0,44.6,52.0,9.8,0,0,1,HighSchool,,3,2.0,5.0,1.62,High
1333,20,M,Arts,3,37.7,68.3,60.3,18.1,1,0,1,HighSchool,1.8,2,4.0,6.1,1.83,High
1334,23,M,Business,4,59.5,70.4,54.7,19.4,2,0,0,Bachelor,2.79,6,5.0,3.8,2.27,Medium
1335,18,M,Engineering,1,24.0,18.5,39.1,1.5,1,1,1,Bachelor,,3,2.0,0.0,0.76,High
1336,20,M,Science,3,66.7,75.4,82.9,18.0,3,0,1,Graduate,2.9,1,7.0,9.0,2.79,Low
1337,19,M,Engineering,1,71.0,63.8,72.7,18.4,1,0,1,Bachelor,,1,5.0,8.6,2.43,Medium
1338,20,M,Engineering,3,48.4,55.7,63.0,28.8,1,0,0,HighSchool,2.21,1,6.0,6.7,2.12,Medium
1339,20,M,Computer Science,1,62.0,52.3,77.0,19.6,2,0,0,Bachelor,,2,5.0,9.5,2.09,Medium
1340,23,M,Computer Science,4,9.2,20.3,13.7,12.8,1,1,0,Bachelor,0.33,4,1.0,0.2,0.62,High
1341,19,F,Computer Science,1,69.8,71.7,79.0,26.3,0,0,0,HighSchool,,2,5.0,5.8,2.49,Medium
1342,21,F,Arts,4,64.6,65.8,63.8,23.8,1,0,1,Bachelor,2.44,4,4.0,6.7,2.1,Medium
1343,20,F,Science,3,21.2,25.5,45.6,3.8,0,1,1,Bachelor,0.76,2,1.0,2.4,0.7,High
1344,21,M,Computer Science,3,16.1,14.3,30.2,6.3,0,0,1,None,0.79,6,1.0,2.3,0.59,High
1345,21,M,Computer Science,3,58.2,78.5,55.3,30.5,2,0,1,Bachelor,2.67,0,3.0,6.4,2.7,Medium
1346,22,F,Business,3,50.4,61.8,57.4,27.3,1,1,0,Bachelor,2.16,3,6.0,3.1,1.98,Medium
1347,22,M,Engineering,4,62.9,47.9,64.1,19.7,1,1,0,Graduate,2.21,3,5.0,1.4,2.24,Medium
1348,18,M,Engineering,1,48.3,54.3,51.8,12.9,2,1,0,HighSchool,,3,2.0,6.4,1.85,High
1349,20,F,Arts,3,15.7,50.7,34.0,6.9,1,0,0,Bachelor,1.06,4,3.0,1.7,1.1,High
1350,20,F,Science,1,40.3,50.2,43.7,11.8,3,0,0,Bachelor,,5,1.0,1.4,1.13,High
1351,20,M,Business,3,36.3,12.1,40.6,14.2,1,0,0,Bachelor,1.0,2,0.0,4.6,0.86,High
1352,20,F,Engineering,1,13.6,42.0,41.8,12.1,1,0,0,None,,6,0.0,5.3,0.95,High
1353,19,M,Engineering,2,100.0,70.7,66.6,32.2,0,0,1,Graduate,3.53,0,4.0,,3.33,Low
1354,21,F,Business,2,81.5,82.2,100.0,30.2,2,1,0,Graduate,3.73,0,16.0,11.3,3.32,Low
1355,21,M,Science,2,57.8,45.4,57.2,24.6,0,1,0,Bachelor,1.97,1,5.0,7.0,1.86,Medium
1356,20,M,Computer Science,2,60.1,46.4,58.6,13.8,0,0,0,Bachelor,2.11,2,3.0,1.6,1.94,High
1357,20,F,Arts,3,34.1,34.9,33.1,9.9,1,0,1,None,0.96,4,6.0,5.3,0.85,High
1358,22,M,Arts,3,46.6,42.1,58.6,21.7,2,1,1,Bachelor,1.7,3,5.0,9.4,1.75,High
1359,19,F,Science,2,17.5,27.5,33.7,4.2,0,0,0,HighSchool,0.61,5,3.0,6.5,0.6,High
1360,21,M,Engineering,3,62.2,60.5,46.4,15.5,1,0,0,Bachelor,2.0,2,1.0,5.5,2.23,Medium
1361,23,F,Business,4,50.5,50.2,51.7,16.8,1,0,1,None,2.37,4,3.0,4.6,1.88,High
1362,20,F,Science,1,41.1,25.6,48.4,16.4,2,1,1,Bachelor,,4,2.0,6.6,1.5,High
1363,18,F,Arts,1,,28.0,20.6,15.7,0,1,1,HighSchool,,4,0.0,4.0,0.72,High
1364,20,F,Engineering,1,63.3,58.3,65.9,22.0,0,0,0,Bachelor,,1,6.0,9.3,2.23,Medium
1365,20,M,Arts,3,55.4,60.3,63.0,22.1,2,0,1,Bachelor,2.89,2,5.0,6.8,2.5,Medium
1366,21,F,Business,2,23.1,22.4,26.9,6.4,0,1,1,HighSchool,1.19,7,3.0,3.8,0.9,High
1367,21,M,Engineering,3,44.2,54.7,69.3,17.5,0,0,0,HighSchool,1.77,2,3.0,4.0,1.88,High
1368,20,F,Science,3,73.5,73.2,62.5,22.9,2,1,1,Graduate,2.5,0,3.0,8.7,2.57,Low
1369,20,F,Business,2,89.1,76.1,74.7,31.0,2,0,0,Bachelor,3.17,0,7.0,10.1,3.06,Low
1370,21,F,Engineering,4,23.7,17.2,26.6,7.4,0,1,1,None,0.66,2,1.0,6.9,0.66,High
1371,22,F,Science,3,33.4,39.9,36.1,10.6,1,1,0,HighSchool,1.32,4,3.0,5.5,1.15,High
1372,18,F,Arts,1,67.0,64.6,72.4,25.4,1,0,0,HighSchool,,0,10.0,4.8,2.46,Medium
1373,19,M,Science,2,54.7,54.1,56.4,17.5,1,0,1,Bachelor,2.04,3,8.0,6.4,1.91,Medium
1374,20,F,Business,2,20.6,41.7,37.2,7.8,0,1,1,Bachelor,0.68,3,2.0,4.1,0.88,High
1375,20,F,Science,1,46.6,39.1,41.8,10.7,1,0,0,None,,2,4.0,3.6,1.36,High
1376,19,M,Computer Science,1,78.3,67.1,70.6,31.0,2,0,1,Bachelor,,0,9.0,7.4,2.49,Medium
1377,22,F,Engineering,4,65.2,68.3,72.1,16.6,3,0,0,Bachelor,2.41,1,4.0,9.5,2.23,Medium
1378,20,M,Engineering,2,52.1,47.4,50.3,22.7,3,1,0,Bachelor,1.71,2,2.0,3.9,1.85,High
1379,21,M,Arts,2,13.4,17.4,19.3,4.0,0,0,1,None,0.19,7,0.0,2.7,0.04,High
1380,21,M,Science,3,23.8,42.0,53.8,14.6,0,1,0,HighSchool,1.36,2,1.0,2.3,1.54,High
1381,21,M,Arts,2,61.2,72.1,67.6,27.3,3,0,0,HighSchool,2.95,0,6.0,7.4,2.59,Medium
1382,23,F,Engineering,4,38.7,33.0,45.2,6.8,0,0,1,HighSchool,1.21,4,1.0,5.4,1.37,High
1383,22,F,Business,3,46.8,46.1,59.1,11.9,0,0,0,HighSchool,1.71,1,6.0,6.5,1.83,Medium
1384,21,F,Engineering,2,2.3,34.5,35.0,0.0,0,1,0,None,0.32,1,1.0,1.8,0.52,High
1385,21,F,Engineering,2,41.7,48.6,49.0,11.8,0,0,0,HighSchool,1.25,8,3.0,4.5,1.3,High
1386,21,M,Computer Science,4,61.5,69.8,65.5,25.8,1,0,1,Bachelor,2.19,2,5.0,8.2,2.48,Medium
1387,22,M,Engineering,3,50.1,57.1,57.8,17.3,3,0,0,HighSchool,2.16,1,4.0,5.3,2.17,Medium
1388,23,M,Science,4,59.8,59.5,65.9,26.5,1,0,0,Bachelor,2.51,0,5.0,5.3,2.5,Medium
1389,18,F,Arts,1,26.4,30.2,9.5,0.0,0,0,1,None,,4,1.0,3.2,0.65,High
1390,23,M,Arts,4,19.9,38.5,46.6,10.1,1,0,0,Bachelor,1.18,5,2.0,7.3,1.03,High
1391,20,F,Business,3,47.5,49.6,57.9,23.2,2,0,0,HighSchool,2.18,3,5.0,7.7,2.02,High
1392,19,F,Engineering,1,42.9,41.2,52.5,13.3,1,1,1,Bachelor,,5,3.0,5.5,1.36,High
1393,22,F,Computer Science,3,100.0,76.8,82.8,28.1,0,0,1,Bachelor,3.39,0,5.0,8.4,3.03,Low
1394,20,F,Business,3,84.6,83.8,82.3,25.7,1,0,0,HighSchool,3.29,1,8.0,11.5,3.07,Low
1395,19,M,Engineering,1,81.6,88.4,72.7,19.3,3,0,1,Bachelor,,0,10.0,11.8,2.73,Low
1396,21,F,Business,2,47.2,38.1,30.9,7.3,0,0,1,HighSchool,1.26,6,4.0,5.6,1.14,High
1397,22,F,Computer Science,4,48.3,57.7,40.1,24.6,3,1,0,Bachelor,2.23,1,2.0,9.2,1.95,Medium
1398,20,F,Arts,1,50.1,43.4,49.7,13.9,0,0,1,None,,1,7.0,8.9,1.46,Medium
1399,19,F,Business,2,66.0,45.7,56.2,19.7,4,0,1,HighSchool,2.51,2,6.0,5.3,2.37,Medium
1400,21,F,Business,2,25.3,24.6,30.9,1.0,0,1,1,HighSchool,0.64,2,3.0,1.2,0.75,High
1401,21,Other,Computer Science,2,94.0,78.4,86.4,24.9,1,0,1,Graduate,3.48,0,7.0,11.1,3.0,Low
1402,23,M,Engineering,4,33.9,33.3,39.4,17.3,0,1,1,HighSchool,1.53,4,4.0,2.7,1.38,High
1403,20,F,Business,3,57.6,53.8,42.7,20.2,0,1,1,Bachelor,1.74,4,5.0,4.1,1.92,Medium
1404,20,F,Engineering,1,10.7,34.2,52.9,2.6,0,0,1,HighSchool,,5,1.0,5.4,1.07,High
1405,22,M,Engineering,4,63.0,58.1,60.6,18.3,2,0,1,HighSchool,2.27,3,5.0,5.3,2.07,Medium
1406,22,F,Computer Science,4,42.5,56.2,40.4,15.3,0,0,1,HighSchool,1.77,2,3.0,5.5,1.6,High
1407,19,M,Science,1,90.6,72.0,72.7,24.0,4,0,1,Graduate,,0,8.0,6.7,2.59,Low
1408,22,F,Computer Science,4,65.4,62.8,63.9,14.9,4,0,1,Bachelor,2.8,1,3.0,8.1,2.32,Medium
1409,19,M,Business,1,62.9,52.2,53.5,17.4,3,0,0,HighSchool,,2,2.0,8.7,1.79,Medium
1410,22,M,Computer Science,4,65.3,67.5,72.1,23.5,0,0,0,Bachelor,1.96,1,11.0,9.8,2.03,Medium
1411,20,F,Engineering,3,61.6,61.8,62.1,24.1,3,0,1,HighSchool,2.32,0,3.0,9.7,2.22,Medium
1412,22,M,Business,3,37.1,34.2,51.8,13.3,3,0,0,None,0.55,4,4.0,3.4,1.05,High
1413,18,M,Science,1,,18.0,30.1,2.1,0,1,1,Bachelor,,4,0.0,5.3,0.66,High
1414,21,M,Business,4,50.9,41.2,53.6,16.1,2,1,1,HighSchool,1.59,2,4.0,6.5,1.65,High
1415,19,F,Engineering,1,18.7,46.3,50.2,11.1,0,0,1,HighSchool,,4,4.0,3.5,1.49,High
1416,19,F,Computer Science,1,21.0,16.9,44.8,8.7,1,1,0,Bachelor,,6,1.0,4.1,1.07,High
1417,19,F,Computer Science,1,44.7,45.1,49.7,10.0,0,0,1,HighSchool,,3,4.0,5.7,1.42,High
1418,22,M,Business,3,56.5,68.0,63.8,20.6,3,1,0,Graduate,2.26,0,6.0,5.4,2.36,Medium
1419,18,F,Engineering,1,67.5,53.9,61.0,8.8,0,0,0,Bachelor,,1,5.0,5.2,1.9,High
1420,21,M,Business,4,33.5,24.8,14.7,13.4,0,1,0,Graduate,1.14,4,0.0,2.9,0.88,High
1421,21,F,Science,3,50.1,68.4,55.7,20.5,2,0,0,Bachelor,2.31,1,8.0,4.3,2.03,Medium
1422,20,M,Arts,1,72.4,93.5,92.4,25.5,1,0,0,Graduate,,0,8.0,8.3,3.08,Low
1423,19,M,Science,1,26.2,32.3,44.1,,0,1,1,HighSchool,,0,3.0,2.8,1.33,High
1424,19,M,Business,1,76.0,59.1,59.4,18.7,0,0,1,Bachelor,,2,3.0,9.2,1.98,Medium
1425,21,F,Arts,3,71.8,70.6,89.4,26.1,1,0,0,Bachelor,3.66,1,7.0,11.5,3.08,Low
1426,22,F,Engineering,3,68.4,72.6,69.5,23.2,3,1,0,Graduate,2.88,0,5.0,9.7,2.62,Medium
1427,19,M,Engineering,1,46.4,49.1,50.3,20.8,1,1,0,HighSchool,,3,6.0,6.9,1.78,High
1428,23,F,Science,4,23.7,18.0,19.5,0.3,0,1,1,Bachelor,0.52,7,1.0,5.7,0.48,High
1429,20,F,Engineering,1,75.8,86.9,66.1,23.0,1,1,1,Bachelor,,1,7.0,8.4,2.71,Low
1430,20,M,Science,3,43.2,47.7,56.0,20.8,0,1,0,HighSchool,1.7,2,6.0,6.3,1.96,Medium
1431,21,F,Arts,4,99.7,76.3,86.0,30.7,1,0,0,Graduate,3.0,0,9.0,9.6,2.94,Low
1432,22,F,Computer Science,3,42.1,29.5,47.2,11.7,0,0,0,HighSchool,1.24,4,4.0,1.9,1.14,High
1433,20,M,Arts,3,6.6,19.4,19.9,6.3,0,1,1,HighSchool,0.02,5,1.0,3.9,0.31,High
1434,22,F,Engineering,4,40.3,44.8,52.1,14.4,1,1,0,Bachelor,2.11,3,8.0,5.4,1.96,High
1435,18,M,Science,1,54.9,47.9,31.5,13.5,1,0,0,HighSchool,,2,2.0,6.8,1.29,High
1436,19,F,Arts,1,44.6,33.8,51.0,16.1,1,0,0,None,,2,3.0,4.8,1.53,High
1437,18,M,Computer Science,1,26.8,45.4,44.5,6.8,1,1,0,None,,5,2.0,7.1,1.18,High
1438,20,F,Computer Science,2,34.3,41.4,42.6,17.4,1,0,0,HighSchool,1.81,1,5.0,3.8,1.72,High
1439,22,M,Computer Science,3,49.2,57.5,58.3,17.0,2,0,0,Bachelor,2.31,0,5.0,9.3,2.17,Medium
1440,22,F,Engineering,3,60.4,65.4,67.0,28.1,3,1,1,Graduate,2.73,0,,10.3,2.54,Medium
1441,23,F,Computer Science,4,41.5,68.9,73.0,22.1,3,0,0,Bachelor,2.07,1,2.0,3.4,2.22,High
1442,18,M,Arts,1,35.8,46.4,39.6,16.6,1,0,0,HighSchool,,2,4.0,4.3,1.38,High
1443,21,F,Engineering,3,71.2,88.6,78.4,21.3,2,0,1,Bachelor,3.2,1,6.0,11.6,3.02,Low
1444,18,Other,Science,1,84.7,87.5,75.0,31.0,5,0,0,Graduate,,0,4.0,14.1,3.16,Low
1445,20,F,Business,1,80.9,75.2,62.1,,2,1,1,Bachelor,,0,5.0,9.6,2.44,Medium
1446,22,M,Engineering,3,45.2,46.2,52.5,15.8,1,0,1,HighSchool,1.76,0,4.0,4.9,1.66,Medium
1447,21,F,Computer Science,4,14.4,22.5,23.0,0.0,0,0,0,HighSchool,0.28,3,1.0,0.0,0.4,High
1448,21,M,Science,3,75.7,77.5,70.0,18.9,1,0,1,Graduate,2.85,1,7.0,9.8,2.74,Low
1449,19,M,Computer Science,1,60.0,66.7,64.8,26.2,2,0,1,Graduate,,3,6.0,6.6,2.26,Medium
1450,21,F,Computer Science,3,35.1,37.9,33.9,11.7,0,0,1,None,1.02,6,1.0,3.0,0.92,High
1451,19,F,Computer Science,1,53.5,48.8,60.6,16.1,1,0,0,Bachelor,,6,3.0,5.7,1.86,High
1452,21,F,Arts,4,34.6,34.6,36.8,7.2,0,0,0,None,1.21,0,1.0,5.7,1.06,High
1453,21,M,Computer Science,3,39.5,29.4,25.2,0.4,0,0,0,None,0.41,5,2.0,,0.65,High
1454,19,F,Engineering,1,48.8,52.0,48.5,14.6,1,0,1,Bachelor,,3,1.0,7.0,1.39,High
1455,20,F,Arts,1,72.9,73.5,80.0,27.5,2,0,1,Bachelor,,0,,10.0,2.75,Low
1456,20,M,Arts,1,37.4,31.2,45.0,17.4,1,0,0,HighSchool,,6,6.0,2.3,1.24,High
1457,23,F,Computer Science,4,67.7,64.7,74.5,25.3,1,0,0,Graduate,2.87,0,4.0,10.3,2.41,Medium
1458,19,M,Computer Science,2,92.0,89.4,87.5,31.6,2,0,0,Graduate,3.2,0,7.0,14.1,3.23,Low
1459,22,M,Business,3,37.6,42.3,48.8,10.9,1,0,0,None,1.9,7,5.0,7.8,1.44,High
1460,21,F,Computer Science,3,65.9,77.4,64.0,24.8,2,0,1,Bachelor,2.93,0,5.0,9.5,2.68,Medium
1461,20,Other,Arts,2,,58.1,45.0,19.5,1,1,0,Bachelor,2.07,3,6.0,5.6,1.88,Medium
1462,20,M,Business,1,81.6,66.8,58.3,24.4,4,0,1,Bachelor,,1,10.0,9.6,2.23,Medium
1463,23,M,Business,4,88.0,90.7,94.2,27.8,3,1,1,Graduate,3.22,0,7.0,12.6,3.06,Low
1464,19,M,Computer Science,2,63.6,45.7,40.3,20.9,3,1,1,Bachelor,2.65,3,1.0,7.3,1.98,Medium
1465,20,F,Engineering,2,23.6,35.9,38.2,12.0,0,0,1,HighSchool,0.57,5,1.0,2.1,0.96,High
1466,22,M,Computer Science,3,42.9,44.8,39.1,14.4,1,0,0,HighSchool,1.54,3,6.0,3.6,1.56,High
1467,21,F,Arts,3,69.1,55.7,80.8,30.3,2,0,1,Bachelor,2.63,0,8.0,14.1,2.85,Low
1468,21,Other,Computer Science,4,70.5,73.4,46.2,24.7,1,0,1,Graduate,2.64,2,8.0,6.0,2.33,Medium
1469,19,M,Science,1,68.1,65.5,58.7,25.1,4,0,0,None,,3,3.0,5.3,2.15,Medium
1470,21,F,Arts,2,48.5,46.1,63.3,14.2,0,0,0,HighSchool,1.89,7,6.0,6.2,1.77,High
1471,19,F,Computer Science,2,50.4,44.4,59.3,16.7,0,1,0,Bachelor,2.09,0,5.0,5.8,1.87,Medium
1472,21,F,Computer Science,2,64.7,40.8,51.4,16.9,0,0,0,None,1.92,2,2.0,8.3,1.74,Medium
1473,20,M,Business,1,18.9,39.8,11.8,7.6,1,1,0,None,,4,1.0,4.2,0.72,High
1474,20,M,Computer Science,1,65.4,56.5,54.0,25.7,2,1,0,Graduate,,2,3.0,5.4,2.2,Medium
1475,18,M,Computer Science,1,80.3,64.2,85.1,27.4,2,0,1,Bachelor,,1,8.0,7.8,2.44,Medium
1476,19,F,Science,2,37.7,41.8,40.3,16.2,2,1,0,Graduate,1.21,3,3.0,2.8,1.24,High
1477,20,F,Engineering,2,38.9,34.5,48.2,13.0,2,1,0,Bachelor,1.42,3,2.0,7.0,1.22,High
1478,21,M,Computer Science,3,66.3,54.7,65.5,25.5,3,0,0,HighSchool,2.72,1,6.0,8.5,2.41,Medium
1479,21,M,Engineering,3,74.7,78.9,62.4,30.5,2,0,0,Graduate,3.14,0,4.0,8.4,2.9,Low
1480,21,F,Business,2,,73.8,74.8,28.5,2,0,1,HighSchool,2.51,0,8.0,9.4,2.79,Low
1481,21,M,Science,2,31.1,25.2,28.7,8.1,0,0,0,HighSchool,0.78,3,0.0,0.6,0.78,High
1482,18,M,Computer Science,1,42.2,47.5,52.4,18.7,1,0,0,Graduate,,2,5.0,4.1,1.69,High
1483,22,F,Arts,3,80.1,68.2,67.6,22.5,2,0,0,Bachelor,2.99,1,7.0,6.4,2.48,Low
1484,19,M,Arts,2,90.3,82.7,70.7,32.0,4,0,0,Graduate,3.35,0,7.0,11.0,3.0,Low
1485,19,M,Computer Science,1,45.4,31.5,36.8,12.5,0,1,1,HighSchool,,3,2.0,4.4,1.23,High
1486,19,M,Computer Science,2,76.2,72.5,82.3,23.1,2,0,1,Graduate,3.37,0,7.0,7.8,2.81,Low
1487,20,M,Business,2,75.4,66.7,75.1,27.9,3,0,0,Bachelor,3.06,1,4.0,9.8,2.93,Low
1488,20,F,Science,1,48.2,44.0,51.9,11.6,2,0,1,Bachelor,,2,5.0,8.0,1.64,High
1489,20,F,Engineering,2,51.2,57.9,60.2,15.5,1,1,0,Graduate,1.84,2,3.0,4.0,1.76,Medium
1490,21,F,Engineering,2,34.0,47.5,43.6,13.8,0,1,1,HighSchool,1.17,2,4.0,4.2,1.15,High
1491,20,M,Arts,3,81.1,66.6,74.5,24.0,0,0,1,Bachelor,3.19,0,7.0,10.3,2.74,Low
1492,21,F,Science,3,34.7,25.3,33.5,10.3,0,1,0,Bachelor,1.22,5,1.0,,0.95,High
1493,21,M,Engineering,3,69.1,56.6,67.3,20.6,0,0,1,Bachelor,2.36,4,4.0,4.4,2.08,High
1494,21,F,Engineering,2,58.0,72.2,61.4,16.8,2,1,1,Graduate,2.06,3,3.0,6.1,1.92,High
1495,22,M,Arts,3,65.4,59.2,63.2,26.3,3,0,0,Bachelor,2.45,5,5.0,7.4,2.28,High
1496,20,F,Business,2,40.2,34.7,27.5,7.9,0,0,1,None,1.25,3,1.0,3.6,1.21,High
1497,19,M,Science,2,22.9,32.5,44.5,18.4,2,1,1,HighSchool,0.77,6,1.0,3.2,0.92,High
1498,21,M,Computer Science,3,90.7,77.2,72.5,28.6,1,1,0,Graduate,3.19,0,11.0,13.1,3.03,Low
1499,19,F,Computer Science,2,62.0,49.7,55.8,13.6,1,1,1,Graduate,2.58,2,7.0,6.0,2.08,Medium
1500,20,M,Arts,2,79.4,75.0,87.0,20.3,0,0,1,Graduate,3.12,3,4.0,5.0,2.9,Low
1501,20,M,Business,3,17.0,21.7,29.7,8.1,0,1,0,None,0.43,7,2.0,1.7,0.45,High
1502,22,F,Computer Science,4,34.7,45.9,56.1,11.1,2,0,0,HighSchool,1.22,3,2.0,8.1,1.41,High
1503,21,F,Computer Science,4,59.1,61.4,54.9,14.6,4,1,1,Bachelor,2.07,2,1.0,6.7,2.0,Medium
1504,19,M,Engineering,2,58.2,60.7,65.2,22.3,0,1,1,Bachelor,2.22,6,5.0,5.8,2.28,High
1505,19,F,Science,2,39.1,55.5,47.5,12.9,0,0,0,None,1.87,6,1.0,4.6,1.72,High
1506,22,F,Computer Science,3,81.5,77.5,72.3,27.4,2,0,0,Bachelor,2.66,2,6.0,9.8,2.69,Low
1507,21,F,Computer Science,2,88.0,95.5,95.8,33.3,2,0,0,HighSchool,3.22,1,7.0,9.6,3.08,Low
1508,23,F,Business,4,42.9,58.6,50.3,18.1,2,0,1,Bachelor,1.87,2,2.0,,1.75,High
1509,19,F,Science,2,39.2,22.6,31.6,16.9,0,0,1,HighSchool,0.44,1,1.0,1.4,0.73,High
1510,19,F,Business,1,18.0,27.2,18.6,0.0,1,0,0,None,,8,1.0,1.8,0.34,High
1511,20,F,Science,1,14.0,31.1,37.5,3.5,0,0,1,None,,5,0.0,3.7,0.79,High
1512,22,F,Science,4,51.8,70.8,54.8,19.1,1,0,1,Graduate,2.33,2,2.0,5.9,2.19,Medium
1513,18,M,Business,1,75.4,55.0,71.6,31.1,0,0,0,Bachelor,,1,7.0,7.1,2.47,Medium
1514,18,M,Arts,1,96.6,81.9,65.3,36.2,0,1,0,Graduate,,0,11.0,10.1,3.11,Low
1515,19,M,Arts,2,94.7,77.3,86.7,35.9,2,0,1,Bachelor,3.11,0,5.0,9.0,3.18,Low
1516,20,F,Engineering,1,,60.6,53.9,16.8,2,0,0,HighSchool,,0,4.0,6.8,1.9,Medium
1517,19,M,Business,2,82.0,68.0,76.4,22.6,2,1,0,HighSchool,2.92,2,6.0,9.7,2.72,Low
1518,22,F,Arts,3,48.8,48.4,47.8,11.5,1,1,1,Bachelor,1.43,2,1.0,2.9,1.58,Medium
1519,20,F,Arts,1,26.5,17.3,27.0,4.1,1,0,1,HighSchool,,7,2.0,3.3,0.74,High
1520,23,Other,Arts,4,83.2,80.8,72.8,33.8,0,0,0,Bachelor,3.31,1,11.0,7.4,3.03,Low
1521,23,M,Science,4,38.5,36.2,31.5,9.5,1,0,1,Bachelor,0.98,0,0.0,1.7,1.07,High
1522,19,F,Engineering,2,44.0,51.0,59.1,16.5,1,1,1,Graduate,1.76,2,2.0,4.7,1.9,High
1523,20,F,Arts,1,52.2,60.4,41.1,18.7,1,1,0,HighSchool,,2,2.0,8.3,1.77,Medium
1524,20,M,Science,3,60.0,45.9,49.0,9.7,2,1,0,Bachelor,1.74,2,6.0,2.4,1.47,High
1525,18,F,Computer Science,1,33.3,39.2,43.0,11.6,0,1,1,HighSchool,,4,2.0,3.2,1.02,High
1526,19,M,Computer Science,2,12.6,20.2,37.1,0.0,0,0,1,None,0.08,6,1.0,1.6,0.59,High
1527,21,F,Business,4,65.6,61.7,62.0,20.3,0,0,0,Bachelor,2.33,1,5.0,9.8,2.03,Medium
1528,21,F,Science,4,60.9,79.6,63.6,20.7,2,1,1,Bachelor,2.79,0,4.0,11.9,2.53,Medium
1529,20,M,Business,3,39.8,50.7,54.9,14.6,1,1,1,Bachelor,2.29,0,7.0,5.2,2.05,Medium
1530,19,M,Arts,2,29.9,20.4,12.1,6.9,0,0,1,None,0.3,3,0.0,3.4,0.27,High
1531,21,M,Computer Science,3,50.4,66.6,46.2,19.4,0,0,1,Graduate,2.09,0,2.0,6.3,1.87,Medium
1532,20,M,Business,3,61.2,57.5,58.5,20.3,1,0,0,Graduate,2.3,2,1.0,7.2,2.0,Medium
1533,19,F,Engineering,2,51.4,44.3,51.9,20.8,1,1,0,Bachelor,2.1,3,2.0,7.3,2.11,High
1534,22,M,Computer Science,3,89.7,70.6,63.7,24.6,2,0,0,Graduate,2.98,0,4.0,6.5,2.99,Low
1535,18,M,Science,1,,19.6,39.2,10.4,1,1,1,HighSchool,,4,0.0,,0.84,High
1536,18,F,Computer Science,1,24.7,16.9,35.6,,0,0,1,Bachelor,,2,1.0,4.0,0.9,High
1537,19,F,Science,2,71.3,74.3,78.6,26.6,3,0,1,Graduate,3.7,0,6.0,8.1,3.14,Low
1538,18,F,Computer Science,1,32.9,36.9,35.3,8.4,0,1,0,Bachelor,,2,0.0,5.1,1.1,High
1539,19,F,Science,1,77.6,78.4,71.8,24.7,4,0,1,Bachelor,,1,7.0,5.4,2.44,Medium
1540,23,M,Engineering,4,39.4,43.8,46.8,19.9,0,1,0,Bachelor,1.73,7,2.0,4.7,1.83,High
1541,23,F,Computer Science,4,35.1,40.3,37.5,10.8,0,1,0,Bachelor,1.15,3,0.0,6.7,0.97,High
1542,20,M,Computer Science,2,54.1,45.9,58.0,13.3,1,1,0,Bachelor,1.87,4,3.0,5.9,1.79,High
1543,21,F,Computer Science,4,93.8,89.2,76.8,34.8,0,0,1,HighSchool,3.54,0,8.0,8.8,3.22,Low
1544,23,Other,Engineering,4,49.6,59.7,53.3,15.1,1,1,0,HighSchool,1.57,2,2.0,3.1,1.84,High
1545,18,F,Arts,1,67.8,65.2,73.2,23.5,3,0,1,Bachelor,,1,8.0,8.6,2.49,Medium
1546,20,F,Business,2,59.8,68.5,76.8,21.2,4,0,1,Bachelor,2.61,1,9.0,10.1,2.37,Medium
1547,20,F,Business,2,54.4,27.1,50.1,16.1,1,0,1,Bachelor,1.36,1,1.0,3.9,1.32,High
1548,20,M,Engineering,1,53.8,62.7,59.7,16.9,0,0,0,Graduate,,1,7.0,5.8,1.82,Medium
1549,20,F,Engineering,3,23.5,37.8,29.9,12.0,0,0,1,Bachelor,0.81,7,0.0,0.0,0.9,High
1550,20,F,Arts,2,82.2,76.5,71.4,23.2,1,0,1,HighSchool,3.1,4,7.0,9.7,2.87,Medium
1551,20,Other,Engineering,2,71.2,67.2,57.9,25.0,2,0,0,HighSchool,3.24,1,14.0,7.7,2.66,Medium
1552,19,F,Arts,1,68.3,64.9,56.6,29.5,0,0,1,Bachelor,,2,8.0,7.0,2.29,Medium
1553,20,M,Science,1,64.1,59.4,62.7,23.0,2,0,1,Bachelor,,1,,11.0,2.43,Medium
1554,23,F,Business,4,29.9,36.3,41.2,21.3,2,0,0,Bachelor,1.13,3,2.0,0.8,1.37,High
1555,19,M,Computer Science,1,50.0,51.5,60.9,14.6,2,1,0,Bachelor,,3,6.0,2.2,1.93,High
1556,19,M,Computer Science,1,75.2,85.6,94.2,32.4,3,0,0,Bachelor,,0,11.0,11.3,2.86,Low
1557,20,M,Engineering,1,78.1,69.4,58.5,29.9,1,0,0,Bachelor,,0,2.0,7.0,2.53,Medium
1558,20,F,Business,2,59.3,55.2,61.5,12.1,3,1,1,Graduate,2.01,5,5.0,5.3,1.93,High
1559,20,M,Science,3,19.1,12.5,19.4,0.0,0,1,0,None,0.11,6,0.0,2.0,0.09,High
1560,20,M,Engineering,2,58.2,65.8,75.9,,5,1,0,Bachelor,2.57,3,3.0,9.3,2.31,Medium
1561,18,M,Engineering,1,42.5,45.1,58.0,19.8,0,1,0,Bachelor,,5,5.0,3.9,1.65,High
1562,18,F,Arts,1,25.1,17.2,33.2,0.0,0,1,0,None,,5,3.0,0.3,0.41,High
1563,22,F,Business,4,80.4,60.1,46.3,18.3,2,0,0,Bachelor,1.88,2,2.0,5.8,1.84,Medium
1564,22,M,Arts,3,39.1,45.8,44.0,11.4,1,1,1,Bachelor,0.82,2,3.0,3.8,1.09,High
1565,22,M,Computer Science,3,56.2,54.0,35.8,24.3,1,1,0,Bachelor,1.34,3,1.0,6.7,1.64,High
1566,20,F,Engineering,3,69.5,64.2,75.3,26.9,1,0,0,Bachelor,3.15,0,5.0,6.7,2.67,Medium
1567,21,M,Science,3,23.2,22.9,36.0,10.9,0,1,1,HighSchool,1.2,9,2.0,4.2,0.91,High
1568,18,F,Arts,1,58.4,51.9,52.8,22.6,1,1,1,HighSchool,,3,3.0,8.0,2.0,High
1569,21,M,Science,2,30.5,35.1,27.5,15.1,3,1,0,HighSchool,1.71,3,1.0,4.8,1.14,High
1570,19,F,Business,2,45.3,65.8,53.5,17.0,0,1,0,HighSchool,2.09,2,6.0,6.4,2.0,High
1571,21,M,Science,2,46.1,44.3,68.5,14.8,0,0,0,Bachelor,2.1,6,3.0,6.3,1.93,High
1572,23,F,Engineering,4,96.2,86.3,80.3,29.1,1,0,0,Graduate,3.8,0,8.0,9.6,3.41,Low
1573,21,M,Engineering,2,40.5,36.0,50.9,13.5,2,1,0,Bachelor,1.72,5,5.0,3.0,1.45,High
1574,20,F,Computer Science,3,24.4,26.8,31.3,7.8,1,1,1,HighSchool,0.82,3,,2.1,0.71,High
1575,23,Other,Computer Science,4,21.5,29.8,37.9,0.0,0,1,1,HighSchool,0.78,3,3.0,3.3,0.98,High
1576,21,F,Engineering,2,25.6,43.7,41.5,10.4,4,1,0,HighSchool,0.93,2,4.0,2.3,1.02,High
1577,22,M,Computer Science,4,17.1,25.5,22.7,6.8,0,1,1,Bachelor,0.59,3,,2.4,0.52,High
1578,22,M,Arts,3,37.7,49.0,47.0,16.5,1,1,0,HighSchool,1.87,3,5.0,4.7,1.67,High
1579,23,F,Science,4,20.3,29.2,50.3,16.6,0,0,0,Bachelor,1.2,4,3.0,7.2,1.11,High
1580,19,F,Science,2,48.6,54.0,58.6,18.7,0,1,0,Bachelor,1.67,3,2.0,7.8,1.9,Medium
1581,21,M,Computer Science,2,31.7,48.6,43.8,9.8,1,0,0,Bachelor,1.32,2,3.0,6.2,1.32,High
1582,21,M,Science,2,48.5,47.0,65.6,7.4,2,0,1,HighSchool,1.89,2,3.0,7.1,1.89,Medium
1583,18,M,Computer Science,1,65.0,54.8,69.6,23.4,1,0,0,HighSchool,,3,8.0,6.1,2.23,Medium
1584,19,F,Engineering,2,78.1,81.6,90.2,27.9,5,0,1,Bachelor,3.57,0,7.0,13.6,3.18,Low
1585,23,F,Science,4,42.4,52.5,50.8,18.5,1,0,0,Bachelor,1.66,1,3.0,5.7,1.83,Medium
1586,20,F,Computer Science,3,46.4,26.3,43.4,15.7,0,0,1,None,1.03,4,2.0,3.6,1.08,High
1587,19,F,Computer Science,1,42.6,43.8,58.9,11.0,1,1,1,Graduate,,2,2.0,3.6,1.57,High
1588,21,M,Computer Science,2,39.5,42.0,23.7,14.0,1,1,0,Bachelor,1.07,6,2.0,3.5,1.16,High
1589,19,M,Engineering,1,51.4,47.4,56.1,22.4,2,0,0,Bachelor,,4,,2.5,1.83,High
1590,20,M,Arts,1,59.9,40.9,52.2,21.5,0,1,1,HighSchool,,2,3.0,5.7,1.7,High
1591,21,F,Computer Science,4,44.6,52.6,42.2,5.7,1,0,0,HighSchool,1.65,4,7.0,3.9,1.3,High
1592,19,M,Computer Science,2,82.5,73.8,80.2,27.1,2,0,0,HighSchool,3.53,0,10.0,9.7,3.1,Low
1593,21,M,Engineering,2,57.2,54.4,45.5,14.4,1,0,1,HighSchool,2.42,5,3.0,4.1,1.9,High
1594,21,M,Computer Science,3,46.5,42.0,34.7,17.5,0,0,0,Bachelor,1.76,3,5.0,6.9,1.56,High
1595,18,M,Arts,1,43.4,42.8,57.7,16.5,2,1,0,Bachelor,,2,1.0,6.5,1.59,High
1596,18,F,Science,1,50.6,53.6,65.3,10.4,1,0,0,Graduate,,0,10.0,10.8,1.82,High
1597,21,M,Arts,3,84.7,76.7,53.3,25.1,2,1,0,Graduate,2.75,0,4.0,12.4,2.57,Low
1598,21,M,Science,3,32.3,27.8,26.6,10.4,0,0,0,HighSchool,0.66,4,1.0,3.0,0.78,High
1599,21,F,Engineering,4,8.2,27.6,32.4,5.0,0,1,0,HighSchool,0.5,7,1.0,3.9,0.66,High
1600,21,M,Science,3,38.1,37.5,42.6,14.0,2,1,0,Bachelor,1.57,7,2.0,5.3,1.43,High
1601,20,M,Computer Science,2,83.1,95.5,90.8,28.6,4,0,0,Graduate,3.67,0,8.0,9.5,3.62,Low
1602,21,M,Computer Science,3,79.1,70.3,92.1,27.2,5,0,0,Graduate,3.44,0,5.0,10.2,3.13,Low
1603,21,F,Engineering,4,41.2,44.2,46.6,19.2,1,0,1,None,2.16,3,11.0,8.0,1.75,High
1604,21,M,Computer Science,3,53.1,69.7,58.2,20.4,0,0,1,HighSchool,2.2,4,4.0,15.0,2.1,Medium
1605,23,F,Science,4,29.8,38.2,34.8,13.0,1,0,0,None,1.42,2,2.0,6.2,1.34,High
1606,20,F,Arts,3,63.2,74.0,61.5,29.1,4,0,0,Bachelor,3.01,0,9.0,9.6,2.82,Low
1607,21,F,Science,4,33.1,37.0,26.0,10.5,1,1,1,Bachelor,1.13,2,0.0,4.7,1.24,High
1608,20,M,Business,1,29.8,28.2,22.1,10.3,0,1,0,Bachelor,,3,1.0,3.3,0.71,High
1609,21,F,Engineering,3,75.7,68.7,62.8,22.6,5,0,0,Bachelor,2.64,1,6.0,8.2,2.64,Low
1610,21,M,Arts,2,32.9,29.2,41.7,5.2,0,0,1,HighSchool,0.86,2,0.0,5.5,0.97,High
1611,20,M,Computer Science,2,46.2,65.3,69.8,23.0,2,0,0,Bachelor,2.08,3,2.0,7.1,2.02,High
1612,22,F,Engineering,3,41.6,42.3,45.2,12.2,0,0,1,None,1.27,6,2.0,2.2,1.27,High
1613,22,M,Engineering,4,55.1,63.5,61.7,20.5,2,1,1,Bachelor,2.03,1,3.0,7.5,2.21,Medium
1614,21,M,Science,4,80.4,86.0,72.3,22.1,1,0,1,Bachelor,3.07,0,7.0,10.6,2.92,Low
1615,20,M,Arts,1,90.8,74.5,77.9,,1,0,0,Bachelor,,0,9.0,8.9,2.75,Low
1616,21,M,Computer Science,3,46.5,44.1,53.8,21.0,1,0,0,HighSchool,2.01,1,6.0,7.0,1.72,Medium
1617,20,M,Engineering,3,31.9,66.7,53.0,17.7,4,0,0,Bachelor,2.0,1,1.0,8.5,1.77,High
1618,20,F,Engineering,2,55.3,54.9,78.8,18.4,3,0,1,Bachelor,2.41,1,4.0,7.6,2.19,Medium
1619,19,F,Computer Science,1,44.3,44.0,26.1,17.7,0,0,1,HighSchool,,2,4.0,3.9,1.35,High
1620,18,M,Business,1,35.1,35.0,25.2,6.9,0,1,1,HighSchool,,2,1.0,2.7,0.86,High
1621,22,F,Business,3,78.7,80.6,86.8,40.0,3,0,0,Bachelor,3.74,0,11.0,10.3,3.33,Low
1622,19,M,Computer Science,2,29.6,47.4,43.0,11.1,0,1,1,HighSchool,1.45,4,3.0,7.9,1.54,High
1623,21,M,Engineering,4,54.4,58.0,46.9,26.6,1,0,0,HighSchool,2.22,4,2.0,6.5,2.24,Medium
1624,20,M,Computer Science,2,16.7,33.2,25.1,7.5,1,1,1,HighSchool,0.67,4,2.0,3.8,0.93,High
1625,23,M,Engineering,4,70.5,58.6,58.4,29.4,2,0,0,HighSchool,2.78,0,7.0,7.4,2.28,Medium
1626,21,M,Computer Science,2,70.9,69.9,79.3,23.1,3,0,0,Bachelor,3.19,0,8.0,8.2,3.03,Low
1627,22,M,Arts,3,57.3,55.4,72.2,21.7,0,1,0,Bachelor,2.11,2,11.0,5.8,2.16,Medium
1628,18,M,Computer Science,1,35.4,41.1,58.7,17.0,2,1,1,HighSchool,,3,8.0,5.1,1.57,High
1629,21,F,Science,2,80.7,74.1,63.0,30.4,2,0,0,Bachelor,3.08,0,9.0,8.5,2.95,Low
1630,22,M,Computer Science,3,70.7,80.7,58.1,29.0,2,0,0,HighSchool,2.8,3,5.0,11.1,2.7,Medium
1631,22,M,Engineering,4,44.1,41.6,34.9,12.2,1,1,0,HighSchool,1.61,1,4.0,4.9,1.24,High
1632,22,M,Business,4,37.6,23.0,51.6,12.2,0,1,0,HighSchool,0.8,2,4.0,4.2,0.99,High
1633,18,F,Computer Science,1,63.7,72.3,67.5,27.4,1,1,1,Bachelor,,2,6.0,7.4,2.38,Medium
1634,21,M,Engineering,2,51.3,61.5,60.9,17.8,2,0,0,Graduate,2.49,2,7.0,7.9,2.04,Medium
1635,20,F,Science,1,44.7,49.5,54.8,19.5,1,0,0,Bachelor,,6,1.0,9.0,1.81,High
1636,19,M,Science,1,30.0,32.2,38.4,9.8,0,0,1,None,,2,2.0,1.8,1.28,High
1637,21,M,Business,3,38.7,19.0,20.9,7.4,0,0,0,HighSchool,0.62,3,2.0,3.1,0.69,High
1638,21,F,Computer Science,3,52.5,75.2,67.4,22.3,2,0,0,HighSchool,2.32,1,9.0,,2.36,Medium
1639,20,M,Arts,3,43.2,47.4,48.2,12.6,1,1,0,Graduate,1.32,3,2.0,8.0,1.44,High
1640,22,M,Engineering,4,27.2,17.2,23.8,7.1,0,0,0,None,0.7,4,2.0,2.8,0.7,High
1641,22,M,Computer Science,3,56.2,59.8,64.1,20.8,3,1,0,Graduate,2.01,0,2.0,4.1,2.22,Medium
1642,22,Other,Arts,3,59.2,59.0,49.6,16.8,0,1,0,Bachelor,1.94,4,9.0,3.5,1.66,High
1643,20,F,Engineering,1,42.0,46.3,49.9,21.2,2,1,0,Bachelor,,4,2.0,6.9,1.68,High
1644,19,F,Engineering,1,71.0,63.7,70.1,29.6,2,0,1,Graduate,,0,6.0,5.5,2.53,Medium
1645,22,Other,Business,3,39.6,28.2,45.9,11.8,1,0,1,None,1.0,4,4.0,4.4,1.03,High
1646,22,M,Business,4,69.3,47.8,58.2,15.8,0,0,1,Bachelor,2.22,3,4.0,5.7,1.95,Medium
1647,19,Other,Computer Science,1,48.9,49.8,35.4,9.1,1,0,0,HighSchool,,3,2.0,4.1,1.58,High
1648,20,M,Arts,2,87.3,83.1,86.3,39.3,3,0,0,Graduate,3.59,0,5.0,9.5,3.2,Low
1649,22,F,Computer Science,3,27.9,19.3,37.7,4.8,0,0,1,Bachelor,0.7,2,0.0,1.4,0.78,High
1650,20,M,Arts,1,31.1,35.8,40.9,10.2,1,0,1,None,,5,4.0,2.6,1.31,High
1651,19,M,Arts,2,67.7,65.4,74.2,24.6,1,0,0,Graduate,2.7,1,8.0,9.2,2.39,Medium
1652,21,F,Arts,4,21.9,28.2,30.3,7.8,0,1,0,None,0.65,1,2.0,2.8,0.75,High
1653,21,M,Computer Science,3,22.2,12.0,29.2,0.0,0,1,0,HighSchool,0.53,2,1.0,2.4,0.53,High
1654,19,Other,Business,1,55.7,46.1,42.0,15.4,3,0,0,Bachelor,,2,4.0,6.0,1.67,Medium
1655,23,M,Business,4,48.0,56.2,50.2,14.2,3,1,0,Bachelor,1.75,4,6.0,7.0,1.7,High
1656,20,F,Engineering,2,78.2,85.3,81.5,28.6,3,0,0,Graduate,3.19,0,5.0,11.6,2.94,Low
1657,22,Other,Science,4,67.8,68.5,78.2,28.8,3,0,1,Bachelor,2.79,1,8.0,7.1,2.71,Medium
1658,20,M,Business,1,15.9,35.1,35.9,9.9,0,1,1,Bachelor,,2,6.0,1.7,1.01,High
1659,21,F,Science,3,37.5,45.5,51.0,12.0,1,0,1,HighSchool,1.54,5,6.0,6.9,1.55,High
1660,20,F,Computer Science,2,59.7,59.1,49.9,22.7,1,0,0,HighSchool,2.44,2,8.0,6.1,2.3,Medium
1661,19,F,Business,1,57.1,52.7,53.6,21.5,1,0,1,Graduate,,2,7.0,7.6,1.73,Medium
1662,22,M,Computer Science,4,63.8,57.1,44.7,15.1,0,0,1,HighSchool,1.75,1,5.0,5.9,1.9,Medium
1663,20,F,Arts,1,54.4,59.8,72.2,20.6,1,1,0,Bachelor,,3,4.0,5.1,2.06,High
1664,20,F,Computer Science,1,55.4,36.0,42.2,9.6,1,0,1,HighSchool,,6,0.0,6.1,1.41,High
1665,20,M,Business,2,93.6,82.1,84.3,36.1,2,0,1,HighSchool,3.62,0,8.0,13.5,3.4,Low
1666,21,M,Arts,3,64.4,60.6,57.9,19.0,0,0,1,Bachelor,2.23,1,3.0,7.9,2.35,Medium
1667,21,M,Engineering,3,84.1,80.0,55.4,24.0,3,0,0,Bachelor,2.69,0,2.0,8.7,2.58,Low
1668,21,F,Computer Science,4,43.9,62.2,48.1,14.1,0,0,1,Bachelor,1.66,3,1.0,9.2,1.65,High
1669,19,M,Computer Science,1,64.1,62.3,72.3,19.8,1,1,0,Graduate,,0,6.0,5.2,2.27,Medium
1670,19,F,Engineering,2,57.3,60.6,54.8,11.1,1,1,0,HighSchool,1.8,1,5.0,4.0,1.71,Medium
1671,18,Other,Business,1,52.6,52.7,36.2,14.9,1,0,0,Bachelor,,3,4.0,5.4,1.68,High
1672,19,M,Computer Science,2,22.9,32.0,24.5,,1,1,0,None,0.6,4,3.0,5.2,0.59,High
1673,22,M,Engineering,4,45.7,53.5,58.8,12.3,0,0,0,Bachelor,1.42,6,5.0,7.6,1.65,High
1674,20,F,Computer Science,3,26.9,25.1,42.3,3.9,1,0,0,HighSchool,1.06,2,4.0,0.3,0.98,High
1675,21,M,Engineering,3,91.6,78.9,85.5,24.1,5,0,1,Bachelor,2.81,0,3.0,8.7,2.65,Low
1676,20,F,Business,2,32.3,49.3,37.4,12.1,1,0,0,HighSchool,1.22,1,7.0,2.2,1.49,High
1677,22,F,Computer Science,4,19.5,18.4,33.5,2.1,0,1,1,Bachelor,0.41,1,0.0,1.4,0.16,High
1678,21,F,Computer Science,2,82.4,73.0,75.1,27.1,2,1,0,Bachelor,3.09,0,10.0,11.3,2.86,Low
1679,19,M,Computer Science,1,48.5,48.8,74.3,25.3,0,0,1,Graduate,,1,3.0,9.3,2.17,Medium
1680,21,F,Computer Science,2,23.4,37.3,36.3,14.5,2,0,1,None,0.87,1,3.0,4.0,0.77,High
1681,20,F,Business,1,83.1,85.1,67.3,39.4,2,0,1,Graduate,,0,2.0,9.9,3.06,Low
1682,18,M,Science,1,52.2,41.6,57.5,9.6,2,0,1,HighSchool,,2,1.0,5.5,1.52,High
1683,18,F,Science,1,44.5,45.4,46.8,12.6,0,0,1,HighSchool,,1,3.0,7.0,1.52,High
1684,20,F,Business,2,17.7,23.4,23.8,7.9,0,1,0,HighSchool,0.51,5,1.0,6.7,0.75,High
1685,22,F,Engineering,3,2.3,14.6,11.6,1.7,0,1,0,HighSchool,0.28,4,0.0,0.0,0.28,High
1686,19,M,Engineering,2,65.9,47.7,63.3,19.4,1,1,0,Bachelor,1.54,2,7.0,8.8,1.74,Medium
1687,19,M,Science,2,56.4,42.8,53.0,20.0,2,0,0,HighSchool,2.11,4,6.0,7.2,1.87,High
1688,23,M,Computer Science,4,58.9,63.7,69.1,25.1,1,0,0,HighSchool,2.01,1,4.0,8.3,2.37,Medium
1689,22,M,Business,3,50.0,53.9,52.5,22.8,1,0,0,Bachelor,2.38,1,3.0,6.9,2.15,Medium
1690,19,M,Business,2,57.1,53.1,55.1,25.9,0,1,1,Graduate,2.37,3,7.0,10.3,2.05,Medium
1691,19,Other,Computer Science,1,47.9,17.6,48.9,8.8,0,0,1,Bachelor,,2,2.0,4.5,1.1,High
1692,22,M,Business,4,54.0,74.1,67.6,23.9,0,0,1,Bachelor,2.75,1,9.0,7.1,2.38,Medium
1693,18,F,Science,1,,56.2,54.1,16.7,0,0,1,HighSchool,,4,6.0,7.2,1.76,High
1694,19,M,Science,2,,79.1,67.9,22.8,5,1,0,Bachelor,3.09,1,6.0,12.2,2.98,Low
1695,22,M,Computer Science,4,18.9,31.7,26.2,12.4,1,1,0,None,0.72,7,1.0,2.5,0.75,High
1696,20,M,Business,2,17.8,32.3,33.9,9.8,0,1,1,HighSchool,0.76,6,2.0,0.0,0.66,High
1697,20,M,Business,3,25.3,36.7,28.4,9.3,3,0,1,None,1.53,7,1.0,3.7,1.22,High
1698,21,F,Engineering,3,45.0,43.6,43.9,20.3,1,1,0,Bachelor,1.77,6,2.0,5.5,1.56,High
1699,20,F,Engineering,3,36.4,53.2,54.8,17.1,2,0,0,HighSchool,2.31,2,5.0,6.8,2.04,High
1700,20,F,Computer Science,1,59.9,63.8,63.1,14.3,3,0,0,Bachelor,,2,3.0,6.6,2.04,Medium
1701,18,M,Science,1,29.1,42.1,48.0,13.5,0,0,0,HighSchool,,8,1.0,6.1,1.39,High
1702,19,F,Science,2,25.0,36.9,38.6,6.6,2,0,0,Bachelor,0.98,4,5.0,0.0,0.91,High
1703,18,M,Engineering,1,78.3,74.5,60.1,22.3,0,0,0,Bachelor,,3,8.0,8.2,2.23,Medium
1704,23,F,Engineering,4,39.4,47.5,69.7,15.6,0,1,1,None,1.73,2,3.0,5.5,1.87,High
1705,20,F,Engineering,1,49.4,53.8,50.1,19.0,3,0,1,HighSchool,,0,3.0,10.3,1.59,High
1706,20,M,Business,2,70.3,88.7,71.3,29.8,2,0,0,Bachelor,3.09,1,7.0,9.1,2.88,Medium
1707,20,M,Computer Science,3,65.6,75.7,62.8,25.4,1,1,1,Bachelor,2.53,0,6.0,8.9,2.57,Medium
1708,22,M,Engineering,3,36.7,41.0,31.0,10.3,0,1,1,None,1.15,3,3.0,3.3,0.87,High
1709,20,M,Computer Science,2,68.8,43.5,52.3,13.5,0,0,0,Bachelor,1.72,6,4.0,6.1,1.68,High
1710,21,F,Science,2,59.1,68.1,62.4,19.3,1,0,1,HighSchool,1.76,1,,9.9,1.81,Medium
1711,22,F,Business,4,62.0,52.3,58.4,12.2,0,0,0,None,2.05,1,3.0,4.2,1.71,Medium
1712,22,Other,Business,3,72.2,55.8,68.0,26.4,1,0,1,HighSchool,2.48,2,6.0,5.7,2.23,Medium
1713,22,M,Business,3,64.0,45.4,70.6,15.9,4,1,0,Bachelor,2.21,3,3.0,9.0,2.05,Medium
1714,21,F,Science,4,55.2,45.8,48.2,12.8,0,0,1,HighSchool,1.19,2,6.0,5.6,1.34,High
1715,22,M,Computer Science,3,65.1,50.1,62.6,15.0,1,0,1,Bachelor,2.24,1,3.0,6.5,2.21,Medium
1716,18,F,Computer Science,1,49.3,51.2,59.8,13.4,1,0,0,HighSchool,,3,3.0,5.6,1.75,High
1717,20,M,Computer Science,2,64.0,51.7,52.7,21.2,2,0,0,Bachelor,1.75,1,11.0,9.2,1.83,Medium
1718,18,M,Engineering,1,54.1,78.9,87.7,21.9,1,0,0,HighSchool,,1,2.0,9.3,2.44,Medium
1719,22,F,Science,3,16.3,22.4,19.1,8.1,0,1,1,Bachelor,0.0,5,0.0,0.1,0.36,High
1720,21,M,Computer Science,4,50.1,76.9,59.8,22.6,2,0,1,Bachelor,2.54,4,6.0,8.0,2.58,Medium
1721,20,M,Science,2,23.7,31.2,32.0,10.2,1,1,0,HighSchool,0.87,1,4.0,4.2,0.89,High
1722,20,F,Business,2,15.5,29.3,13.8,3.0,0,0,1,None,0.0,5,0.0,2.4,0.22,High
1723,20,M,Engineering,1,51.8,46.8,69.0,25.9,0,1,0,Bachelor,,2,7.0,6.7,1.94,Medium
1724,23,F,Computer Science,4,62.4,62.3,80.7,25.3,2,0,0,Graduate,2.64,1,2.0,5.1,2.65,Medium
1725,18,F,Engineering,1,69.4,61.6,62.8,19.3,2,0,0,Graduate,,2,4.0,9.6,2.31,Medium
1726,20,F,Engineering,1,81.0,72.7,79.3,25.4,3,0,0,HighSchool,,0,7.0,10.8,2.68,Low
1727,18,F,Engineering,1,70.9,71.0,77.1,29.5,2,0,0,Bachelor,,2,10.0,12.4,2.58,Medium
1728,19,F,Computer Science,1,54.4,41.1,58.2,17.4,1,1,0,HighSchool,,4,4.0,3.0,1.57,High
1729,20,F,Science,2,43.4,36.0,65.4,10.6,0,1,0,HighSchool,1.53,1,3.0,5.1,1.53,High
1730,20,F,Science,2,50.9,44.6,62.5,19.0,3,1,1,Bachelor,1.66,5,4.0,5.2,1.84,Medium
1731,21,F,Business,2,78.8,84.4,81.8,27.8,4,0,0,Bachelor,3.59,0,2.0,10.0,3.21,Low
1732,20,M,Engineering,1,73.4,79.9,76.9,31.5,2,0,1,Bachelor,,1,3.0,6.0,2.94,Medium
1733,19,M,Arts,1,46.8,41.6,47.8,14.6,0,1,1,Bachelor,,6,5.0,2.4,1.33,High
1734,21,F,Computer Science,2,23.4,28.1,24.4,0.0,0,1,1,HighSchool,0.45,5,1.0,2.2,0.26,High
1735,18,M,Science,1,64.7,58.1,60.9,22.8,5,0,0,Bachelor,,2,3.0,7.6,2.5,Medium
1736,20,M,Business,3,32.7,35.7,35.6,10.0,0,1,1,HighSchool,1.19,5,3.0,2.7,1.16,High
1737,19,M,Arts,1,6.1,23.5,32.4,4.1,0,0,0,None,,3,0.0,4.4,0.71,High
1738,20,F,Computer Science,2,39.6,47.9,58.3,14.3,1,1,0,HighSchool,1.75,5,4.0,10.1,1.56,High
1739,21,M,Business,2,58.5,61.2,66.8,19.8,1,0,0,Graduate,2.71,2,3.0,8.3,2.23,Medium
1740,21,F,Engineering,2,69.4,74.5,71.2,19.1,3,0,0,Bachelor,2.7,0,2.0,5.6,2.58,Medium
1741,18,F,Engineering,1,,42.0,58.1,17.3,1,1,1,HighSchool,,5,3.0,6.2,1.4,High
1742,18,F,Science,1,46.0,46.5,40.7,19.0,0,0,1,Bachelor,,3,6.0,2.1,1.55,High
1743,23,M,Science,4,83.4,83.3,76.7,30.2,3,0,1,Graduate,3.46,0,10.0,7.6,3.26,Low
1744,19,F,Computer Science,1,64.3,64.1,81.7,24.1,1,0,0,Graduate,,1,4.0,8.8,2.52,Low
1745,19,F,Business,2,63.5,50.8,59.0,16.4,2,0,1,Bachelor,1.92,5,6.0,3.9,1.91,Medium
1746,21,M,Business,2,24.6,28.2,26.8,10.0,0,1,1,HighSchool,0.62,0,1.0,2.8,1.02,High
1747,20,F,Engineering,2,63.5,58.3,68.1,33.9,0,1,0,Bachelor,2.73,2,6.0,5.3,2.58,Medium
1748,21,M,Engineering,2,50.7,53.8,66.8,24.5,0,0,0,Bachelor,2.19,1,9.0,7.1,1.9,Medium
1749,22,Other,Science,3,74.9,87.4,59.7,28.6,1,1,1,Graduate,3.61,0,7.0,12.5,3.06,Low
1750,23,M,Arts,4,82.8,76.7,77.1,25.6,5,1,0,Bachelor,2.81,0,5.0,8.3,3.01,Low
1751,19,F,Computer Science,1,37.1,46.4,39.9,1.1,3,1,0,Bachelor,,4,6.0,4.5,1.13,High
1752,21,F,Business,2,14.4,22.1,10.1,7.8,0,0,1,HighSchool,0.01,3,1.0,0.0,0.52,High
1753,20,M,Engineering,1,88.9,70.8,76.5,30.9,1,0,0,Bachelor,,1,7.0,8.1,2.92,Low
1754,19,F,Business,2,,33.7,47.0,12.8,2,0,0,HighSchool,1.86,2,3.0,3.7,1.57,High
1755,20,M,Computer Science,3,7.0,17.4,28.0,0.1,0,0,0,None,0.93,3,0.0,3.8,0.53,High
1756,18,F,Business,1,45.8,37.1,42.1,8.8,1,1,1,Bachelor,,4,0.0,2.0,1.31,High
1757,20,F,Business,2,57.2,49.5,48.7,20.8,2,0,1,Bachelor,2.24,1,2.0,,2.16,Medium
1758,22,M,Computer Science,4,84.7,90.5,72.1,31.0,0,0,1,Graduate,3.62,0,7.0,11.6,3.05,Low
1759,18,M,Arts,1,55.2,59.0,49.1,20.7,2,1,1,Bachelor,,4,2.0,8.1,1.87,High
1760,20,F,Business,2,74.6,99.1,90.6,31.7,2,0,1,Graduate,3.54,0,6.0,11.7,3.1,Low
1761,20,M,Engineering,3,81.6,62.1,70.5,28.3,4,0,1,Bachelor,2.84,0,7.0,8.3,2.62,Low
1762,19,F,Engineering,1,49.2,56.9,47.9,16.6,2,1,0,Bachelor,,4,5.0,4.2,1.49,High
1763,19,F,Science,1,8.8,31.2,16.4,7.5,0,1,0,None,,1,3.0,3.6,0.72,High
1764,19,F,Computer Science,1,66.3,66.7,66.6,16.5,2,0,1,Bachelor,,2,4.0,6.9,2.16,Medium
1765,22,M,Computer Science,4,37.5,54.3,59.3,12.5,1,1,1,HighSchool,1.94,2,2.0,4.4,1.94,High
1766,19,F,Business,1,35.4,48.1,46.7,11.0,0,1,0,None,,1,7.0,7.2,1.38,High
1767,20,F,Business,1,30.0,35.4,35.5,,1,1,1,HighSchool,,3,4.0,4.7,1.1,High
1768,20,M,Business,1,54.2,62.0,43.6,30.1,1,0,1,Bachelor,,2,7.0,8.6,1.87,Medium
1769,20,M,Arts,1,65.6,53.8,54.7,19.8,3,1,0,Bachelor,,2,,8.4,2.03,Medium
1770,21,M,Computer Science,3,66.1,38.6,53.4,16.7,3,1,0,Graduate,2.32,3,1.0,6.5,2.03,Medium
1771,19,M,Computer Science,1,55.6,55.6,50.0,11.4,1,0,0,Graduate,,0,3.0,3.9,1.9,Medium
1772,19,F,Business,2,46.7,44.2,48.5,20.1,0,1,0,Graduate,1.81,1,3.0,6.4,1.81,Medium
1773,21,M,Arts,3,37.6,28.6,46.1,8.9,2,1,0,HighSchool,1.21,2,1.0,4.0,1.25,High
1774,21,F,Science,4,84.4,83.2,80.3,40.0,1,0,0,Graduate,3.41,0,3.0,8.6,3.31,Low
1775,19,M,Arts,1,73.5,68.0,86.5,26.1,1,1,0,Graduate,,0,6.0,7.8,2.82,Low
1776,21,M,Engineering,4,47.1,57.7,42.3,26.3,1,0,0,Graduate,2.18,5,4.0,6.2,2.05,High
1777,21,M,Arts,3,26.1,34.5,32.5,11.9,0,1,1,HighSchool,0.58,2,1.0,0.6,0.68,High
1778,20,F,Arts,1,34.3,31.7,22.6,6.2,1,1,1,HighSchool,,5,3.0,3.5,0.8,High
1779,22,F,Computer Science,3,86.8,81.7,78.9,31.7,2,0,0,Graduate,3.86,0,6.0,10.1,3.14,Low
1780,22,M,Engineering,4,43.2,34.3,37.3,16.9,1,0,0,HighSchool,1.75,1,6.0,4.7,1.56,High
1781,18,F,Arts,1,30.9,49.2,57.2,13.5,1,0,0,HighSchool,,2,4.0,5.9,1.77,High
1782,21,M,Business,4,32.7,31.5,37.4,11.9,0,1,0,Bachelor,1.03,6,2.0,4.4,1.14,High
1783,19,M,Engineering,2,57.8,58.6,66.9,23.2,1,0,0,HighSchool,2.07,0,8.0,,2.07,Medium
1784,22,M,Engineering,3,39.8,26.8,24.2,7.9,0,1,0,None,0.36,5,1.0,3.9,0.69,High
1785,23,Other,Engineering,4,60.4,57.3,55.3,22.0,1,0,0,Graduate,2.29,0,8.0,7.3,2.21,Medium
1786,20,F,Computer Science,2,72.4,56.7,60.2,19.7,0,0,1,Graduate,2.49,0,8.0,,2.34,Medium
1787,20,F,Engineering,3,100.0,83.0,79.0,28.0,3,1,0,Graduate,3.35,1,5.0,8.6,2.97,Low
1788,19,M,Science,2,35.5,40.8,53.9,11.7,0,0,1,HighSchool,1.44,1,3.0,0.8,1.59,High
1789,22,M,Computer Science,3,36.0,34.5,44.9,4.4,3,0,0,HighSchool,1.35,2,3.0,6.0,1.1,High
1790,20,F,Business,3,62.1,70.4,65.8,25.2,0,0,0,HighSchool,2.89,2,4.0,9.4,2.53,Medium
1791,18,M,Computer Science,1,75.4,70.4,61.7,21.6,2,0,1,Bachelor,,0,8.0,10.1,2.48,Medium
1792,19,F,Computer Science,2,35.4,53.3,48.0,9.8,0,0,0,None,1.73,7,2.0,6.0,1.49,High
1793,19,F,Science,2,71.8,62.2,83.7,22.6,0,0,1,Bachelor,2.23,1,7.0,13.0,2.4,Medium
1794,19,M,Engineering,1,69.6,60.1,81.4,24.5,5,0,1,Graduate,,1,8.0,8.6,2.51,Low
1795,20,F,Business,1,54.9,46.4,59.8,27.1,3,0,1,Bachelor,,0,1.0,8.9,2.04,Medium
1796,19,Other,Business,2,51.9,59.5,64.2,22.9,4,0,0,HighSchool,2.42,2,3.0,6.6,2.25,Medium
1797,20,M,Science,1,79.3,76.5,70.0,28.1,2,0,0,HighSchool,,1,7.0,9.3,2.66,Low
1798,18,F,Business,1,49.1,46.1,57.5,17.0,0,0,0,None,,2,6.0,7.5,1.76,High
1799,20,F,Arts,3,9.3,18.7,24.0,0.0,0,1,0,HighSchool,0.28,9,0.0,3.8,0.21,High
1800,20,M,Business,3,,74.5,72.5,32.0,3,0,0,Bachelor,3.14,0,8.0,11.7,2.79,Low
1801,22,F,Computer Science,3,40.2,41.3,56.1,12.2,1,0,1,HighSchool,1.31,5,5.0,0.0,1.53,High
1802,20,M,Arts,2,52.6,49.9,52.6,15.6,0,0,1,Bachelor,1.62,3,2.0,5.9,1.8,High
1803,23,F,Computer Science,4,66.0,49.2,67.6,16.3,2,1,0,Graduate,2.05,3,4.0,6.0,2.06,Medium
1804,20,F,Arts,3,55.1,58.7,66.7,17.8,1,1,0,HighSchool,1.62,2,3.0,5.4,1.9,Medium
1805,18,F,Business,1,13.1,32.1,40.9,14.0,0,1,1,None,,3,6.0,3.0,0.95,High
1806,20,F,Arts,1,23.5,39.3,29.3,8.7,0,1,1,None,,10,2.0,3.9,0.5,High
1807,20,F,Arts,3,50.6,43.0,79.2,23.9,0,1,0,HighSchool,1.54,7,6.0,6.6,1.76,High
1808,18,M,Arts,1,49.6,63.1,56.0,24.8,2,1,0,Bachelor,,7,4.0,5.3,1.7,High
1809,20,M,Computer Science,2,52.0,62.2,46.1,9.9,5,0,1,Bachelor,1.75,1,2.0,3.4,1.76,Medium
1810,22,M,Arts,4,37.8,47.7,50.8,12.5,0,1,1,Graduate,2.17,3,3.0,9.2,1.95,High
1811,18,F,Science,1,58.1,53.0,70.2,12.2,5,1,1,Bachelor,,5,9.0,5.5,1.82,High
1812,19,M,Computer Science,1,25.8,31.9,31.3,14.5,1,1,0,HighSchool,,1,2.0,4.1,1.05,High
1813,23,M,Business,4,,24.4,28.6,6.0,0,0,0,HighSchool,1.0,3,3.0,7.5,0.76,High
1814,21,F,Arts,3,52.8,51.4,62.6,15.6,0,1,0,HighSchool,1.94,1,10.0,5.0,1.91,Medium
1815,19,M,Computer Science,1,50.9,43.4,44.1,13.3,0,0,0,HighSchool,,4,2.0,4.5,1.46,High
1816,21,M,Engineering,4,81.8,72.4,82.8,32.9,1,0,1,Graduate,3.84,0,4.0,11.3,3.17,Low
1817,22,M,Arts,4,51.2,56.9,52.6,7.1,2,0,0,Bachelor,1.2,2,2.0,1.5,1.56,High
1818,21,M,Computer Science,2,54.7,45.7,44.4,10.9,0,0,1,HighSchool,1.93,3,4.0,2.2,2.01,Medium
1819,21,F,Engineering,3,23.4,30.2,21.9,8.3,1,1,1,HighSchool,0.75,4,0.0,2.1,0.92,High
1820,20,M,Engineering,1,25.5,32.0,28.7,15.9,1,0,1,HighSchool,,2,3.0,3.2,1.07,High
1821,18,M,Business,1,54.7,62.3,70.3,23.0,4,0,1,Graduate,,2,3.0,8.3,2.23,Medium
1822,20,Other,Science,3,64.5,58.3,64.6,18.5,2,0,1,None,2.25,1,3.0,5.6,2.12,Medium
1823,19,F,Computer Science,1,18.4,27.5,26.1,0.0,0,1,0,None,,2,0.0,3.7,0.61,High
1824,20,F,Business,3,34.9,28.3,23.2,11.6,0,1,0,HighSchool,0.39,2,3.0,0.0,0.83,High
1825,22,F,Science,4,15.3,30.0,26.6,3.1,0,1,0,Bachelor,0.64,4,0.0,2.2,0.78,High
1826,20,F,Computer Science,1,27.3,38.0,48.8,6.6,2,0,1,Bachelor,,7,3.0,4.8,0.97,High
1827,21,M,Science,3,43.3,47.4,38.8,6.9,0,1,1,Bachelor,1.17,1,4.0,5.6,1.33,High
1828,19,F,Computer Science,1,22.4,30.6,29.2,2.9,1,1,0,HighSchool,,6,1.0,2.9,0.88,High
1829,23,F,Engineering,4,30.5,34.5,27.1,5.8,0,0,0,None,1.28,4,4.0,2.2,1.02,High
1830,18,M,Computer Science,1,45.5,37.5,39.5,11.4,0,0,0,Graduate,,2,1.0,4.1,1.29,High
1831,22,M,Arts,3,49.5,55.7,54.0,11.6,2,0,0,HighSchool,1.63,2,7.0,8.3,1.77,High
1832,19,M,Arts,2,51.4,52.6,69.8,17.9,0,0,1,None,2.09,5,5.0,4.9,2.07,High
1833,21,F,Science,2,89.6,82.1,85.1,30.3,2,0,0,Bachelor,3.59,0,5.0,12.7,3.32,Low
1834,21,F,Science,3,0.5,17.2,22.8,12.4,0,0,1,None,0.25,9,0.0,3.8,0.39,High
1835,20,F,Arts,3,24.3,24.0,36.0,0.0,2,0,1,None,0.75,3,1.0,0.0,0.79,High
1836,21,M,Arts,2,49.6,48.8,56.7,17.0,2,0,0,Bachelor,1.83,2,3.0,5.5,1.76,Medium
1837,20,M,Engineering,3,71.5,62.1,59.5,23.1,4,0,0,Bachelor,2.76,1,6.0,5.8,2.32,Medium
1838,22,M,Science,4,23.3,18.5,45.3,1.1,0,1,1,HighSchool,0.47,8,0.0,0.0,0.41,High
1839,21,F,Engineering,2,75.3,78.9,74.2,27.5,5,0,1,HighSchool,3.11,0,7.0,10.9,2.95,Low
1840,21,F,Science,2,71.0,66.9,64.7,24.8,0,0,0,Bachelor,2.63,2,9.0,8.5,2.47,Medium
1841,20,F,Computer Science,1,17.7,36.3,32.6,6.1,0,1,0,None,,1,,2.8,0.97,High
1842,21,F,Engineering,3,77.5,68.1,76.0,32.1,4,0,1,HighSchool,3.19,0,7.0,,2.81,Medium
1843,20,F,Arts,2,59.3,64.9,74.2,12.7,2,0,1,Bachelor,2.26,2,2.0,7.9,2.21,Medium
1844,19,Other,Computer Science,2,72.1,52.7,62.7,20.5,2,0,1,Bachelor,2.76,1,11.0,5.7,2.41,Medium
1845,20,M,Computer Science,1,59.0,66.3,68.5,27.4,2,0,1,Graduate,,2,5.0,7.7,2.49,Medium
1846,22,M,Science,4,41.3,20.6,36.0,12.4,0,0,1,HighSchool,0.83,3,3.0,,1.05,High
1847,21,M,Business,2,40.4,20.6,39.4,9.5,0,0,0,None,0.63,4,5.0,4.9,0.75,High
1848,21,M,Computer Science,3,95.4,85.9,82.0,36.3,2,0,1,Bachelor,3.52,0,10.0,10.1,3.38,Low
1849,20,M,Business,1,84.5,65.0,67.7,17.6,2,0,0,Bachelor,,1,9.0,9.2,2.3,Medium
1850,21,M,Business,4,30.1,38.0,52.2,17.3,2,1,1,HighSchool,1.96,6,2.0,5.5,1.3,High
1851,20,F,Engineering,1,35.0,43.4,52.4,19.9,0,0,1,Bachelor,,4,5.0,5.4,1.78,High
1852,18,M,Science,1,62.0,67.9,57.8,19.8,2,0,1,HighSchool,,1,8.0,8.0,2.13,Medium
1853,21,F,Science,4,52.6,45.5,65.1,28.4,0,0,0,Graduate,1.88,2,4.0,6.9,2.09,Medium
1854,22,F,Engineering,4,35.3,38.2,47.7,12.9,1,1,1,Graduate,1.28,3,3.0,2.6,1.24,High
1855,19,F,Arts,1,15.9,29.0,34.9,0.4,2,1,1,HighSchool,,3,2.0,4.2,0.68,High
1856,21,F,Business,2,97.6,89.3,80.0,32.9,2,1,1,Graduate,3.31,0,8.0,12.5,3.16,Low
1857,21,M,Science,3,100.0,89.5,86.6,28.5,2,0,1,Graduate,3.51,0,9.0,11.6,3.34,Low
1858,21,F,Computer Science,4,53.0,30.8,51.9,19.0,2,0,0,HighSchool,1.72,3,3.0,4.4,1.63,High
1859,19,M,Computer Science,2,35.9,37.4,21.2,10.6,1,1,0,HighSchool,0.81,3,3.0,3.5,0.98,High
1860,20,F,Science,2,37.6,33.3,43.9,9.3,0,0,1,Bachelor,1.13,3,1.0,3.5,1.12,High
1861,21,M,Science,3,16.5,28.2,36.0,13.0,1,1,1,None,0.9,8,1.0,2.4,0.87,High
1862,21,M,Business,3,53.2,45.7,35.8,21.7,0,0,1,HighSchool,2.24,5,2.0,3.9,1.74,High
1863,20,F,Arts,3,79.5,63.7,64.3,18.4,2,0,1,HighSchool,2.71,2,5.0,10.3,2.62,Medium
1864,20,F,Business,2,85.6,100.0,89.3,30.8,0,0,0,Graduate,3.4,0,10.0,14.7,3.16,Low
1865,19,M,Business,1,43.2,48.1,54.6,17.9,1,0,0,HighSchool,,4,3.0,4.2,1.56,High
1866,23,F,Business,4,67.8,54.6,66.1,18.9,2,1,1,Bachelor,2.14,0,2.0,8.7,2.09,Medium
1867,22,M,Computer Science,4,48.2,38.6,40.8,,0,0,0,HighSchool,1.5,4,7.0,7.5,1.68,High
1868,22,F,Engineering,3,51.8,47.2,51.2,20.4,4,0,1,HighSchool,1.99,1,6.0,5.2,1.98,Medium
1869,18,M,Business,1,63.8,74.0,51.0,18.7,0,0,1,Graduate,,0,7.0,3.7,2.09,Medium
1870,20,M,Engineering,1,25.3,34.1,44.5,0.3,0,1,1,None,,4,0.0,6.5,1.06,High
1871,20,M,Computer Science,3,40.6,34.0,50.0,,0,0,0,None,1.23,2,4.0,4.7,1.4,High
1872,18,M,Science,1,47.9,33.3,53.0,5.0,1,1,1,HighSchool,,8,5.0,3.6,1.24,High
1873,23,M,Engineering,4,56.3,61.2,57.0,17.8,4,1,0,Bachelor,2.57,2,4.0,7.7,2.32,Medium
1874,20,M,Science,2,33.6,34.5,38.5,0.5,1,0,0,HighSchool,0.65,4,1.0,2.1,0.83,High
1875,21,M,Computer Science,3,14.8,10.4,11.2,0.0,0,1,0,None,0.24,9,1.0,7.4,0.2,High
1876,22,M,Engineering,4,52.3,43.5,32.3,12.6,0,1,0,HighSchool,0.63,6,3.0,2.9,0.82,High
1877,21,F,Science,2,29.5,29.2,34.7,7.5,0,0,1,HighSchool,0.75,4,0.0,3.8,1.03,High
1878,19,M,Business,2,26.7,23.8,39.5,,0,0,1,None,1.11,6,1.0,5.8,0.92,High
1879,20,F,Computer Science,3,60.6,52.0,70.8,14.0,1,0,0,Bachelor,2.01,0,6.0,9.3,1.87,Medium
1880,20,F,Business,3,56.3,70.1,57.9,17.7,1,1,1,HighSchool,2.02,3,5.0,9.3,1.99,Medium
1881,21,M,Business,2,37.9,42.3,47.4,19.4,0,0,0,HighSchool,2.23,3,2.0,5.4,1.77,High
1882,20,F,Business,3,64.5,59.3,58.5,23.0,1,1,1,Bachelor,2.35,0,3.0,7.8,2.16,Medium
1883,22,M,Business,4,64.8,71.4,60.7,26.6,1,0,1,Bachelor,2.9,1,5.0,3.8,2.67,Medium
1884,20,M,Business,2,28.7,44.0,63.3,17.6,0,0,1,HighSchool,2.05,2,4.0,4.8,1.91,High
1885,18,F,Engineering,1,51.6,46.3,60.3,16.8,2,0,0,HighSchool,,5,4.0,6.3,1.5,High
1886,20,F,Computer Science,2,33.1,56.5,61.1,9.5,2,1,0,HighSchool,2.08,2,2.0,7.4,1.78,High
1887,19,F,Business,2,85.6,90.7,81.8,28.4,2,0,0,Graduate,3.2,0,6.0,14.4,3.06,Low
1888,18,M,Arts,1,37.8,40.0,41.0,11.3,0,1,1,HighSchool,,0,2.0,5.7,1.32,High
1889,18,F,Computer Science,1,24.4,22.6,36.7,4.0,0,0,1,HighSchool,,5,1.0,4.8,0.97,High
1890,22,M,Computer Science,3,19.2,22.7,26.1,2.5,0,0,0,HighSchool,0.81,5,3.0,2.5,0.59,High
1891,20,M,Computer Science,2,44.1,47.4,45.9,15.3,0,0,0,HighSchool,1.62,0,3.0,7.9,1.8,Medium
1892,23,M,Computer Science,4,7.7,9.3,17.9,13.2,0,1,1,HighSchool,0.24,5,0.0,1.5,0.34,High
1893,19,Other,Engineering,1,62.8,70.4,59.3,19.8,2,0,0,None,,3,5.0,9.9,2.36,Medium
1894,18,M,Computer Science,1,60.0,70.3,60.7,20.6,4,1,1,Bachelor,,2,2.0,8.8,2.15,Medium
1895,21,F,Business,3,44.6,49.9,47.4,12.4,0,0,1,Bachelor,1.8,2,4.0,7.0,1.63,High
1896,23,F,Science,4,34.4,37.0,40.4,15.3,0,1,0,Bachelor,0.89,8,2.0,0.7,1.05,High
1897,19,F,Science,1,80.5,83.2,77.9,31.2,3,0,0,Bachelor,,1,6.0,11.7,3.04,Low
1898,18,F,Computer Science,1,30.9,48.1,36.6,13.5,1,0,0,HighSchool,,3,2.0,4.5,1.31,High
1899,18,F,Business,1,77.1,67.6,52.1,25.3,1,0,0,Graduate,,3,9.0,8.4,2.24,Medium
1900,21,M,Business,2,48.6,37.6,53.1,15.2,1,0,1,Bachelor,1.84,2,0.0,6.6,1.76,High
1901,20,M,Science,2,61.6,59.9,59.7,,5,0,1,Bachelor,2.1,1,8.0,8.7,2.01,Medium
1902,20,F,Arts,1,68.6,72.7,70.7,32.1,5,0,0,Bachelor,,1,14.0,11.3,2.66,Low
1903,19,M,Computer Science,1,61.3,63.2,76.8,26.7,1,0,0,HighSchool,,0,10.0,7.4,2.39,Medium
1904,19,M,Computer Science,2,60.2,66.6,46.3,9.9,2,1,0,HighSchool,2.01,2,7.0,7.5,2.07,Medium
1905,23,M,Business,4,44.5,61.4,69.9,18.8,1,0,0,HighSchool,1.88,1,4.0,4.4,2.03,Medium
1906,22,M,Science,3,33.8,34.1,42.4,10.3,0,1,1,None,1.53,0,3.0,5.7,1.45,High
1907,21,M,Science,2,47.0,50.0,56.8,21.1,1,0,1,Bachelor,1.62,2,2.0,6.7,1.5,High
1908,20,M,Computer Science,1,6.1,13.3,17.2,5.1,0,0,1,None,,9,0.0,0.2,0.34,High
1909,18,F,Engineering,1,9.3,25.2,39.9,0.0,1,0,0,None,,5,1.0,2.8,0.65,High
1910,20,M,Computer Science,1,57.4,58.1,60.5,22.2,2,0,1,Graduate,,3,6.0,6.3,1.89,High
1911,20,Other,Arts,3,58.9,58.3,50.9,18.6,0,0,0,Bachelor,1.88,2,2.0,5.5,1.9,Medium
1912,23,Other,Science,4,36.2,30.3,35.4,12.7,0,1,1,Bachelor,1.17,6,2.0,4.8,0.93,High
1913,21,M,Business,4,43.1,14.7,34.6,12.0,1,1,1,HighSchool,1.17,2,1.0,4.1,1.14,High
1914,22,F,Computer Science,4,77.9,57.9,73.7,31.2,4,0,1,Bachelor,2.97,0,6.0,4.9,2.9,Low
1915,23,F,Engineering,4,92.6,76.4,85.1,33.1,3,0,0,Graduate,3.75,1,9.0,11.5,3.11,Low
1916,21,F,Business,4,49.5,31.8,39.5,11.2,3,0,0,Bachelor,1.09,5,3.0,3.4,1.15,High
1917,18,M,Arts,1,40.6,43.8,39.8,18.4,0,0,1,Bachelor,,2,5.0,4.1,1.45,High
1918,20,M,Business,1,49.8,41.9,45.8,25.7,0,0,0,Bachelor,,2,,3.7,1.48,High
1919,19,M,Science,2,62.2,52.2,58.8,25.3,1,0,1,HighSchool,2.31,4,7.0,7.4,2.26,Medium
1920,20,F,Business,2,71.1,51.1,63.3,21.1,2,0,0,Bachelor,2.25,3,3.0,6.0,2.22,Medium
1921,20,Other,Computer Science,1,,53.1,67.9,23.4,1,0,1,Graduate,,1,6.0,10.1,2.42,Medium
1922,22,F,Business,4,,45.7,58.4,17.8,1,1,0,HighSchool,2.11,5,4.0,2.4,1.9,High
1923,21,F,Computer Science,3,70.0,59.2,64.9,22.8,2,0,1,HighSchool,2.68,0,9.0,6.0,2.34,Medium
1924,20,Other,Business,2,43.2,54.6,55.3,25.5,0,0,0,HighSchool,1.77,2,6.0,3.9,1.91,High
1925,19,F,Engineering,1,29.2,21.1,30.8,4.6,0,1,0,HighSchool,,7,0.0,3.4,0.85,High
1926,19,M,Computer Science,1,69.6,61.8,51.8,27.7,1,1,0,Graduate,,1,5.0,10.4,2.18,Medium
1927,19,F,Computer Science,1,56.8,53.4,57.5,19.6,4,0,0,Bachelor,,1,9.0,8.0,2.07,Medium
1928,21,M,Computer Science,4,50.7,52.3,46.4,9.6,2,0,1,HighSchool,1.74,5,4.0,3.3,1.32,High
1929,21,M,Computer Science,3,17.9,31.2,27.8,8.7,1,1,1,HighSchool,1.1,4,1.0,2.6,1.12,High
1930,22,F,Science,3,66.1,70.3,60.0,20.4,1,0,1,HighSchool,2.76,2,5.0,6.2,2.54,Medium
1931,20,F,Science,1,34.3,31.4,43.8,14.8,0,0,1,None,,4,5.0,5.5,0.94,High
1932,19,M,Computer Science,2,100.0,74.7,66.6,28.1,2,0,1,Bachelor,3.12,2,5.0,8.7,2.93,Low
1933,21,F,Arts,2,84.6,75.2,73.9,25.4,2,0,0,Bachelor,3.41,0,6.0,7.3,2.77,Low
1934,22,M,Arts,3,52.6,47.8,70.8,25.6,3,1,1,Bachelor,2.09,5,5.0,8.1,1.98,High
1935,20,M,Science,3,18.9,31.9,23.3,13.8,1,1,0,HighSchool,1.31,6,1.0,6.0,1.12,High
1936,20,M,Business,1,77.1,76.7,64.6,29.6,2,1,1,Bachelor,,2,13.0,7.7,2.55,Medium
1937,22,F,Business,4,54.7,50.5,49.2,,1,1,0,Bachelor,2.19,2,3.0,7.2,2.13,Medium
1938,19,F,Business,1,82.1,82.7,77.7,31.3,1,0,1,HighSchool,,0,4.0,7.8,2.96,Medium
1939,23,M,Science,4,57.7,45.2,54.9,21.7,2,1,0,Bachelor,1.69,2,5.0,2.5,1.79,Medium
1940,19,M,Arts,1,66.4,49.6,53.7,18.9,1,1,0,Bachelor,,1,4.0,3.7,2.08,Medium
1941,19,M,Engineering,1,83.7,69.6,80.4,28.3,2,0,0,Graduate,,0,7.0,9.5,2.73,Low
1942,21,M,Computer Science,4,48.6,45.5,62.0,15.7,0,0,0,HighSchool,1.78,0,1.0,5.2,1.79,Medium
1943,20,F,Arts,1,47.1,43.5,55.9,9.6,0,0,0,HighSchool,,3,2.0,6.6,1.55,High
1944,21,F,Science,2,68.6,63.0,74.3,23.8,2,0,0,Bachelor,2.51,3,3.0,7.7,2.41,Medium
1945,19,F,Business,2,45.0,31.8,35.2,12.4,0,0,0,None,1.52,5,3.0,7.0,1.46,High
1946,20,M,Engineering,1,71.9,61.8,65.6,23.0,2,0,1,HighSchool,,1,7.0,10.1,2.24,Medium
1947,20,F,Business,3,75.7,68.3,70.0,24.8,1,0,0,Bachelor,2.77,2,4.0,7.5,2.48,Medium
1948,22,M,Engineering,4,43.0,34.0,53.5,19.3,1,0,1,HighSchool,1.06,1,4.0,3.1,1.24,High
1949,23,M,Engineering,4,50.2,53.4,72.0,16.1,2,0,0,Bachelor,2.12,2,4.0,3.0,1.79,High
1950,19,F,Arts,2,51.7,54.5,63.4,16.7,2,0,1,Graduate,1.94,4,5.0,9.2,2.08,Medium
1951,20,F,Science,2,94.4,78.1,90.9,28.3,0,0,0,Bachelor,3.52,0,9.0,8.9,3.14,Low
1952,18,F,Business,1,27.0,44.8,66.5,10.4,1,1,0,Bachelor,,4,6.0,1.9,1.48,High
1953,20,F,Business,1,63.2,63.4,75.6,24.9,0,0,1,Bachelor,,0,8.0,9.7,2.67,Medium
1954,19,F,Business,1,61.8,60.1,53.8,17.9,0,0,1,HighSchool,,0,2.0,3.6,1.98,Medium
1955,22,F,Computer Science,4,67.0,56.8,57.9,21.2,1,0,0,HighSchool,2.11,3,2.0,6.9,2.12,Medium
1956,23,M,Business,4,,48.7,43.7,17.6,0,1,0,Bachelor,1.57,3,5.0,5.1,1.38,High
1957,21,M,Computer Science,3,26.2,36.3,33.0,3.5,1,1,0,HighSchool,0.85,2,2.0,4.8,1.07,High
1958,21,M,Business,2,31.3,34.1,26.1,16.4,0,0,0,HighSchool,0.98,9,1.0,5.7,0.97,High
1959,19,M,Computer Science,2,59.6,55.9,57.7,25.1,1,0,0,None,2.5,3,5.0,9.7,2.12,Medium
1960,19,M,Business,2,66.3,71.7,62.8,18.6,1,1,1,Graduate,2.44,1,2.0,8.1,2.22,Medium
1961,21,M,Arts,2,29.7,54.1,52.0,18.1,2,1,0,None,1.42,6,4.0,3.0,1.69,High
1962,21,F,Computer Science,2,75.3,75.0,89.1,31.1,1,0,1,Bachelor,3.3,0,4.0,8.2,3.01,Low
1963,19,F,Engineering,1,41.0,43.5,39.5,13.9,5,0,0,HighSchool,,3,1.0,4.1,1.27,High
1964,19,F,Science,1,67.6,73.7,84.4,25.5,1,0,0,Bachelor,,0,6.0,12.3,2.61,Medium
1965,21,M,Engineering,4,41.7,50.1,54.3,17.2,0,0,0,HighSchool,2.12,6,1.0,5.6,1.83,High
1966,21,F,Computer Science,2,25.8,27.5,29.6,7.7,0,1,0,HighSchool,0.21,1,0.0,2.5,0.62,High
1967,23,M,Business,4,43.7,52.9,37.1,16.6,0,1,0,Bachelor,1.59,3,1.0,8.7,1.61,High
1968,18,M,Engineering,1,56.0,54.3,55.2,19.2,2,1,1,Bachelor,,6,5.0,7.7,1.87,High
1969,20,M,Engineering,2,32.3,35.4,44.7,1.4,0,1,1,HighSchool,1.14,4,1.0,2.0,1.16,High
1970,19,M,Computer Science,1,43.8,45.4,49.6,17.2,2,0,0,HighSchool,,5,2.0,6.8,1.51,High
1971,19,M,Business,1,41.9,28.6,41.4,10.0,0,1,0,HighSchool,,2,3.0,3.3,1.43,High
1972,20,F,Engineering,1,76.3,72.6,81.8,32.8,2,0,1,HighSchool,,1,2.0,10.8,2.78,Medium
1973,18,F,Business,1,21.5,30.3,26.9,12.4,1,0,0,Bachelor,,4,5.0,,1.08,High
1974,21,F,Engineering,4,43.5,53.0,48.5,14.1,1,1,0,HighSchool,1.62,2,6.0,,1.55,High
1975,19,M,Computer Science,2,58.4,63.7,70.2,24.1,1,0,1,Bachelor,2.35,3,8.0,7.4,2.11,Medium
1976,22,F,Business,3,17.8,35.8,43.1,9.5,0,1,0,HighSchool,0.83,6,2.0,6.4,0.73,High
1977,20,F,Arts,2,34.5,49.2,47.9,16.0,2,1,0,Bachelor,1.59,0,5.0,4.2,1.63,High
1978,21,M,Business,2,50.1,51.7,63.9,16.0,1,1,0,HighSchool,1.87,1,0.0,8.5,2.01,Medium
1979,20,F,Engineering,2,55.5,62.1,51.8,28.1,2,1,1,Bachelor,2.36,0,2.0,6.3,2.1,Medium
1980,18,F,Business,1,41.4,55.5,47.1,15.3,1,0,0,HighSchool,,2,7.0,10.0,1.57,High
1981,22,M,Business,4,96.1,86.9,98.6,30.1,2,0,1,Graduate,3.33,0,10.0,9.1,3.34,Low
1982,20,M,Science,3,65.2,57.9,73.6,19.7,2,1,0,Bachelor,2.93,0,9.0,7.7,2.55,Medium
1983,22,F,Business,3,84.3,66.4,70.6,29.3,1,0,0,Bachelor,3.16,0,5.0,12.1,2.78,Low
1984,21,M,Computer Science,2,29.5,24.7,35.2,6.9,1,1,0,HighSchool,0.73,1,2.0,6.5,0.71,High
1985,20,M,Science,1,60.3,64.7,52.5,18.1,1,0,1,HighSchool,,2,5.0,8.6,2.04,Medium
1986,22,M,Arts,4,40.3,54.6,48.2,11.9,0,0,0,None,1.63,2,5.0,2.8,1.67,High
1987,19,F,Arts,2,15.7,23.4,43.5,12.4,1,0,1,HighSchool,1.05,5,2.0,4.5,1.07,High
1988,18,M,Computer Science,1,15.8,39.0,32.3,2.6,1,1,0,Bachelor,,3,1.0,2.9,0.86,High
1989,20,M,Computer Science,2,28.6,32.8,26.7,0.4,1,1,0,Graduate,0.89,4,3.0,1.7,0.71,High
1990,21,M,Engineering,3,54.0,58.1,55.5,19.2,1,1,0,Bachelor,1.66,3,5.0,7.5,1.84,Medium
1991,22,F,Computer Science,3,52.5,68.2,61.9,14.8,2,0,0,Bachelor,2.94,3,5.0,6.5,2.44,Medium
1992,22,F,Computer Science,3,30.7,43.5,29.2,13.3,0,0,0,HighSchool,0.95,2,3.0,1.1,0.93,High
1993,20,F,Arts,3,41.8,52.1,63.2,23.5,3,0,1,None,1.99,2,,2.9,1.91,Medium
1994,18,M,Business,1,66.3,53.1,81.6,21.8,1,0,1,Bachelor,,1,5.0,11.2,2.37,Medium
1995,22,M,Computer Science,4,71.4,68.2,85.6,30.3,2,0,1,HighSchool,3.11,0,4.0,7.7,2.87,Low
1996,20,F,Computer Science,2,45.9,44.8,49.5,13.1,1,0,1,None,1.8,4,4.0,3.8,1.38,High
1997,20,M,Business,3,65.5,54.6,56.0,26.0,1,0,0,Graduate,1.85,3,5.0,,1.9,High
1998,20,F,Engineering,1,85.0,82.0,77.4,26.9,1,0,1,Graduate,,0,7.0,12.7,2.78,Low
1999,23,F,Science,4,67.6,58.9,64.5,11.6,1,1,0,Bachelor,2.58,1,10.0,4.6,2.33,Medium
2000,19,M,Computer Science,1,,27.7,32.3,8.9,1,1,1,HighSchool,,3,4.0,1.0,1.24,High
2001,18,Other,Computer Science,1,73.5,43.2,63.8,24.2,3,0,1,Graduate,,4,3.0,5.5,2.01,Medium
2002,21,F,Engineering,2,41.9,48.7,37.5,19.7,2,0,0,HighSchool,1.58,2,3.0,6.2,1.44,High
2003,18,M,Business,1,17.8,26.9,27.4,4.4,0,1,1,HighSchool,,9,0.0,3.8,0.58,High
2004,19,F,Engineering,1,63.1,41.5,63.7,20.5,4,1,1,HighSchool,,6,6.0,5.4,1.85,High
2005,22,M,Science,3,61.5,49.3,50.2,22.9,2,1,0,Graduate,1.97,1,5.0,9.8,2.03,Medium
2006,21,F,Engineering,2,92.3,69.6,81.8,31.1,0,0,1,Graduate,3.46,0,4.0,9.5,3.29,Low
2007,21,M,Business,4,33.4,26.4,39.4,19.3,0,0,0,Bachelor,0.58,4,3.0,1.2,1.1,High
2008,20,M,Science,2,23.5,49.8,56.6,11.2,3,1,0,HighSchool,1.55,2,2.0,2.6,1.58,High
2009,20,F,Computer Science,3,97.6,72.2,70.5,34.1,1,0,0,Bachelor,3.11,0,9.0,8.8,2.98,Low
2010,19,M,Science,2,34.1,42.5,30.0,14.7,2,0,1,HighSchool,1.53,4,3.0,1.9,1.51,High
2011,21,M,Engineering,3,69.4,78.2,52.6,17.7,1,1,0,Graduate,2.13,3,10.0,8.7,2.12,Medium
2012,22,F,Engineering,3,27.3,54.5,35.0,12.9,0,0,1,HighSchool,1.73,1,,3.2,1.54,High
2013,21,M,Science,2,16.1,19.4,11.5,7.6,0,1,0,None,0.42,6,1.0,1.2,0.39,High
2014,22,M,Engineering,4,49.4,59.4,47.9,19.0,0,1,0,Bachelor,1.82,6,3.0,4.4,1.53,High
2015,19,M,Business,2,45.9,32.8,55.3,15.1,1,0,1,Bachelor,1.35,3,2.0,2.6,1.58,High
2016,18,M,Business,1,,47.9,58.3,14.3,1,1,0,Graduate,,1,4.0,9.5,1.97,Medium
2017,20,M,Engineering,3,45.2,43.4,46.5,16.7,0,0,1,None,1.43,2,1.0,8.2,1.21,High
2018,21,F,Engineering,4,38.1,49.8,42.1,16.9,1,1,0,Bachelor,1.44,6,4.0,8.1,1.57,High
2019,18,F,Computer Science,1,13.5,26.2,28.3,3.2,0,1,1,None,,6,1.0,0.0,0.54,High
2020,21,M,Arts,2,37.0,35.9,58.1,14.1,1,1,1,None,1.21,8,4.0,1.9,1.42,High
2021,21,F,Engineering,4,77.6,72.1,64.6,24.2,2,0,0,Bachelor,2.86,2,6.0,12.9,2.64,Low
2022,20,F,Business,3,29.3,26.0,43.0,3.9,0,1,0,HighSchool,0.8,5,1.0,1.9,0.68,High
2023,22,F,Computer Science,4,30.5,31.0,38.6,8.3,0,1,0,Bachelor,1.06,7,3.0,0.7,1.0,High
2024,19,F,Business,2,3.8,18.0,23.4,1.6,0,1,1,None,0.15,5,1.0,3.7,0.18,High
2025,21,F,Computer Science,3,43.6,37.7,49.8,23.0,0,0,1,None,1.74,4,1.0,5.2,1.49,High
2026,19,F,Computer Science,2,87.3,66.3,69.0,26.8,1,0,0,Bachelor,2.7,3,9.0,9.2,2.68,Medium
2027,21,F,Business,4,63.8,51.9,67.9,13.4,2,1,0,HighSchool,1.74,1,5.0,1.6,1.92,Medium
2028,20,F,Computer Science,2,33.0,52.9,62.2,27.7,1,0,1,Bachelor,2.04,1,3.0,6.2,2.18,Medium
2029,22,M,Business,3,47.7,52.2,54.6,14.2,0,0,0,Bachelor,1.93,2,5.0,7.5,1.75,High
2030,20,M,Engineering,2,44.2,45.6,38.3,12.1,2,1,1,None,1.42,4,,3.1,1.26,High
2031,20,F,Business,2,39.7,47.0,52.0,17.3,3,1,1,Bachelor,1.16,4,1.0,7.4,1.48,High
2032,21,M,Science,3,37.3,34.8,37.5,5.7,2,1,0,HighSchool,1.25,1,2.0,2.2,1.1,High
2033,19,M,Science,2,23.1,29.0,33.2,6.8,1,0,0,HighSchool,0.9,3,3.0,2.7,0.85,High
2034,21,M,Engineering,4,29.3,21.6,55.2,5.3,0,0,0,None,0.52,3,4.0,6.2,0.89,High
2035,20,M,Science,2,79.2,84.3,63.7,32.2,0,0,0,Graduate,3.69,0,13.0,8.5,3.16,Low
2036,20,F,Science,3,60.0,44.1,54.8,18.7,1,0,1,Bachelor,2.26,1,5.0,6.6,1.93,Medium
2037,21,F,Business,2,62.6,70.3,65.3,21.6,0,1,1,Bachelor,2.49,2,6.0,8.8,2.2,Medium
2038,20,M,Arts,2,29.2,43.8,39.9,11.5,2,0,1,Graduate,1.08,5,2.0,4.5,1.28,High
2039,19,M,Computer Science,2,50.0,50.2,43.6,17.9,0,0,0,HighSchool,1.49,6,4.0,4.4,1.48,High
2040,19,M,Arts,1,58.9,76.0,70.5,26.2,3,0,0,Graduate,,1,9.0,6.9,2.57,Medium
2041,18,M,Engineering,1,84.0,81.7,81.7,31.6,2,0,1,Bachelor,,1,6.0,11.2,3.04,Low
2042,21,F,Computer Science,3,38.7,41.2,48.8,15.1,1,1,0,Graduate,1.65,3,2.0,5.0,1.67,High
2043,22,F,Business,3,89.9,82.1,67.1,32.9,1,1,0,Graduate,2.68,0,4.0,6.0,2.75,Low
2044,20,F,Science,3,82.9,82.4,99.9,32.1,4,0,0,Graduate,3.39,0,10.0,13.0,3.23,Low
2045,19,F,Business,1,21.2,30.4,41.1,10.6,2,0,1,HighSchool,,1,2.0,2.7,0.99,High
2046,19,Other,Computer Science,2,51.4,62.3,62.0,11.6,1,0,1,Bachelor,1.97,3,5.0,3.9,1.86,High
2047,19,F,Computer Science,1,67.9,63.5,58.7,16.6,2,0,0,Bachelor,,0,4.0,6.6,2.19,Medium
2048,20,F,Engineering,3,32.6,39.8,40.7,6.2,1,1,1,Bachelor,0.75,4,,1.3,0.86,High
2049,22,M,Science,4,48.9,34.8,42.7,9.3,0,1,0,HighSchool,1.07,4,2.0,3.1,1.21,High
2050,19,M,Arts,1,99.7,83.5,87.1,29.2,4,0,0,Graduate,,0,2.0,8.3,3.31,Low
2051,20,F,Business,3,47.9,57.5,41.3,17.0,2,1,0,HighSchool,2.02,6,3.0,6.4,1.71,High
2052,19,M,Computer Science,1,52.4,47.5,54.2,18.3,2,0,1,Bachelor,,0,5.0,9.9,1.7,High
2053,20,M,Computer Science,1,76.8,58.0,77.2,18.5,0,0,0,Bachelor,,2,3.0,7.9,2.27,Medium
2054,20,Other,Business,1,,51.9,53.9,22.9,3,0,0,HighSchool,,3,6.0,4.3,1.76,Medium
2055,18,F,Arts,1,69.1,55.9,77.4,31.6,1,0,0,Bachelor,,1,5.0,7.2,2.68,Medium
2056,21,M,Arts,3,21.8,34.3,24.7,3.2,0,0,1,None,0.72,6,1.0,3.3,0.73,High
2057,23,M,Business,4,64.5,67.6,80.5,27.2,1,1,1,Bachelor,3.0,0,6.0,5.1,2.67,Medium
2058,19,M,Engineering,1,79.3,85.3,73.9,21.8,5,1,0,Graduate,,0,4.0,7.7,2.69,Low
2059,19,F,Business,2,59.0,62.2,53.6,15.2,0,0,1,HighSchool,2.72,1,6.0,4.1,2.13,Medium
2060,21,M,Engineering,3,42.4,42.4,35.8,9.6,2,1,0,Bachelor,0.78,5,2.0,4.5,1.16,High
2061,21,F,Engineering,4,30.6,32.5,34.8,15.4,0,0,0,HighSchool,1.25,4,0.0,8.3,1.4,High
2062,20,F,Arts,3,58.6,61.1,71.0,20.9,0,0,1,Graduate,2.74,1,7.0,5.8,2.27,Medium
2063,19,F,Engineering,1,62.1,72.5,73.3,23.1,2,0,1,Graduate,,0,5.0,10.8,2.63,Medium
2064,21,F,Science,3,23.4,31.7,20.7,6.5,0,0,0,HighSchool,0.38,3,3.0,1.3,0.58,High
2065,21,M,Business,2,70.5,67.1,68.5,24.6,1,0,1,Bachelor,2.39,2,4.0,5.8,2.55,Medium
2066,22,M,Computer Science,4,66.2,63.1,60.1,21.6,3,1,0,Bachelor,2.87,1,2.0,11.7,2.27,Medium
2067,21,F,Computer Science,2,55.5,49.7,65.1,28.4,2,1,1,Bachelor,2.52,1,1.0,11.5,2.32,Medium
2068,21,M,Engineering,3,54.3,52.5,60.1,16.4,3,0,1,Bachelor,1.95,3,2.0,7.0,1.84,Medium
2069,20,M,Engineering,1,48.4,35.0,42.0,12.7,0,1,1,Bachelor,,2,2.0,5.1,1.43,High
2070,19,M,Engineering,2,60.6,64.2,68.3,21.7,1,0,0,Bachelor,2.49,1,8.0,8.2,2.37,Medium
2071,21,M,Arts,4,36.3,35.7,54.8,13.3,1,1,1,HighSchool,1.28,7,0.0,3.9,1.3,High
2072,22,M,Business,3,64.8,53.1,57.0,24.6,0,0,1,HighSchool,2.41,2,5.0,7.6,2.18,Medium
2073,21,F,Engineering,2,77.4,81.5,72.3,36.3,3,0,0,Graduate,3.26,0,10.0,11.6,3.24,Low
2074,23,F,Arts,4,55.3,58.7,61.6,16.0,0,1,0,HighSchool,2.33,3,5.0,10.0,2.07,High
2075,21,F,Business,4,43.6,58.4,38.5,19.1,0,0,1,Bachelor,1.26,1,3.0,4.2,1.61,High
2076,19,F,Business,2,43.1,58.4,53.7,20.5,1,0,0,HighSchool,1.88,4,4.0,6.7,1.92,High
2077,21,M,Computer Science,2,,77.1,62.5,27.7,1,0,1,Graduate,2.75,2,5.0,8.1,2.7,Medium
2078,20,F,Business,2,60.7,53.4,55.4,20.5,1,0,0,Bachelor,2.69,1,0.0,,2.15,Medium
2079,20,F,Arts,3,68.3,50.9,61.7,21.4,3,0,1,HighSchool,2.46,1,4.0,12.5,2.33,Medium
2080,21,M,Science,2,56.1,63.5,72.3,26.6,2,0,0,HighSchool,2.32,2,7.0,10.1,2.37,Medium
2081,20,F,Engineering,1,60.5,65.1,69.8,24.7,0,1,1,HighSchool,,3,3.0,8.9,2.13,Medium
2082,21,M,Business,4,91.9,81.9,84.9,34.8,3,0,1,Graduate,3.17,0,3.0,11.7,3.1,Low
2083,23,M,Arts,4,76.9,67.4,63.5,21.6,0,0,0,Bachelor,2.43,2,8.0,9.8,2.63,Medium
2084,23,M,Arts,4,68.2,39.2,56.9,19.6,2,0,1,Bachelor,2.13,0,6.0,11.8,1.95,Medium
2085,22,M,Business,4,12.8,34.5,11.1,0.0,0,1,1,Bachelor,0.66,2,1.0,0.0,0.55,High
2086,21,M,Science,3,63.0,60.6,63.1,14.1,2,1,0,HighSchool,2.15,1,6.0,8.4,2.15,Medium
2087,20,F,Computer Science,3,41.0,34.7,30.1,13.5,0,0,0,HighSchool,2.08,2,6.0,0.2,1.5,High
2088,22,F,Computer Science,3,60.4,62.1,43.7,15.6,1,0,1,HighSchool,2.44,2,2.0,8.9,2.11,Medium
2089,21,M,Computer Science,2,54.7,60.7,60.0,24.3,1,0,1,HighSchool,2.68,3,8.0,8.5,2.27,Medium
2090,21,F,Computer Science,2,28.4,45.7,48.2,8.8,0,0,0,Bachelor,1.35,2,6.0,3.9,1.4,High
2091,20,M,Science,1,56.5,65.1,56.4,18.5,1,0,1,Graduate,,4,4.0,1.8,1.99,Medium
2092,20,F,Business,3,94.2,86.6,96.0,29.6,2,0,0,Graduate,3.47,0,5.0,10.8,3.56,Low
2093,19,M,Business,1,69.0,54.3,69.7,28.1,2,1,0,Graduate,,0,6.0,8.5,2.36,Medium
2094,19,M,Business,1,55.9,51.4,52.7,15.6,0,0,1,Bachelor,,3,9.0,6.2,1.74,Medium
2095,22,F,Business,3,37.7,26.4,52.2,13.6,2,1,0,HighSchool,1.45,1,1.0,3.0,1.5,High
2096,20,F,Business,2,82.6,80.3,88.9,28.8,3,0,0,Bachelor,2.93,1,5.0,7.9,2.77,Low
2097,19,F,Computer Science,1,92.6,93.4,87.8,35.0,2,0,0,Graduate,,0,5.0,10.7,3.49,Low
2098,20,F,Engineering,3,24.3,20.8,27.2,11.6,0,1,0,Bachelor,0.81,2,4.0,1.5,0.71,High
2099,23,F,Computer Science,4,76.8,68.2,69.3,26.7,2,1,0,Bachelor,3.42,0,6.0,10.9,3.05,Low
2100,19,M,Arts,1,91.4,67.8,63.2,20.5,2,0,1,Bachelor,,1,8.0,9.3,2.66,Low
2101,18,M,Computer Science,1,48.7,44.7,50.2,15.2,2,1,0,Bachelor,,3,3.0,2.2,1.53,High
2102,21,M,Arts,2,55.3,57.2,48.1,18.8,0,0,1,Graduate,2.2,3,2.0,7.0,1.93,High
2103,20,M,Arts,3,79.7,72.2,73.3,,1,0,1,Bachelor,2.88,0,6.0,10.4,2.77,Medium
2104,21,M,Computer Science,4,43.9,50.7,51.0,12.4,3,1,0,HighSchool,1.52,2,4.0,8.7,1.65,High
2105,18,F,Computer Science,1,11.2,26.5,7.9,8.3,0,1,0,HighSchool,,7,0.0,3.4,0.3,High
2106,21,M,Science,3,60.0,65.0,49.1,20.2,2,0,1,Bachelor,2.49,2,2.0,5.2,2.19,Medium
2107,18,F,Business,1,84.0,75.4,79.3,27.6,2,1,0,HighSchool,,0,12.0,13.6,2.82,Low
2108,21,F,Engineering,2,61.1,70.4,62.0,19.8,2,1,0,Graduate,2.45,2,7.0,4.8,2.17,Medium
2109,22,F,Computer Science,4,43.8,60.4,48.7,24.8,0,0,1,Bachelor,1.92,0,1.0,6.1,1.8,High
2110,18,F,Business,1,46.7,57.2,47.0,18.1,0,0,1,Bachelor,,3,5.0,7.0,1.73,High
2111,18,M,Engineering,1,,73.7,69.9,31.8,4,0,1,HighSchool,,1,3.0,12.5,2.75,Low
2112,20,M,Science,2,73.9,67.1,61.7,22.4,0,0,0,Bachelor,3.33,0,8.0,13.0,2.68,Low
2113,20,F,Business,3,56.5,62.8,66.5,22.7,3,1,0,Bachelor,2.69,1,9.0,11.4,2.44,Medium
2114,23,F,Arts,4,58.7,45.8,54.0,15.8,2,0,0,HighSchool,2.08,3,4.0,6.2,1.8,High
2115,21,M,Engineering,4,83.0,78.1,76.1,29.8,5,1,1,Graduate,3.15,0,9.0,11.2,3.13,Low
2116,19,M,Computer Science,1,28.5,44.1,42.4,11.2,0,0,0,HighSchool,,5,1.0,4.8,1.22,High
2117,18,F,Business,1,46.8,50.9,48.2,11.5,2,1,0,HighSchool,,7,2.0,3.4,1.59,High
2118,20,F,Computer Science,3,31.4,40.1,51.9,12.8,1,1,0,HighSchool,1.57,2,4.0,4.8,1.28,High
2119,18,M,Business,1,80.5,69.1,65.4,22.1,2,1,1,Bachelor,,3,4.0,12.4,2.45,Medium
2120,21,M,Engineering,4,54.6,53.7,44.0,18.2,1,1,1,Bachelor,2.04,2,5.0,7.9,1.95,Medium
2121,22,F,Business,3,33.8,47.3,64.3,22.2,1,1,0,Graduate,2.24,7,7.0,10.4,1.91,High
2122,20,M,Computer Science,1,36.5,42.0,43.4,5.3,1,0,0,None,,6,3.0,2.0,1.09,High
2123,23,F,Arts,4,31.9,39.6,32.8,12.8,0,1,0,Graduate,1.45,3,2.0,3.4,1.27,High
2124,18,M,Engineering,1,9.5,19.5,25.5,9.0,0,1,0,Bachelor,,3,1.0,2.3,0.69,High
2125,21,F,Engineering,2,57.4,64.1,71.9,21.3,0,0,0,HighSchool,2.1,0,6.0,9.1,2.07,Medium
2126,20,M,Engineering,2,43.0,49.1,61.5,12.6,4,0,0,HighSchool,1.71,3,2.0,5.0,1.77,High
2127,19,M,Computer Science,2,29.9,40.1,41.4,14.6,1,1,1,HighSchool,1.28,6,2.0,5.6,1.28,High
2128,20,F,Arts,3,72.4,76.8,91.3,27.0,3,0,1,Graduate,3.64,0,9.0,12.2,3.17,Low
2129,21,M,Business,3,82.5,75.8,61.0,25.3,0,0,1,HighSchool,2.6,2,8.0,6.0,2.52,Medium
2130,22,F,Business,4,68.6,69.8,68.9,20.5,3,0,1,Bachelor,2.92,2,5.0,10.1,2.6,Low
2131,21,M,Computer Science,4,82.5,80.6,81.0,23.9,2,0,0,Bachelor,3.84,0,11.0,12.9,3.45,Low
2132,21,F,Engineering,2,73.0,79.7,81.3,28.4,2,0,0,Graduate,3.06,2,5.0,10.6,2.94,Medium
2133,20,F,Engineering,1,73.0,67.1,79.1,18.3,1,0,0,Bachelor,,3,5.0,4.4,2.29,Medium
2134,21,F,Business,3,43.5,60.9,57.6,18.4,1,1,1,Bachelor,1.86,1,6.0,5.9,1.84,High
2135,23,M,Science,4,30.5,24.7,28.3,13.7,1,0,0,HighSchool,0.93,5,1.0,4.3,0.78,High
2136,21,F,Science,2,83.7,92.9,73.6,38.8,3,0,0,Graduate,3.34,0,5.0,9.1,2.99,Low
2137,21,F,Computer Science,2,9.8,18.7,36.4,3.9,0,1,0,HighSchool,0.2,3,0.0,3.3,0.32,High
2138,19,F,Arts,2,19.8,27.7,39.2,13.1,0,1,0,HighSchool,0.85,1,1.0,4.8,0.99,High
2139,20,M,Business,1,69.4,67.6,75.9,27.7,3,0,1,Graduate,,0,6.0,9.3,2.74,Medium
2140,21,M,Science,3,37.4,31.9,39.5,10.7,1,0,1,HighSchool,1.48,2,3.0,4.5,1.43,High
2141,21,M,Computer Science,2,32.7,21.0,39.0,2.1,0,1,0,HighSchool,1.25,3,3.0,4.0,0.88,High
2142,22,F,Business,3,73.1,80.5,68.5,34.5,0,1,1,Bachelor,3.01,0,6.0,9.7,2.78,Medium
2143,21,Other,Business,4,66.9,79.3,69.9,19.4,4,0,0,HighSchool,2.69,2,6.0,5.6,2.43,Medium
2144,22,M,Business,4,46.1,29.1,34.2,18.4,0,0,0,HighSchool,1.15,8,5.0,3.8,0.85,High
2145,19,F,Arts,2,29.2,36.8,43.5,16.3,3,1,0,Bachelor,1.5,4,2.0,5.2,1.36,High
2146,19,F,Engineering,2,29.5,37.4,30.8,5.4,1,1,1,Bachelor,0.96,3,1.0,6.3,1.07,High
2147,21,M,Computer Science,3,65.7,70.1,45.4,27.0,1,0,1,Bachelor,2.68,2,7.0,10.3,2.38,Medium
2148,22,M,Engineering,3,25.6,41.8,36.7,19.5,0,1,0,HighSchool,1.26,3,3.0,,1.13,High
2149,21,F,Science,2,20.6,21.8,19.7,11.3,0,1,1,Bachelor,0.44,4,1.0,0.0,0.48,High
2150,22,F,Arts,4,47.3,47.3,52.1,15.6,1,1,0,Bachelor,1.95,1,7.0,5.5,1.76,High
2151,18,M,Engineering,1,35.3,44.1,48.5,12.3,0,1,0,HighSchool,,1,8.0,9.5,1.57,High
2152,22,F,Business,4,64.0,36.3,69.4,18.7,1,1,1,HighSchool,1.91,3,2.0,4.9,1.87,Medium
2153,20,F,Computer Science,1,40.2,27.0,41.0,9.9,0,0,1,None,,4,0.0,2.3,1.18,High
2154,20,F,Science,1,,61.9,60.1,24.1,0,0,1,Bachelor,,6,6.0,6.2,1.92,High
2155,19,F,Arts,2,58.0,75.7,72.5,27.4,5,1,1,HighSchool,2.99,0,6.0,12.5,2.75,Medium
2156,18,F,Engineering,1,66.9,70.4,69.3,14.8,3,0,0,Bachelor,,0,8.0,6.2,2.17,Medium
2157,20,F,Science,1,83.2,84.2,85.0,32.2,3,0,1,Graduate,,1,8.0,11.6,2.95,Low
2158,18,M,Computer Science,1,53.4,26.7,47.7,13.0,3,0,1,HighSchool,,2,4.0,5.7,1.23,High
2159,19,F,Arts,2,66.0,55.2,67.2,,0,1,0,Bachelor,2.02,3,6.0,3.5,2.16,Medium
2160,20,M,Computer Science,3,17.1,28.4,4.4,4.8,0,1,0,HighSchool,0.44,5,0.0,1.6,0.4,High
2161,19,F,Computer Science,1,18.4,40.9,50.2,13.0,0,0,1,None,,3,2.0,2.0,0.81,High
2162,21,M,Business,3,46.6,53.1,59.3,18.2,3,0,0,Bachelor,1.55,3,6.0,6.4,1.75,High
2163,22,F,Business,4,30.1,39.9,46.4,10.4,4,0,0,HighSchool,1.15,4,4.0,8.3,1.34,High
2164,18,M,Science,1,92.4,68.9,67.2,,1,1,1,Graduate,,1,8.0,9.3,2.59,Low
2165,20,M,Business,1,43.6,41.1,54.2,11.5,0,1,1,Bachelor,,4,2.0,4.1,1.52,High
2166,23,M,Arts,4,54.9,60.2,56.3,14.6,0,0,1,HighSchool,2.47,2,3.0,12.5,2.12,Medium
2167,22,F,Arts,4,80.7,82.2,76.5,25.7,2,0,1,HighSchool,3.07,1,9.0,,2.63,Low
2168,19,F,Engineering,2,55.5,40.7,32.1,19.7,0,1,0,HighSchool,1.97,4,4.0,1.8,1.87,High
2169,21,M,Science,3,86.7,83.7,100.0,24.6,5,0,1,Graduate,3.6,0,4.0,13.6,3.28,Low
2170,20,F,Business,1,62.9,57.9,47.9,20.1,3,1,0,Bachelor,,6,3.0,7.0,1.88,High
2171,20,F,Business,2,48.4,54.4,54.6,17.5,0,0,1,HighSchool,1.71,4,5.0,6.8,1.67,High
2172,20,M,Computer Science,3,74.7,75.4,55.0,27.2,5,0,0,Bachelor,2.96,3,3.0,13.5,2.6,Medium
2173,19,F,Business,1,76.3,78.5,83.4,27.5,0,0,1,Bachelor,,1,6.0,8.0,2.88,Low
2174,21,M,Science,3,51.8,44.2,50.6,12.0,1,0,1,Bachelor,1.89,6,5.0,5.8,1.55,High
2175,20,M,Engineering,2,19.0,32.2,36.1,0.0,0,0,1,None,0.45,4,1.0,0.0,0.84,High
2176,21,F,Business,3,28.4,7.0,19.8,8.8,0,1,0,None,0.12,2,1.0,2.2,0.48,High
2177,19,M,Computer Science,2,51.6,75.4,74.5,19.0,0,0,0,HighSchool,2.62,2,6.0,6.9,2.51,Medium
2178,21,F,Engineering,2,65.8,52.4,59.0,21.8,3,0,0,HighSchool,2.92,0,1.0,5.9,2.43,Medium
2179,19,F,Arts,1,51.7,38.4,43.3,22.2,2,1,0,Bachelor,,1,10.0,,1.51,High
2180,19,F,Business,1,12.1,25.3,21.2,0.6,0,1,1,HighSchool,,7,1.0,1.5,0.55,High
2181,21,F,Arts,3,37.8,40.6,47.7,14.3,0,0,0,HighSchool,1.19,2,2.0,2.1,1.41,High
2182,19,F,Engineering,1,52.1,48.5,62.6,24.5,0,0,1,HighSchool,,0,4.0,4.7,1.99,High
2183,18,Other,Arts,1,41.5,52.1,57.4,20.7,2,0,0,HighSchool,,3,2.0,6.3,1.66,High
2184,20,M,Business,1,62.3,74.0,76.5,21.8,1,0,0,Graduate,,0,3.0,6.0,2.35,Medium
2185,18,M,Engineering,1,36.6,41.2,51.0,11.0,0,1,1,Bachelor,,5,2.0,5.4,1.37,High
2186,22,F,Computer Science,4,58.3,59.8,58.5,24.3,5,0,0,HighSchool,2.51,2,1.0,10.7,2.26,Medium
2187,19,M,Business,2,68.4,65.1,69.8,31.3,0,0,0,Bachelor,2.91,1,9.0,9.5,2.8,Medium
2188,21,M,Arts,4,41.1,43.6,63.2,13.0,1,1,0,HighSchool,1.76,4,4.0,4.4,1.79,High
2189,18,M,Engineering,1,72.7,90.3,60.6,25.0,1,0,0,Graduate,,0,5.0,9.9,2.66,Low
2190,22,F,Computer Science,3,66.8,66.2,73.0,26.3,1,0,1,Bachelor,2.82,3,3.0,6.0,2.58,Medium
2191,20,M,Science,2,69.0,64.3,73.6,26.7,3,0,0,Bachelor,2.83,0,8.0,8.7,2.49,Medium
2192,20,M,Computer Science,2,42.9,43.7,61.9,18.7,2,1,0,Graduate,1.86,2,2.0,5.0,1.92,High
2193,23,M,Engineering,4,59.5,78.2,72.9,20.4,1,1,1,Graduate,2.95,2,4.0,6.2,2.63,Medium
2194,21,M,Science,4,75.4,60.1,73.3,24.1,5,0,0,Bachelor,2.67,1,9.0,10.3,2.61,Medium
2195,22,F,Engineering,4,65.0,58.2,61.2,20.3,1,1,1,HighSchool,2.2,2,,2.9,2.27,Medium
2196,19,M,Arts,1,57.7,54.2,52.0,24.5,3,0,0,HighSchool,,4,7.0,4.5,1.86,High
2197,19,F,Engineering,1,41.7,37.0,46.6,14.8,0,0,1,Bachelor,,3,1.0,3.4,1.33,High
2198,20,F,Arts,3,48.0,43.4,41.0,16.5,0,0,0,Bachelor,1.96,5,3.0,4.9,1.97,High
2199,20,M,Engineering,1,38.6,56.6,68.5,14.8,0,0,0,Bachelor,,1,1.0,9.2,1.98,High
2200,20,F,Arts,3,63.9,57.1,68.3,30.1,1,0,1,Bachelor,2.39,0,4.0,9.4,2.34,Medium
2201,21,F,Computer Science,2,32.8,39.6,33.8,12.4,0,1,1,HighSchool,1.58,2,2.0,4.5,1.5,High
2202,21,F,Arts,2,24.6,46.4,40.1,14.6,1,0,1,HighSchool,0.78,4,3.0,3.9,1.03,High
2203,22,M,Computer Science,4,,35.4,47.1,10.3,1,1,1,Bachelor,1.18,4,1.0,3.7,1.21,High
2204,20,M,Science,3,10.7,8.3,31.2,3.8,0,1,0,HighSchool,0.1,3,0.0,4.2,0.26,High
2205,18,Other,Computer Science,1,21.9,12.6,15.8,0.0,0,0,1,Bachelor,,4,0.0,0.0,0.35,High
2206,20,F,Computer Science,1,68.6,56.7,35.5,12.1,1,0,1,Bachelor,,0,5.0,8.8,1.73,Medium
2207,22,F,Science,3,81.0,81.1,86.9,36.4,4,0,0,Bachelor,3.45,0,11.0,9.8,3.15,Low
2208,21,F,Computer Science,2,84.3,84.7,76.6,31.7,2,0,0,Bachelor,2.96,0,11.0,11.8,3.0,Low
2209,18,M,Business,1,42.4,49.0,54.5,16.5,1,0,0,Bachelor,,4,2.0,6.6,1.56,High
2210,20,F,Arts,2,58.9,64.2,62.1,12.9,3,1,1,Bachelor,2.11,0,1.0,7.8,2.13,Medium
2211,20,M,Computer Science,3,15.7,19.0,32.6,0.1,1,1,0,HighSchool,0.27,4,0.0,4.7,0.4,High
2212,23,F,Computer Science,4,41.7,34.1,59.2,17.9,0,0,0,Bachelor,1.41,4,3.0,2.1,1.27,High
2213,20,M,Engineering,2,47.1,51.8,56.6,21.3,0,0,1,Bachelor,1.46,1,4.0,7.1,1.76,High
2214,21,M,Computer Science,2,41.6,55.7,63.6,13.2,0,0,1,HighSchool,1.35,5,5.0,5.4,1.65,High
2215,20,F,Computer Science,1,58.0,49.1,61.2,18.6,0,1,0,Bachelor,,2,1.0,4.7,2.14,Medium
2216,21,F,Computer Science,2,78.0,72.8,87.0,28.3,3,0,1,Graduate,3.24,1,2.0,13.6,2.98,Low
2217,20,F,Business,2,53.8,63.6,60.8,20.5,2,0,0,HighSchool,2.53,1,4.0,8.7,2.3,Medium
2218,20,M,Business,2,,43.8,37.8,22.4,0,1,1,Bachelor,1.73,2,6.0,4.5,1.68,High
2219,21,M,Computer Science,3,84.4,57.1,92.3,24.4,0,0,0,Graduate,3.0,0,8.0,11.0,2.94,Low
2220,18,Other,Engineering,1,53.1,59.6,58.3,24.4,2,0,0,Graduate,,3,8.0,6.7,2.15,Medium
2221,18,M,Engineering,1,24.1,26.9,35.1,6.0,1,1,1,HighSchool,,3,0.0,0.9,0.86,High
2222,19,M,Computer Science,1,33.0,49.6,38.4,12.4,3,0,0,Bachelor,,4,1.0,3.3,1.32,High
2223,23,F,Business,4,78.3,75.0,88.2,35.4,3,0,0,Graduate,3.4,1,10.0,10.9,3.25,Low
2224,21,M,Science,3,61.9,57.4,38.3,20.6,2,0,0,Bachelor,2.08,1,5.0,5.6,1.93,Medium
2225,20,F,Engineering,1,13.1,25.5,24.9,5.4,0,0,1,HighSchool,,6,5.0,2.6,0.44,High
2226,21,M,Business,4,27.6,25.2,28.1,11.6,1,1,1,None,0.81,5,3.0,4.1,0.64,High
2227,20,F,Business,2,44.8,43.8,49.7,19.0,2,0,1,Bachelor,1.82,1,4.0,5.2,1.67,Medium
2228,20,F,Computer Science,2,57.6,63.0,72.9,27.3,5,1,1,HighSchool,2.02,2,11.0,11.8,2.23,Medium
2229,22,F,Arts,4,40.2,43.4,36.2,0.0,2,0,1,HighSchool,1.39,6,1.0,4.9,1.5,High
2230,18,F,Science,1,44.5,54.2,56.9,18.3,1,1,0,HighSchool,,2,1.0,8.6,1.79,High
2231,18,M,Science,1,70.2,73.8,76.5,24.4,2,1,0,Bachelor,,2,4.0,10.1,2.54,Medium
2232,22,F,Computer Science,3,61.8,41.8,68.6,15.6,1,0,1,Bachelor,1.42,2,6.0,8.6,1.63,High
2233,19,F,Business,1,60.3,60.4,68.9,24.4,0,1,1,Graduate,,0,3.0,11.6,2.36,Medium
2234,20,F,Computer Science,3,63.1,54.8,56.0,21.4,1,1,1,Bachelor,2.4,4,6.0,3.6,2.18,High
2235,18,F,Business,1,64.0,58.2,53.6,24.9,1,1,1,Graduate,,2,5.0,8.3,2.03,Medium
2236,18,F,Business,1,80.0,64.7,91.3,27.1,2,0,0,Graduate,,2,5.0,9.5,2.63,Medium
2237,20,F,Engineering,1,15.4,21.1,31.4,10.5,0,1,1,HighSchool,,1,1.0,2.1,0.74,High
2238,19,F,Computer Science,2,64.0,71.6,69.3,27.9,3,0,1,Bachelor,3.07,2,8.0,7.8,2.61,Medium
2239,20,M,Science,1,16.9,17.6,10.5,5.8,0,1,1,None,,0,1.0,0.4,0.46,High
2240,18,F,Computer Science,1,65.3,65.3,59.3,25.6,0,1,1,Graduate,,3,3.0,6.0,2.27,Medium
2241,22,F,Computer Science,4,57.5,65.8,69.5,27.1,1,0,1,HighSchool,2.6,4,6.0,8.0,2.36,High
2242,19,M,Science,2,68.8,69.2,64.0,25.1,1,1,1,Bachelor,2.03,1,0.0,9.2,2.4,Medium
2243,21,F,Arts,2,68.4,62.4,51.2,23.1,2,1,0,Graduate,2.51,4,4.0,7.2,2.4,Medium
2244,18,F,Business,1,58.4,50.8,65.9,24.8,2,0,1,HighSchool,,3,7.0,6.6,2.05,Medium
2245,20,M,Engineering,2,95.7,80.0,68.4,30.8,1,0,0,Graduate,3.35,0,9.0,9.0,2.96,Low
2246,18,F,Computer Science,1,43.2,70.1,69.8,27.6,0,0,0,None,,2,2.0,5.0,2.27,Medium
2247,20,F,Computer Science,3,59.6,41.4,53.7,21.2,1,0,0,HighSchool,1.87,4,4.0,5.5,1.78,High
2248,18,F,Engineering,1,57.6,67.3,60.7,20.0,0,0,0,Bachelor,,1,5.0,8.5,2.17,Medium
2249,23,M,Business,4,54.6,60.7,62.8,27.4,2,1,0,HighSchool,2.26,1,8.0,8.9,2.16,Medium
2250,22,F,Engineering,4,49.4,37.1,58.7,10.1,2,0,1,Bachelor,2.5,0,5.0,4.1,1.85,High
2251,19,M,Computer Science,1,33.3,44.7,55.5,16.0,1,1,1,Graduate,,4,3.0,4.8,1.52,High
2252,19,F,Engineering,1,56.4,50.6,49.8,12.7,1,1,1,HighSchool,,4,3.0,7.8,1.59,High
2253,20,M,Arts,1,61.6,45.2,50.9,23.3,0,1,0,Bachelor,,7,5.0,3.2,1.69,High
2254,21,F,Computer Science,3,52.9,49.6,54.0,19.8,2,0,0,Graduate,1.86,2,3.0,9.1,1.86,High
2255,19,F,Computer Science,1,72.7,63.4,70.9,21.3,3,0,1,Bachelor,,0,9.0,7.6,2.39,Medium
2256,21,F,Business,4,45.4,43.2,61.9,14.0,0,1,1,None,1.53,4,3.0,6.8,1.6,High
2257,20,F,Arts,3,61.8,46.1,46.8,13.4,1,0,0,Graduate,1.86,2,3.0,5.3,1.69,Medium
2258,20,F,Engineering,3,,46.9,58.0,15.9,1,0,1,None,1.68,3,1.0,7.0,1.69,High
2259,20,F,Arts,2,17.0,16.1,16.2,2.2,0,1,1,Bachelor,0.18,5,,4.7,0.21,High
2260,21,M,Business,4,49.8,63.2,40.5,16.1,1,0,1,Bachelor,2.18,3,6.0,6.5,1.79,High
2261,18,F,Computer Science,1,69.6,75.1,85.4,32.5,0,0,1,Bachelor,,0,7.0,12.8,2.79,Low
2262,19,F,Engineering,2,41.9,33.2,51.2,16.6,0,0,1,HighSchool,1.24,2,6.0,5.9,1.3,High
2263,19,Other,Computer Science,2,66.2,59.7,52.8,13.6,0,0,1,HighSchool,1.91,1,5.0,4.6,1.76,Medium
2264,23,Other,Arts,4,57.0,59.3,50.4,14.9,0,1,0,Bachelor,2.22,0,4.0,7.2,1.84,Medium
2265,20,F,Computer Science,2,28.9,23.3,32.6,7.9,0,0,0,HighSchool,0.88,3,2.0,2.2,0.93,High
2266,22,F,Business,3,,50.2,55.6,19.6,1,1,0,Bachelor,2.09,2,7.0,3.3,2.12,Medium
2267,19,F,Engineering,1,50.9,52.4,46.2,,1,1,1,Bachelor,,7,3.0,7.0,1.73,High
2268,23,M,Engineering,4,89.4,79.9,72.9,33.6,4,0,1,Bachelor,3.69,0,9.0,12.1,3.19,Low
2269,19,F,Engineering,2,16.5,36.2,34.4,15.9,0,0,0,HighSchool,1.06,2,2.0,5.2,0.88,High
2270,20,F,Business,2,38.2,37.9,52.8,18.7,0,0,1,HighSchool,1.29,1,5.0,8.1,1.48,High
2271,23,F,Science,4,54.4,45.4,53.5,26.6,5,1,0,Graduate,1.9,3,7.0,7.6,1.67,High
2272,20,F,Science,2,21.9,9.5,22.3,18.7,1,1,0,HighSchool,0.34,4,2.0,1.2,0.55,High
2273,21,M,Science,2,55.0,60.0,55.3,10.7,0,0,1,None,2.17,4,5.0,5.5,1.84,High
2274,20,M,Engineering,3,51.5,49.1,59.9,8.4,3,0,0,HighSchool,1.74,2,5.0,7.7,1.43,High
2275,18,F,Engineering,1,58.6,46.9,35.9,13.6,2,0,0,HighSchool,,6,2.0,5.7,1.6,High
2276,21,M,Engineering,2,62.3,67.1,65.8,24.9,1,0,0,Graduate,2.96,1,8.0,7.9,2.43,Medium
2277,18,M,Business,1,53.8,46.0,55.9,13.3,0,0,0,HighSchool,,5,6.0,3.1,1.55,High
2278,20,M,Business,1,27.5,29.3,23.1,11.0,2,0,1,None,,4,1.0,2.0,0.84,High
2279,23,F,Engineering,4,43.3,35.0,45.3,8.3,0,1,1,Bachelor,0.84,6,0.0,4.6,0.98,High
2280,22,F,Computer Science,3,20.1,25.6,49.1,6.7,0,0,1,None,0.88,3,2.0,0.0,1.01,High
2281,20,M,Computer Science,2,45.7,36.8,46.1,12.7,2,0,1,HighSchool,1.74,4,0.0,0.6,1.44,High
2282,21,M,Science,2,46.7,49.2,49.7,16.2,0,1,0,Graduate,1.86,3,6.0,7.4,1.78,High
2283,19,M,Computer Science,2,53.6,47.4,62.8,21.3,0,1,1,Bachelor,2.16,1,5.0,5.2,2.06,Medium
2284,21,M,Engineering,3,47.6,49.3,41.1,10.5,2,0,0,None,1.39,1,3.0,5.4,1.27,High
2285,21,F,Engineering,4,32.1,34.3,16.7,8.0,0,1,0,HighSchool,0.6,5,0.0,6.5,0.76,High
2286,23,F,Computer Science,4,57.5,43.0,49.8,18.4,0,0,1,HighSchool,1.86,2,3.0,3.7,1.64,High
2287,21,M,Science,2,67.2,67.8,74.6,24.7,0,1,0,HighSchool,2.88,1,6.0,5.5,2.51,Medium
2288,21,F,Computer Science,2,81.8,84.5,89.6,35.9,0,0,0,Bachelor,3.41,0,12.0,10.2,3.29,Low
2289,21,M,Science,2,33.3,34.8,31.8,7.0,1,1,0,Bachelor,1.53,3,5.0,2.5,1.18,High
2290,19,M,Arts,2,47.1,49.6,48.2,11.5,1,0,1,Bachelor,1.86,2,3.0,5.6,1.73,High
2291,19,F,Computer Science,2,43.6,46.1,56.3,16.4,0,1,0,Graduate,1.82,4,2.0,6.5,1.75,High
2292,22,F,Computer Science,3,47.2,44.6,56.0,20.5,2,1,0,HighSchool,2.26,2,5.0,7.3,1.8,High
2293,20,F,Business,2,77.2,50.4,54.6,20.1,2,0,1,Graduate,2.54,0,6.0,8.3,2.37,Medium
2294,19,M,Business,2,62.9,61.2,75.3,28.3,0,0,0,Bachelor,2.67,0,4.0,10.1,2.57,Medium
2295,21,M,Computer Science,2,93.4,81.9,76.7,36.7,3,0,1,HighSchool,3.31,0,8.0,11.3,3.09,Low
2296,21,M,Science,2,73.9,68.3,80.6,23.4,1,0,0,Graduate,2.78,1,8.0,8.6,2.65,Medium
2297,19,F,Computer Science,1,38.5,44.0,27.8,16.7,0,1,1,None,,5,1.0,5.2,1.31,High
2298,20,Other,Science,1,62.8,57.0,58.3,10.6,1,1,1,Bachelor,,2,3.0,3.9,1.85,Medium
2299,20,M,Computer Science,3,46.0,61.8,58.7,22.3,1,0,0,Bachelor,2.08,2,4.0,8.5,2.28,High
2300,19,F,Science,2,69.9,72.9,65.6,19.9,2,0,1,HighSchool,2.59,0,6.0,8.2,2.65,Low
2301,18,F,Computer Science,1,63.8,56.0,41.7,20.3,0,1,0,Graduate,,3,4.0,3.4,1.81,High
2302,20,F,Business,2,73.5,60.3,50.8,21.2,1,0,1,HighSchool,2.79,1,15.0,7.8,2.38,Low
2303,20,M,Engineering,3,59.8,52.4,66.8,17.7,1,1,1,Graduate,1.91,2,3.0,8.4,1.93,Medium
2304,18,F,Computer Science,1,31.9,37.9,35.3,4.9,0,0,1,None,,3,2.0,1.5,0.95,High
2305,23,M,Arts,4,35.0,36.7,47.7,9.6,1,0,1,HighSchool,1.14,3,4.0,4.6,1.22,High
2306,23,F,Business,4,36.7,40.9,47.9,18.8,0,0,1,HighSchool,1.11,4,5.0,5.9,1.39,High
2307,22,F,Engineering,3,71.6,55.3,71.2,23.0,1,0,1,Graduate,2.24,0,8.0,8.2,2.13,Medium
2308,22,F,Engineering,3,20.1,31.9,20.7,11.9,0,1,0,HighSchool,0.24,1,1.0,0.0,0.67,High
2309,20,F,Engineering,1,59.4,62.2,72.9,23.1,1,0,1,Graduate,,1,5.0,8.4,2.45,Medium
2310,22,F,Computer Science,4,31.9,18.4,47.6,15.4,1,1,1,HighSchool,0.85,3,0.0,0.7,1.08,High
2311,20,F,Computer Science,2,61.2,58.6,63.4,15.2,0,1,1,Bachelor,2.59,0,3.0,6.6,2.27,Medium
2312,23,F,Computer Science,4,53.6,38.8,73.2,18.4,5,0,0,HighSchool,2.16,1,6.0,4.6,2.09,Medium
2313,20,F,Business,2,49.0,32.5,31.3,10.6,1,0,0,HighSchool,1.02,1,2.0,4.5,1.29,High
2314,18,M,Computer Science,1,48.8,72.0,43.4,24.9,2,1,1,Graduate,,1,2.0,4.0,2.02,Medium
2315,20,Other,Science,1,23.1,33.6,47.6,11.8,2,1,1,HighSchool,,0,1.0,4.2,1.25,High
2316,20,F,Engineering,3,92.1,71.3,75.0,22.1,4,0,0,Bachelor,3.55,1,6.0,12.7,3.3,Low
2317,21,F,Engineering,2,37.5,49.2,67.9,11.3,0,0,0,Bachelor,1.7,3,3.0,8.2,1.74,High
2318,19,F,Business,1,23.1,33.6,53.8,8.6,2,1,0,Bachelor,,3,5.0,2.1,1.1,High
2319,22,F,Business,3,51.2,50.8,60.3,18.5,2,0,0,Bachelor,1.58,6,2.0,3.9,1.78,High
2320,21,M,Engineering,4,39.6,33.5,50.1,15.8,2,1,1,Graduate,1.31,3,4.0,6.2,1.41,High
2321,20,F,Business,2,70.7,66.7,58.9,22.1,4,0,0,Bachelor,2.63,1,6.0,9.5,2.34,Medium
2322,20,M,Business,2,49.7,44.8,41.9,16.0,3,1,0,Bachelor,2.01,2,5.0,5.2,1.62,High
2323,19,M,Business,1,,96.7,90.9,32.1,5,0,0,Bachelor,,0,11.0,9.1,3.18,Low
2324,20,M,Engineering,3,57.2,68.1,54.0,18.7,0,1,0,Bachelor,2.62,0,6.0,8.2,2.32,Medium
2325,21,M,Science,2,86.2,82.5,96.3,33.2,2,0,1,HighSchool,3.58,1,6.0,7.1,3.19,Low
2326,22,M,Computer Science,4,50.6,57.4,66.6,22.5,1,0,0,Bachelor,2.18,1,3.0,8.4,2.13,High
2327,21,F,Engineering,2,48.3,42.5,48.5,14.3,2,0,0,HighSchool,1.74,3,3.0,7.6,1.6,High
2328,20,M,Computer Science,2,25.5,26.5,39.1,10.8,1,1,0,Bachelor,0.74,5,0.0,2.6,0.87,High
2329,18,F,Business,1,86.6,75.2,84.8,30.6,5,0,1,Graduate,,0,4.0,7.6,3.01,Low
2330,20,M,Arts,1,77.1,84.4,71.9,28.7,1,0,1,Graduate,,1,6.0,12.1,2.55,Low
2331,20,F,Computer Science,3,63.5,55.2,72.4,15.6,2,1,0,Bachelor,2.14,2,4.0,7.7,1.98,Medium
2332,19,F,Engineering,2,47.8,29.6,58.6,17.1,0,0,1,Bachelor,1.25,1,7.0,6.6,1.39,High
2333,21,M,Business,2,64.9,57.3,68.1,27.7,2,0,0,Bachelor,2.71,1,5.0,5.6,2.64,Medium
2334,23,F,Computer Science,4,42.8,48.9,40.6,15.0,1,1,1,HighSchool,1.38,4,5.0,2.3,1.71,High
2335,23,F,Science,4,54.1,50.2,64.8,20.2,1,1,0,Bachelor,2.08,2,2.0,7.1,2.0,Medium
2336,22,F,Business,4,7.6,29.0,17.7,8.0,2,1,1,HighSchool,0.65,6,0.0,5.2,0.62,High
2337,20,M,Arts,1,58.2,60.8,58.5,21.7,0,0,1,None,,2,4.0,4.1,1.75,Medium
2338,20,F,Business,3,89.6,78.2,89.6,31.7,2,0,0,Graduate,3.65,0,6.0,10.6,3.42,Low
2339,23,F,Science,4,48.7,49.4,41.2,10.2,1,1,0,Graduate,1.64,4,2.0,2.1,1.58,High
2340,20,M,Business,2,63.2,65.9,79.4,29.1,1,0,0,Bachelor,2.89,1,8.0,7.5,2.73,Medium
2341,18,F,Business,1,11.5,22.5,23.0,0.0,0,1,0,HighSchool,,9,1.0,1.0,0.21,High
2342,21,M,Arts,3,64.0,67.1,66.6,26.6,5,0,0,Bachelor,2.66,1,6.0,9.8,2.75,Medium
2343,20,F,Business,2,20.0,16.8,31.0,2.0,0,1,0,HighSchool,0.06,3,0.0,0.0,0.56,High
2344,19,M,Business,2,30.4,48.4,37.0,12.1,1,1,1,Bachelor,1.59,5,3.0,7.6,1.44,High
2345,22,M,Science,4,45.6,57.9,61.9,18.8,1,0,0,Graduate,1.91,5,5.0,6.0,2.0,High
2346,21,Other,Engineering,3,50.8,45.8,33.8,12.9,1,0,1,HighSchool,1.79,1,6.0,8.2,1.6,High
2347,19,F,Arts,2,58.4,58.4,65.7,24.1,3,0,0,HighSchool,2.75,2,3.0,9.1,2.51,Medium
2348,19,F,Engineering,2,12.9,35.2,28.7,6.1,0,0,0,HighSchool,0.46,5,1.0,4.0,0.48,High
2349,21,F,Science,2,23.5,24.6,20.8,1.9,0,1,0,None,0.25,2,0.0,5.8,0.2,High
2350,19,M,Science,1,49.4,40.1,48.9,19.3,0,0,1,HighSchool,,5,2.0,3.4,1.38,High
2351,21,M,Engineering,3,65.1,53.6,59.4,21.3,2,0,0,None,2.26,3,3.0,7.4,2.02,Medium
2352,22,M,Business,4,63.7,63.2,66.6,22.1,3,0,0,HighSchool,2.28,1,5.0,4.9,2.17,Medium
2353,19,F,Computer Science,1,17.3,23.8,31.9,11.1,1,1,1,HighSchool,,3,0.0,1.9,0.87,High
2354,20,M,Engineering,2,40.8,42.3,50.0,19.8,0,0,1,HighSchool,1.94,3,4.0,6.5,1.68,High
2355,22,F,Science,4,81.7,83.1,84.8,33.2,3,0,1,Bachelor,3.55,0,6.0,12.9,3.25,Low
2356,20,M,Business,1,50.8,51.9,48.3,15.6,4,1,0,HighSchool,,2,2.0,5.2,1.55,High
2357,21,M,Computer Science,2,55.1,57.7,57.6,14.8,0,0,0,Graduate,2.25,2,3.0,4.8,1.89,High
2358,19,M,Business,2,42.3,54.7,51.0,16.2,1,0,1,HighSchool,1.87,4,2.0,5.6,1.74,High
2359,22,M,Engineering,3,39.0,45.0,38.3,15.5,0,1,1,HighSchool,1.12,1,2.0,2.3,1.22,High
2360,20,M,Science,1,34.9,32.2,41.4,9.2,1,0,1,None,,7,0.0,1.8,1.02,High
2361,20,F,Computer Science,3,25.8,35.7,31.0,0.0,0,1,0,Bachelor,0.83,0,0.0,3.9,0.93,High
2362,21,M,Engineering,2,41.5,30.1,36.9,,0,1,0,HighSchool,0.84,2,4.0,4.1,1.22,High
2363,21,F,Arts,3,66.6,74.3,59.3,29.1,2,1,1,Bachelor,2.87,0,5.0,10.4,2.64,Medium
2364,20,F,Science,1,29.2,51.7,55.1,13.5,1,0,1,HighSchool,,2,2.0,4.6,1.79,High
2365,20,F,Computer Science,2,78.1,76.7,66.0,29.3,2,0,0,Graduate,2.86,0,,10.8,2.78,Medium
2366,21,F,Science,2,46.1,58.4,46.0,20.4,1,0,1,HighSchool,1.92,4,6.0,6.3,1.9,High
2367,18,M,Engineering,1,83.3,85.5,94.5,27.6,4,0,1,HighSchool,,1,10.0,9.9,3.2,Low
2368,18,M,Arts,1,60.0,84.8,77.7,31.1,1,0,0,Graduate,,1,7.0,6.8,2.84,Medium
2369,20,M,Computer Science,1,60.3,61.5,74.5,18.5,1,0,0,HighSchool,,0,6.0,4.0,2.19,Medium
2370,20,Other,Engineering,2,16.4,30.0,38.6,8.7,2,1,1,HighSchool,0.9,2,3.0,0.2,1.07,High
2371,19,F,Engineering,1,54.4,55.4,58.1,19.3,1,0,0,Bachelor,,1,4.0,7.4,1.93,Medium
2372,21,M,Business,4,35.0,37.1,40.7,9.3,0,1,1,HighSchool,1.39,5,4.0,2.7,1.29,High
2373,19,M,Business,2,14.7,4.6,29.5,4.7,0,1,1,None,0.48,5,0.0,0.0,0.46,High
2374,22,F,Engineering,3,44.7,46.3,49.2,16.5,2,1,0,HighSchool,1.17,0,1.0,3.3,1.56,High
2375,21,F,Engineering,4,41.6,30.8,40.7,16.8,1,1,1,None,1.52,1,1.0,4.8,1.45,High
2376,19,F,Computer Science,1,36.2,50.5,68.4,19.6,0,1,0,Graduate,,2,5.0,6.7,1.69,High
2377,20,F,Business,3,66.9,50.5,60.7,14.7,0,0,0,Bachelor,2.45,0,6.0,7.4,2.43,Medium
2378,21,F,Computer Science,4,74.2,74.8,60.3,20.4,0,0,1,Bachelor,2.83,3,7.0,8.8,2.65,Medium
2379,20,F,Science,3,24.0,22.5,18.3,8.2,0,1,1,HighSchool,1.17,4,0.0,1.8,0.8,High
2380,21,M,Science,2,67.3,57.4,53.2,23.4,4,1,0,Bachelor,2.55,0,6.0,9.5,2.17,Medium
2381,21,M,Business,2,52.8,52.4,50.1,15.4,1,1,1,Bachelor,1.85,3,4.0,5.8,1.89,High
2382,18,Other,Computer Science,1,13.8,18.3,25.7,13.1,0,1,1,None,,5,2.0,2.0,0.54,High
2383,20,F,Computer Science,2,40.4,38.9,51.4,14.4,1,0,1,Graduate,1.44,3,2.0,7.1,1.55,High
2384,22,M,Engineering,4,65.5,56.5,57.2,21.4,2,0,1,Bachelor,2.18,0,9.0,8.3,2.25,Medium
2385,22,F,Science,4,50.3,60.8,64.1,23.2,1,1,0,Bachelor,2.36,1,4.0,6.4,2.13,Medium
2386,20,M,Engineering,1,69.7,68.7,75.5,27.7,2,0,0,HighSchool,,0,9.0,8.8,2.53,Low
2387,20,F,Computer Science,3,58.6,51.0,60.0,30.8,1,0,1,HighSchool,2.28,1,8.0,6.5,2.15,Medium
2388,19,M,Computer Science,2,59.0,65.9,62.5,20.0,2,1,0,Bachelor,2.59,3,4.0,4.2,2.22,Medium
2389,22,F,Computer Science,4,28.9,47.3,57.9,11.8,0,0,1,Bachelor,1.43,4,2.0,7.3,1.49,High
2390,19,F,Science,1,45.2,58.5,38.6,12.5,1,0,0,HighSchool,,1,2.0,4.4,1.64,High
2391,21,M,Engineering,4,53.1,35.1,48.0,20.1,2,1,0,None,1.48,2,6.0,6.7,1.62,High
2392,23,M,Engineering,4,47.5,45.8,49.3,19.4,0,0,0,Bachelor,1.99,2,2.0,5.8,1.7,High
2393,18,F,Business,1,54.9,61.2,61.6,16.1,3,1,0,HighSchool,,0,1.0,9.2,2.12,Medium
2394,18,M,Science,1,44.7,74.1,61.9,17.9,3,0,0,HighSchool,,3,4.0,8.5,1.98,High
2395,22,M,Business,4,57.9,46.9,56.1,24.2,0,1,1,Bachelor,2.01,6,6.0,8.4,2.01,High
2396,19,F,Science,1,29.5,26.2,33.1,10.5,2,0,1,None,,1,1.0,2.2,0.82,High
2397,19,M,Science,2,12.9,24.9,37.8,10.7,1,0,0,None,0.25,9,0.0,0.0,0.72,High
2398,21,M,Engineering,4,63.8,56.8,62.6,21.4,4,0,0,None,2.51,0,3.0,7.8,2.24,Medium
2399,19,M,Science,2,85.5,74.5,96.0,31.8,0,0,1,Graduate,3.15,0,10.0,6.4,3.17,Low
2400,20,F,Business,2,47.0,56.5,59.1,20.2,4,0,0,HighSchool,2.16,1,4.0,5.7,2.12,Medium
2401,20,M,Engineering,2,46.0,55.1,47.3,12.0,2,1,0,Bachelor,1.62,4,2.0,2.8,1.43,High
2402,18,M,Computer Science,1,72.2,51.9,61.6,21.2,3,1,0,Graduate,,5,1.0,5.9,2.15,Medium
2403,22,M,Engineering,4,62.8,73.3,68.9,17.8,3,0,1,Bachelor,2.08,2,6.0,9.0,2.14,Medium
2404,21,M,Computer Science,2,49.5,51.6,53.0,21.4,0,1,1,Bachelor,2.56,0,7.0,7.9,2.13,Medium
2405,18,M,Computer Science,1,60.3,62.7,63.2,24.5,0,1,1,Bachelor,,1,6.0,7.1,2.15,Medium
2406,20,M,Computer Science,1,32.3,39.7,32.6,11.8,0,1,1,HighSchool,,3,2.0,3.6,1.3,High
2407,21,M,Business,4,28.7,42.2,45.8,15.4,1,0,1,Bachelor,1.2,4,1.0,3.5,1.15,High
2408,18,M,Engineering,1,80.0,70.1,75.9,26.0,1,0,0,Graduate,,1,8.0,14.0,2.69,Low
2409,21,F,Business,4,16.6,30.6,33.0,12.7,1,1,0,Bachelor,0.55,4,4.0,3.1,0.69,High
2410,20,M,Business,3,46.8,44.3,49.1,18.6,2,0,0,HighSchool,1.47,8,3.0,4.2,1.62,High
2411,21,M,Science,4,37.3,46.5,58.4,19.5,2,0,0,HighSchool,1.61,5,1.0,6.7,1.9,High
2412,22,F,Science,4,65.3,66.0,72.0,30.3,0,1,1,Graduate,2.46,1,4.0,11.0,2.41,Medium
2413,22,F,Computer Science,4,93.9,83.8,99.1,28.4,0,0,0,HighSchool,3.16,2,5.0,8.4,3.16,Low
2414,23,F,Business,4,19.6,23.5,37.4,11.4,2,1,0,Graduate,1.15,6,1.0,0.8,0.94,High
2415,19,M,Engineering,1,90.3,74.7,89.7,33.7,3,0,0,HighSchool,,0,11.0,8.1,3.2,Low
2416,21,M,Arts,3,60.1,36.9,43.7,11.0,2,1,1,Bachelor,1.49,2,3.0,4.2,1.45,Medium
2417,20,M,Business,2,61.0,54.5,68.2,14.6,1,1,1,Bachelor,1.97,1,5.0,6.6,2.11,Medium
2418,19,M,Arts,2,16.7,19.5,28.5,3.3,0,1,1,Bachelor,0.93,2,1.0,0.0,0.73,High
2419,23,M,Computer Science,4,43.7,48.6,59.4,18.0,3,1,0,HighSchool,1.62,5,2.0,5.7,1.96,Medium
2420,21,F,Business,4,56.7,53.3,60.7,20.4,2,1,0,Graduate,2.68,1,4.0,7.2,2.02,Medium
2421,22,M,Arts,3,50.3,59.5,55.3,10.9,3,0,1,HighSchool,1.61,4,5.0,6.5,1.72,High
2422,21,F,Engineering,2,15.8,11.6,21.4,4.1,0,1,1,HighSchool,0.19,7,1.0,2.7,0.29,High
2423,21,M,Science,2,41.0,42.0,47.1,17.1,3,1,1,Bachelor,1.95,2,6.0,7.0,1.71,High
2424,20,M,Computer Science,2,56.6,63.6,61.3,26.8,1,0,0,HighSchool,2.45,0,6.0,11.3,2.37,Medium
2425,19,F,Computer Science,2,51.7,69.0,71.5,28.1,1,0,0,Bachelor,2.02,2,4.0,9.2,2.22,Medium
2426,21,F,Computer Science,2,67.3,65.6,71.5,25.9,0,0,1,HighSchool,3.02,0,6.0,8.8,2.71,Low
2427,18,M,Computer Science,1,84.0,65.6,56.9,21.0,3,0,1,HighSchool,,1,4.0,6.3,2.36,Medium
2428,19,F,Computer Science,1,44.3,60.6,62.7,20.2,3,1,1,Graduate,,2,3.0,4.9,2.18,Medium
2429,22,M,Engineering,3,51.7,64.5,53.1,20.6,2,0,0,None,2.14,3,6.0,4.3,1.71,High
2430,21,M,Engineering,2,53.7,64.1,68.8,20.8,2,0,0,Bachelor,2.22,1,6.0,7.9,2.43,Medium
2431,23,F,Engineering,4,67.9,57.1,67.3,18.4,2,0,0,Bachelor,2.65,2,7.0,8.3,2.66,Medium
2432,20,M,Business,3,75.3,75.6,78.2,24.7,4,0,1,Graduate,2.64,1,5.0,11.0,2.45,Low
2433,20,M,Computer Science,1,43.9,41.4,68.2,16.7,2,1,0,Bachelor,,0,8.0,6.7,1.82,High
2434,18,F,Arts,1,17.0,19.3,21.4,8.9,0,0,0,Bachelor,,5,1.0,4.3,0.76,High
2435,19,M,Computer Science,1,40.7,57.4,55.0,17.9,1,0,0,HighSchool,,3,2.0,7.8,1.87,High
2436,23,M,Science,4,30.5,40.0,44.8,16.1,2,0,1,HighSchool,0.48,5,1.0,1.2,1.15,High
2437,19,M,Computer Science,1,100.0,86.3,78.2,34.0,5,1,0,Graduate,,0,8.0,9.7,3.19,Low
2438,21,F,Engineering,2,91.8,69.2,76.9,32.7,2,1,0,Graduate,3.34,0,13.0,10.7,2.83,Low
2439,22,F,Science,4,74.9,64.0,71.0,25.4,3,0,1,Bachelor,3.02,1,7.0,,2.86,Low
2440,21,M,Engineering,4,52.9,52.4,61.7,15.9,0,0,1,Bachelor,2.12,3,4.0,6.5,2.05,High
2441,18,M,Engineering,1,35.1,45.2,37.9,13.2,0,0,1,Bachelor,,4,3.0,6.1,1.51,High
2442,19,F,Arts,1,29.3,18.0,35.4,4.3,0,0,1,None,,1,0.0,2.4,0.64,High
2443,20,M,Computer Science,1,93.8,81.9,72.4,21.2,5,1,0,Graduate,,0,8.0,10.8,2.67,Low
2444,19,F,Arts,1,47.2,63.2,63.6,13.3,0,0,1,Bachelor,,1,2.0,4.2,1.94,Medium
2445,20,F,Science,1,34.0,30.3,35.7,13.8,0,0,1,Bachelor,,10,1.0,3.8,1.1,High
2446,20,M,Science,2,66.7,66.0,81.2,24.7,2,0,0,HighSchool,2.73,1,5.0,8.9,2.79,Medium
2447,21,M,Business,4,80.2,63.9,77.4,,4,0,1,HighSchool,3.13,0,8.0,7.5,2.71,Medium
2448,19,M,Business,2,78.9,61.8,71.6,28.5,0,0,0,HighSchool,2.95,0,5.0,6.7,2.67,Low
2449,21,M,Arts,3,77.2,66.4,69.4,19.9,1,0,0,Bachelor,3.11,0,4.0,12.0,3.07,Low
2450,20,M,Engineering,1,73.6,65.6,79.8,29.8,0,0,0,Bachelor,,0,9.0,13.4,2.63,Low
2451,22,F,Business,3,49.7,51.3,52.9,22.4,1,0,0,HighSchool,1.4,4,6.0,6.6,1.72,High
2452,20,M,Computer Science,3,35.5,34.1,44.7,8.6,0,0,1,Bachelor,0.9,3,1.0,2.6,1.0,High
2453,22,F,Computer Science,4,58.4,54.1,55.2,14.6,2,1,0,Graduate,2.35,1,4.0,9.6,2.14,Medium
2454,23,F,Business,4,63.5,59.7,76.7,19.1,1,0,1,HighSchool,2.36,0,6.0,8.2,2.21,Medium
2455,20,M,Computer Science,2,51.2,68.9,70.7,25.8,2,0,0,Bachelor,2.12,1,7.0,6.8,2.14,Medium
2456,18,M,Computer Science,1,65.3,71.7,58.3,21.4,2,0,0,Bachelor,,1,1.0,9.1,2.19,Medium
2457,19,M,Computer Science,1,25.1,31.4,44.6,1.0,0,1,0,HighSchool,,1,1.0,1.0,0.9,High
2458,19,F,Science,2,24.4,34.8,33.2,20.5,1,1,0,Bachelor,1.06,5,1.0,2.6,1.08,High
2459,21,M,Computer Science,4,77.6,80.9,78.0,23.0,2,1,1,Bachelor,3.0,2,9.0,10.4,2.89,Medium
2460,20,F,Computer Science,2,87.4,85.7,66.7,27.3,1,0,1,HighSchool,3.41,0,7.0,10.0,3.27,Low
2461,20,F,Business,3,27.9,25.4,57.5,8.3,2,1,0,HighSchool,0.91,2,4.0,5.8,1.02,High
2462,20,F,Computer Science,2,69.9,85.3,62.5,23.5,4,0,1,Graduate,3.45,0,7.0,11.9,2.82,Medium
2463,19,Other,Science,1,21.8,22.0,18.5,4.8,0,1,1,HighSchool,,5,0.0,0.0,0.57,High
2464,20,F,Science,2,77.3,55.3,55.8,23.4,3,1,1,Bachelor,2.19,3,9.0,7.4,2.04,Medium
2465,21,F,Business,3,83.0,81.1,94.3,36.6,4,0,0,Bachelor,3.74,0,14.0,14.6,3.21,Low
2466,20,F,Business,3,53.5,51.8,59.8,15.3,1,0,0,Graduate,1.86,2,2.0,,1.96,Medium
2467,21,F,Business,2,71.5,59.2,69.3,20.2,1,0,1,Bachelor,3.03,3,10.0,7.0,2.57,Medium
2468,20,F,Computer Science,1,77.9,76.6,87.2,31.1,1,0,1,Graduate,,0,6.0,5.6,2.96,Low
2469,22,F,Business,3,59.7,61.1,58.4,22.2,5,1,0,Bachelor,2.66,5,5.0,7.3,2.05,High
2470,20,M,Computer Science,1,72.7,74.5,77.2,27.8,3,0,1,HighSchool,,1,7.0,10.4,2.61,Medium
2471,22,F,Computer Science,4,67.7,70.7,82.4,25.8,4,1,0,HighSchool,2.79,1,5.0,9.7,2.51,Medium
2472,20,F,Engineering,1,21.0,34.0,37.7,10.6,2,1,1,HighSchool,,2,0.0,2.0,1.08,High
2473,19,F,Computer Science,1,60.6,64.3,55.1,21.4,2,0,0,HighSchool,,5,4.0,,2.05,High
2474,19,M,Computer Science,2,58.5,58.6,57.4,16.8,1,0,1,HighSchool,2.36,4,10.0,6.6,2.09,High
2475,21,F,Engineering,2,,48.1,50.2,17.5,1,0,0,HighSchool,1.5,3,4.0,4.8,1.47,High
2476,19,F,Business,2,51.1,46.3,47.2,23.0,0,1,0,HighSchool,1.71,3,3.0,2.9,1.6,High
2477,21,Other,Computer Science,2,49.4,52.0,56.3,15.7,1,0,1,None,1.72,4,2.0,5.5,1.69,High
2478,22,M,Computer Science,4,53.0,59.1,53.7,18.3,2,0,0,HighSchool,2.09,3,1.0,4.8,2.01,Medium
2479,21,F,Computer Science,2,42.9,66.9,51.8,17.2,1,0,1,Bachelor,1.65,0,3.0,2.0,1.73,High
2480,20,F,Computer Science,2,38.7,52.0,49.5,11.6,2,1,1,Bachelor,1.38,4,5.0,6.4,1.34,High
2481,20,F,Arts,2,42.9,53.5,58.6,21.8,3,0,0,Bachelor,1.95,4,4.0,6.9,1.78,High
2482,18,F,Science,1,46.4,42.3,64.2,18.2,1,0,0,Bachelor,,2,3.0,7.0,1.69,High
2483,22,F,Business,3,68.2,63.1,69.3,21.7,1,1,1,Graduate,2.58,0,4.0,7.1,2.38,Medium
2484,18,F,Business,1,82.4,64.0,65.3,27.6,1,0,1,Bachelor,,3,6.0,9.6,2.3,Medium
2485,21,M,Arts,3,53.9,53.3,56.5,17.0,0,0,1,None,1.71,2,3.0,8.0,1.73,Medium
2486,19,Other,Engineering,1,53.4,54.1,68.9,17.0,0,0,0,Graduate,,3,3.0,10.8,2.14,Medium
2487,22,M,Computer Science,4,13.2,36.3,38.2,8.9,0,0,1,None,0.85,5,0.0,4.5,0.86,High
2488,19,F,Computer Science,2,85.2,72.5,88.2,31.8,0,0,0,Bachelor,3.64,0,10.0,11.4,3.1,Low
2489,22,F,Business,4,53.9,36.3,38.4,19.9,1,1,1,Bachelor,1.5,3,0.0,2.9,1.22,High
2490,20,M,Engineering,2,36.7,39.0,23.2,16.0,0,1,0,HighSchool,1.19,2,5.0,4.3,1.41,High
2491,18,M,Computer Science,1,63.5,52.2,70.2,20.0,1,0,0,Bachelor,,3,4.0,4.3,2.23,Medium
2492,21,M,Business,4,66.7,57.1,70.7,21.9,2,0,1,HighSchool,2.76,1,2.0,6.6,2.5,Medium
2493,22,F,Business,3,58.5,47.9,54.6,18.0,1,0,1,None,2.24,1,5.0,10.3,2.14,Medium
2494,20,F,Business,3,27.0,35.8,49.8,14.6,0,1,0,None,1.66,3,5.0,2.7,1.52,High
2495,19,M,Business,2,35.3,25.9,45.5,8.6,0,1,1,None,1.13,5,3.0,0.0,1.05,High
2496,21,F,Engineering,3,5.1,14.2,34.6,4.7,0,1,0,None,0.22,3,1.0,3.1,0.27,High
2497,21,M,Engineering,4,87.2,73.2,85.2,28.2,2,1,0,Bachelor,3.51,0,6.0,,3.36,Low
2498,21,F,Computer Science,3,61.5,62.0,56.5,26.1,3,1,0,Bachelor,2.27,0,5.0,9.2,2.18,Medium
2499,19,M,Computer Science,2,41.8,50.7,40.5,11.6,1,1,0,Bachelor,2.01,6,5.0,2.7,1.59,High
2500,21,M,Science,3,82.9,90.7,61.7,40.0,3,0,0,Bachelor,3.46,0,8.0,9.5,3.19,Low
